listing_id,first_seen,last_seen,times_seen
22338211,2026-08-05,2026-08-29T17:05:19,2
22966368,2026-08-05,2026-08-29T17:08:40,2
24118658,2026-08-05,2026-08-05,1
25452571,2026-08-05,2026-08-29T17:08:20,2
26232001,2026-08-05,2026-08-29T17:11:02,2
27004149,2026-08-05,2026-08-29T17:11:02,2
27247653,2026-08-05,2026-08-29T17:07:04,2
27451122,2026-08-05,2026-08-29T17:05:16,2
27892292,2026-08-05,2026-08-29T17:07:04,2
29907141,2026-08-05,2026-08-29T17:08:40,2
30224074,2026-08-05,2026-08-29T17:09:09,2
34147510,2026-08-29T16:44:26,2026-08-29T16:44:26,1
36123520,2026-08-29T16:50:15,2026-08-29T16:50:15,1
36216382,2026-08-29T16:53:56,2026-08-29T16:53:56,1
36324787,2026-08-05,2026-08-29T16:34:19,2
36551957,2026-08-05,2026-08-29T17:08:28,2
36639341,2026-08-29T16:50:15,2026-08-29T16:50:15,1
37537297,2026-08-05,2026-08-29T17:08:34,2
37567241,2026-08-05,2026-08-29T17:07:25,2
37573826,2026-08-05,2026-08-29T17:08:34,2
37595685,2026-08-05,2026-08-29T17:08:34,2
37597533,2026-08-05,2026-08-29T17:08:34,2
40055502,2026-08-05,2026-08-29T17:10:31,2
40123197,2026-08-29T16:50:15,2026-08-29T16:50:15,1
40445989,2026-08-05,2026-08-29T16:58:28,2
40777754,2026-08-05,2026-08-05,1
41155004,2026-08-05,2026-08-29T17:07:13,2
41168285,2026-08-05,2026-08-05,1
41312796,2026-08-29T16:46:04,2026-08-29T16:46:04,1
41549332,2026-08-29T16:53:12,2026-08-29T16:53:12,1
42060536,2026-08-29T16:46:04,2026-08-29T16:46:04,1
42357463,2026-08-05,2026-08-05,1
42451875,2026-08-29T16:46:04,2026-08-29T16:46:04,1
42744890,2026-08-05,2026-08-29T17:11:46,2
42817830,2026-08-29T16:36:51,2026-08-29T16:36:51,1
43168361,2026-08-05,2026-08-29T17:08:40,2
43262801,2026-08-29T16:46:01,2026-08-29T16:46:01,1
43262885,2026-08-29T16:46:01,2026-08-29T16:46:01,1
43367944,2026-08-05,2026-08-29T17:01:38,2
43834377,2026-08-05,2026-08-29T17:08:28,2
43836178,2026-08-05,2026-08-29T16:28:53,2
44085404,2026-08-05,2026-08-29T16:56:26,2
44115369,2026-08-05,2026-08-29T16:47:34,2
44231630,2026-08-05,2026-08-29T17:01:38,2
44238017,2026-08-29T16:46:01,2026-08-29T16:46:01,1
44255798,2026-08-05,2026-08-29T17:01:38,2
44338373,2026-08-05,2026-08-29T17:10:58,2
44448613,2026-08-05,2026-08-29T16:46:54,2
44538018,2026-08-29T16:39:34,2026-08-29T16:39:34,1
44680065,2026-08-29T16:52:02,2026-08-29T16:52:02,1
44695859,2026-08-05,2026-08-05,1
44721420,2026-08-29T16:57:28,2026-08-29T16:57:28,1
44737748,2026-08-05,2026-08-29T16:35:16,2
44756895,2026-08-05,2026-08-29T16:44:56,2
44924882,2026-08-29T16:50:15,2026-08-29T16:50:15,1
44994966,2026-08-29T17:03:57,2026-08-29T17:03:57,1
44999831,2026-08-29T16:53:12,2026-08-29T16:53:12,1
45071774,2026-08-05,2026-08-29T16:55:09,2
45110969,2026-08-29T16:37:21,2026-08-29T16:37:21,1
45114067,2026-08-05,2026-08-29T16:37:21,2
45118005,2026-08-05,2026-08-29T17:09:20,2
45163232,2026-08-05,2026-08-29T17:06:26,2
45187797,2026-08-05,2026-08-29T17:06:40,2
45254339,2026-08-05,2026-08-29T16:55:49,2
45265015,2026-08-05,2026-08-29T17:08:28,2
45265284,2026-08-05,2026-08-29T17:06:40,2
45265502,2026-08-05,2026-08-05,1
45265579,2026-08-05,2026-08-29T17:06:40,2
45303731,2026-08-29T16:55:34,2026-08-29T16:55:34,1
45326860,2026-08-05,2026-08-05,1
45359396,2026-08-05,2026-08-29T16:36:51,2
45363207,2026-08-05,2026-08-29T17:08:34,2
45467546,2026-08-29T16:44:26,2026-08-29T16:44:26,1
45467553,2026-08-05,2026-08-05,1
45493565,2026-08-05,2026-08-29T17:07:13,2
45513158,2026-08-05,2026-08-29T16:58:15,2
45589508,2026-08-05,2026-08-05,1
45667155,2026-08-05,2026-08-05,1
45688509,2026-08-05,2026-08-29T16:30:07,2
45720579,2026-08-29T16:53:56,2026-08-29T16:53:56,1
45825632,2026-08-05,2026-08-05,1
45869011,2026-08-29T16:54:55,2026-08-29T16:54:55,1
45878565,2026-08-05,2026-08-29T16:50:02,2
45915392,2026-08-29T16:46:07,2026-08-29T16:46:07,1
45934300,2026-08-05,2026-08-29T17:02:04,2
45935456,2026-08-05,2026-08-29T17:02:04,2
45943771,2026-08-29T16:32:53,2026-08-29T16:32:53,1
45982899,2026-08-29T16:43:16,2026-08-29T16:43:16,1
46005113,2026-08-05,2026-08-05,1
46014328,2026-08-29T16:57:55,2026-08-29T16:57:55,1
46066104,2026-08-29T16:38:32,2026-08-29T16:38:32,1
46146065,2026-08-05,2026-08-29T16:51:20,2
46352511,2026-08-29T16:46:01,2026-08-29T16:46:01,1
46352519,2026-08-29T16:53:47,2026-08-29T16:53:47,1
46352539,2026-08-29T16:56:32,2026-08-29T16:56:32,1
46352546,2026-08-29T16:56:32,2026-08-29T16:56:32,1
46352572,2026-08-29T16:56:32,2026-08-29T16:56:32,1
46437385,2026-08-05,2026-08-29T17:08:34,2
46444016,2026-08-05,2026-08-29T16:48:02,2
46455410,2026-08-05,2026-08-05,1
46477598,2026-08-05,2026-08-29T16:30:34,2
46666988,2026-08-29T16:52:19,2026-08-29T16:52:19,1
46669588,2026-08-05,2026-08-29T16:47:00,2
46679721,2026-08-05,2026-08-29T17:11:02,2
46775557,2026-08-05,2026-08-05,1
46778290,2026-08-29T17:08:24,2026-08-29T17:08:24,1
46805680,2026-08-29T16:29:28,2026-08-29T16:29:28,1
46810527,2026-08-29T16:48:14,2026-08-29T16:48:14,1
46908801,2026-08-05,2026-08-05,1
46909043,2026-08-05,2026-08-05,1
46909245,2026-08-05,2026-08-05,1
46976669,2026-08-05,2026-08-29T16:46:13,2
47060613,2026-08-05,2026-08-29T17:09:44,2
47060740,2026-08-05,2026-08-29T17:11:06,2
47097334,2026-08-05,2026-08-05,1
47113600,2026-08-05,2026-08-05,1
47133880,2026-08-05,2026-08-29T17:00:44,2
47171507,2026-08-05,2026-08-29T16:45:42,2
47208942,2026-08-05,2026-08-05,1
47243432,2026-08-05,2026-08-05,1
47254065,2026-08-05,2026-08-29T17:11:11,2
47281234,2026-08-05,2026-08-05,1
47282141,2026-08-05,2026-08-05,1
47314059,2026-08-05,2026-08-29T17:07:13,2
47372681,2026-08-29T16:57:49,2026-08-29T16:57:49,1
47393318,2026-08-29T16:58:37,2026-08-29T16:58:37,1
47398083,2026-08-29T16:58:37,2026-08-29T16:58:37,1
47398590,2026-08-05,2026-08-05,1
47398746,2026-08-05,2026-08-05,1
47405689,2026-08-05,2026-08-29T17:01:35,2
47417291,2026-08-29T16:58:37,2026-08-29T16:58:37,1
47429713,2026-08-05,2026-08-29T17:02:04,2
47439952,2026-08-05,2026-08-29T16:31:09,2
47450011,2026-08-29T17:03:57,2026-08-29T17:03:57,1
47468802,2026-08-05,2026-08-29T17:05:42,2
47468818,2026-08-05,2026-08-29T17:12:09,2
47478404,2026-08-05,2026-08-29T17:09:17,2
47482364,2026-08-05,2026-08-29T17:09:17,2
47482711,2026-08-05,2026-08-29T17:08:50,2
47483009,2026-08-05,2026-08-29T17:06:40,2
47484278,2026-08-05,2026-08-29T17:09:34,2
47537005,2026-08-29T16:57:31,2026-08-29T16:57:31,1
47596988,2026-08-05,2026-08-29T17:00:44,2
47601747,2026-08-05,2026-08-05,1
47627530,2026-08-05,2026-08-29T17:01:38,2
47654490,2026-08-05,2026-08-29T16:47:46,2
47656872,2026-08-29T17:00:14,2026-08-29T17:00:14,1
47669882,2026-08-05,2026-08-29T16:49:36,2
47680625,2026-08-05,2026-08-05,1
47688445,2026-08-05,2026-08-29T17:08:53,2
47692425,2026-08-05,2026-08-29T17:05:48,2
47694275,2026-08-05,2026-08-29T17:08:53,2
47697388,2026-08-05,2026-08-29T17:06:58,2
47699339,2026-08-29T16:37:51,2026-08-29T16:37:51,1
47707686,2026-08-05,2026-08-05,1
47707854,2026-08-05,2026-08-05,1
47711413,2026-08-05,2026-08-29T17:06:58,2
47735559,2026-08-29T16:50:15,2026-08-29T16:50:15,1
47739969,2026-08-05,2026-08-29T17:10:44,2
47752046,2026-08-05,2026-08-29T16:51:23,2
47755587,2026-08-05,2026-08-05,1
47804974,2026-08-29T16:37:54,2026-08-29T16:37:54,1
47806722,2026-08-29T16:54:55,2026-08-29T16:54:55,1
47880947,2026-08-05,2026-08-29T17:08:09,2
47913082,2026-08-05,2026-08-29T17:01:50,2
47916583,2026-08-05,2026-08-29T16:46:13,2
47936932,2026-08-05,2026-08-29T17:07:25,2
47948465,2026-08-05,2026-08-29T16:48:20,2
48013713,2026-08-29T16:57:00,2026-08-29T16:57:00,1
48055967,2026-08-29T17:03:54,2026-08-29T17:03:54,1
48057471,2026-08-05,2026-08-29T17:08:44,2
48099506,2026-08-29T17:08:50,2026-08-29T17:08:50,1
48102981,2026-08-29T16:40:20,2026-08-29T16:40:20,1
48114641,2026-08-05,2026-08-29T17:12:09,2
48124385,2026-08-29T16:57:49,2026-08-29T16:57:49,1
48124420,2026-08-29T16:57:49,2026-08-29T16:57:49,1
48131122,2026-08-05,2026-08-29T17:09:34,2
48137718,2026-08-05,2026-08-29T17:07:35,2
48275885,2026-08-05,2026-08-29T17:01:38,2
48311924,2026-08-29T16:38:40,2026-08-29T16:38:40,1
48313744,2026-08-05,2026-08-05,1
48327984,2026-08-05,2026-08-05,1
48328186,2026-08-05,2026-08-05,1
48340638,2026-08-05,2026-08-29T17:08:24,2
48340939,2026-08-05,2026-08-29T17:08:24,2
48342603,2026-08-29T16:52:48,2026-08-29T16:52:48,1
48354186,2026-08-05,2026-08-29T16:46:01,2
48433103,2026-08-29T16:57:00,2026-08-29T16:57:00,1
48437727,2026-08-05,2026-08-29T17:09:34,2
48440916,2026-08-05,2026-08-05,1
48457031,2026-08-05,2026-08-29T16:55:34,2
48482265,2026-08-05,2026-08-05,1
48486725,2026-08-05,2026-08-29T16:48:20,2
48544760,2026-08-05,2026-08-29T16:46:41,2
48550456,2026-08-05,2026-08-29T16:32:41,2
48595216,2026-08-29T17:08:59,2026-08-29T17:08:59,1
48620587,2026-08-29T16:58:28,2026-08-29T16:58:28,1
48623887,2026-08-05,2026-08-29T17:10:34,2
48669276,2026-08-05,2026-08-29T17:11:11,2
48669456,2026-08-05,2026-08-05,1
48687558,2026-08-29T16:37:58,2026-08-29T16:37:58,1
48707910,2026-08-29T16:54:55,2026-08-29T16:54:55,1
48760826,2026-08-29T16:55:06,2026-08-29T16:55:06,1
48772150,2026-08-05,2026-08-29T17:06:40,2
48796859,2026-08-05,2026-08-29T17:06:18,2
48851508,2026-08-05,2026-08-29T16:45:46,2
48874462,2026-08-29T17:06:49,2026-08-29T17:06:49,1
48886987,2026-08-05,2026-08-29T16:43:23,2
48901419,2026-08-05,2026-08-29T17:08:56,2
48918160,2026-08-29T16:58:49,2026-08-29T16:58:49,1
48962372,2026-08-05,2026-08-05,1
48979264,2026-08-05,2026-08-29T16:48:17,2
48990316,2026-08-05,2026-08-29T16:34:44,2
49022003,2026-08-29T16:57:31,2026-08-29T16:57:31,1
49040145,2026-08-05,2026-08-29T17:09:41,2
49045506,2026-08-29T16:57:55,2026-08-29T16:57:55,1
49057668,2026-08-29T17:03:21,2026-08-29T17:03:21,1
49057792,2026-08-29T17:04:58,2026-08-29T17:04:58,1
49062171,2026-08-05,2026-08-29T17:07:13,2
49067721,2026-08-29T16:58:28,2026-08-29T16:58:28,1
49105686,2026-08-05,2026-08-29T16:39:58,2
49111601,2026-08-05,2026-08-05,1
49121167,2026-08-05,2026-08-29T17:01:05,2
49142408,2026-08-05,2026-08-05,1
49159400,2026-08-05,2026-08-29T17:01:47,2
49159615,2026-08-05,2026-08-29T17:01:05,2
49164167,2026-08-05,2026-08-29T16:47:59,2
49175438,2026-08-29T16:53:12,2026-08-29T16:53:12,1
49176279,2026-08-05,2026-08-29T17:08:44,2
49201958,2026-08-05,2026-08-29T16:48:17,2
49218329,2026-08-05,2026-08-29T17:10:06,2
49223435,2026-08-29T17:03:30,2026-08-29T17:03:30,1
49223560,2026-08-29T17:03:30,2026-08-29T17:03:30,1
49265226,2026-08-05,2026-08-29T16:51:58,2
49272190,2026-08-05,2026-08-29T16:50:15,2
49272191,2026-08-05,2026-08-29T16:55:59,2
49272193,2026-08-05,2026-08-29T16:55:59,2
49283949,2026-08-05,2026-08-29T16:45:36,2
49283977,2026-08-05,2026-08-29T17:11:31,2
49298875,2026-08-05,2026-08-29T16:46:01,2
49338520,2026-08-05,2026-08-29T16:33:55,2
49352649,2026-08-05,2026-08-29T17:01:35,2
49360487,2026-08-05,2026-08-29T16:45:58,2
49364865,2026-08-05,2026-08-29T17:08:38,2
49382915,2026-08-05,2026-08-29T17:01:38,2
49473984,2026-08-05,2026-08-29T16:55:49,2
49517136,2026-08-05,2026-08-29T16:46:13,2
49524766,2026-08-05,2026-08-29T16:49:33,2
49543619,2026-08-29T16:50:57,2026-08-29T16:50:57,1
49544788,2026-08-29T16:57:12,2026-08-29T16:57:12,1
49545111,2026-08-05,2026-08-29T16:55:34,2
49546316,2026-08-05,2026-08-29T17:01:05,2
49547566,2026-08-05,2026-08-29T16:46:45,2
49548414,2026-08-05,2026-08-29T17:01:05,2
49553234,2026-08-05,2026-08-29T16:42:24,2
49555974,2026-08-05,2026-08-29T16:51:20,2
49562155,2026-08-05,2026-08-29T17:00:23,2
49572588,2026-08-05,2026-08-29T16:49:27,2
49573595,2026-08-05,2026-08-29T16:42:12,2
49581537,2026-08-05,2026-08-29T17:07:32,2
49581819,2026-08-05,2026-08-29T16:47:41,2
49585641,2026-08-29T17:02:49,2026-08-29T17:02:49,1
49595196,2026-08-05,2026-08-29T17:06:40,2
49598409,2026-08-05,2026-08-29T17:10:55,2
49600569,2026-08-05,2026-08-29T16:43:13,2
49613204,2026-08-05,2026-08-29T16:33:39,2
49624396,2026-08-29T16:55:34,2026-08-29T16:55:34,1
49634019,2026-08-05,2026-08-29T17:01:05,2
49634090,2026-08-05,2026-08-29T16:55:09,2
49635063,2026-08-29T17:04:40,2026-08-29T17:04:40,1
49635222,2026-08-05,2026-08-29T17:01:05,2
49635242,2026-08-05,2026-08-29T17:07:56,2
49646561,2026-08-05,2026-08-29T16:55:09,2
49648498,2026-08-05,2026-08-29T16:45:49,2
49657782,2026-08-29T16:57:12,2026-08-29T16:57:12,1
49659719,2026-08-29T16:29:55,2026-08-29T16:29:55,1
49661256,2026-08-05,2026-08-29T17:06:00,2
49661637,2026-08-05,2026-08-29T17:08:44,2
49661639,2026-08-05,2026-08-05,1
49661713,2026-08-05,2026-08-05,1
49662057,2026-08-05,2026-08-05,1
49676365,2026-08-05,2026-08-29T17:07:13,2
49677937,2026-08-05,2026-08-05,1
49678494,2026-08-05,2026-08-29T17:08:38,2
49687330,2026-08-05,2026-08-29T17:06:40,2
49701481,2026-08-05,2026-08-29T16:49:47,2
49710560,2026-08-05,2026-08-29T17:00:59,2
49710789,2026-08-29T16:57:49,2026-08-29T16:57:49,1
49712127,2026-08-05,2026-08-29T17:09:17,2
49713803,2026-08-29T16:52:19,2026-08-29T16:52:19,1
49728619,2026-08-05,2026-08-29T16:47:38,2
49746871,2026-08-29T16:58:28,2026-08-29T16:58:28,1
49748254,2026-08-05,2026-08-29T17:00:59,2
49748523,2026-08-05,2026-08-29T17:00:59,2
49749400,2026-08-05,2026-08-29T17:00:59,2
49753227,2026-08-05,2026-08-05,1
49753444,2026-08-05,2026-08-05,1
49753891,2026-08-05,2026-08-05,1
49768630,2026-08-05,2026-08-29T17:00:59,2
49777309,2026-08-05,2026-08-29T17:00:59,2
49780499,2026-08-29T16:30:49,2026-08-29T16:30:49,1
49802554,2026-08-29T16:55:52,2026-08-29T16:55:52,1
49806373,2026-08-05,2026-08-29T17:01:38,2
49816379,2026-08-05,2026-08-29T16:36:07,2
49819942,2026-08-05,2026-08-29T16:32:38,2
49820077,2026-08-05,2026-08-29T16:43:16,2
49820147,2026-08-05,2026-08-29T16:43:16,2
49820210,2026-08-05,2026-08-29T16:42:29,2
49820625,2026-08-29T17:03:19,2026-08-29T17:03:19,1
49820728,2026-08-05,2026-08-29T16:52:02,2
49821864,2026-08-05,2026-08-29T16:33:08,2
49827015,2026-08-05,2026-08-29T16:55:06,2
49828977,2026-08-05,2026-08-29T16:31:34,2
49831421,2026-08-05,2026-08-29T16:47:44,2
49838555,2026-08-05,2026-08-29T16:42:49,2
49844906,2026-08-05,2026-08-05,1
49857732,2026-08-05,2026-08-05,1
49862406,2026-08-05,2026-08-29T17:08:24,2
49869476,2026-08-05,2026-08-05,1
49873871,2026-08-05,2026-08-29T16:43:16,2
49875171,2026-08-05,2026-08-29T16:42:39,2
49875509,2026-08-05,2026-08-29T16:46:13,2
49882291,2026-08-05,2026-08-29T16:47:59,2
49891050,2026-08-05,2026-08-29T16:47:55,2
49892298,2026-08-29T16:52:16,2026-08-29T16:52:16,1
49897729,2026-08-05,2026-08-05,1
49897826,2026-08-05,2026-08-05,1
49897948,2026-08-05,2026-08-05,1
49897998,2026-08-05,2026-08-05,1
49900466,2026-08-05,2026-08-29T16:49:02,2
49901315,2026-08-05,2026-08-05,1
49904762,2026-08-29T16:57:09,2026-08-29T16:57:09,1
49904829,2026-08-05,2026-08-29T17:00:59,2
49910391,2026-08-05,2026-08-29T17:08:38,2
49913364,2026-08-05,2026-08-29T17:02:25,2
49915972,2026-08-29T16:56:26,2026-08-29T16:56:26,1
49917125,2026-08-29T16:48:49,2026-08-29T16:48:49,1
49918411,2026-08-05,2026-08-05,1
49918579,2026-08-05,2026-08-05,1
49918832,2026-08-05,2026-08-29T16:59:32,2
49923556,2026-08-05,2026-08-29T16:39:18,2
49925749,2026-08-05,2026-08-29T16:33:30,2
49930748,2026-08-05,2026-08-29T16:45:19,2
49938224,2026-08-05,2026-08-29T17:01:47,2
49939178,2026-08-05,2026-08-29T16:45:49,2
49941292,2026-08-05,2026-08-05,1
49941576,2026-08-05,2026-08-05,1
49941627,2026-08-05,2026-08-05,1
49941673,2026-08-05,2026-08-05,1
49948166,2026-08-29T16:54:08,2026-08-29T16:54:08,1
49948968,2026-08-05,2026-08-29T17:00:59,2
49950544,2026-08-05,2026-08-29T16:47:28,2
49963018,2026-08-05,2026-08-05,1
49963072,2026-08-05,2026-08-05,1
49963109,2026-08-05,2026-08-05,1
49963206,2026-08-05,2026-08-05,1
49963515,2026-08-05,2026-08-29T16:31:54,2
49964676,2026-08-05,2026-08-29T17:01:02,2
49965229,2026-08-29T16:57:09,2026-08-29T16:57:09,1
49970728,2026-08-05,2026-08-05,1
49989082,2026-08-05,2026-08-05,1
49989377,2026-08-05,2026-08-05,1
49990466,2026-08-05,2026-08-05,1
49990903,2026-08-29T16:42:49,2026-08-29T16:42:49,1
49992222,2026-08-05,2026-08-29T17:00:59,2
49992398,2026-08-05,2026-08-29T17:00:59,2
49992430,2026-08-05,2026-08-29T17:00:59,2
49997518,2026-08-05,2026-08-05,1
49999056,2026-08-05,2026-08-29T17:00:44,2
49999560,2026-08-05,2026-08-29T17:07:29,2
50014369,2026-08-05,2026-08-29T16:45:19,2
50014381,2026-08-05,2026-08-29T16:48:56,2
50018482,2026-08-05,2026-08-05,1
50022506,2026-08-05,2026-08-29T16:31:24,2
50040844,2026-08-05,2026-08-29T16:44:47,2
50045256,2026-08-05,2026-08-29T17:06:43,2
50045299,2026-08-05,2026-08-29T17:09:17,2
50045326,2026-08-05,2026-08-29T17:09:17,2
50045398,2026-08-05,2026-08-29T17:06:43,2
50045433,2026-08-05,2026-08-29T17:06:43,2
50045452,2026-08-05,2026-08-29T17:07:35,2
50046290,2026-08-05,2026-08-05,1
50046328,2026-08-05,2026-08-05,1
50046404,2026-08-05,2026-08-05,1
50049488,2026-08-05,2026-08-05,1
50049495,2026-08-05,2026-08-05,1
50059565,2026-08-05,2026-08-05,1
50059661,2026-08-05,2026-08-29T16:36:07,2
50060818,2026-08-05,2026-08-29T17:01:35,2
50068061,2026-08-05,2026-08-29T16:44:29,2
50069788,2026-08-05,2026-08-29T17:10:55,2
50082019,2026-08-05,2026-08-29T16:44:47,2
50092833,2026-08-05,2026-08-29T17:09:34,2
50096164,2026-08-05,2026-08-29T17:11:46,2
50100452,2026-08-05,2026-08-05,1
50101419,2026-08-29T16:32:53,2026-08-29T16:32:53,1
50101565,2026-08-29T16:32:50,2026-08-29T16:32:50,1
50112218,2026-08-29T17:03:12,2026-08-29T17:03:12,1
50114573,2026-08-05,2026-08-29T16:44:29,2
50125440,2026-08-05,2026-08-29T17:09:48,2
50130719,2026-08-05,2026-08-05,1
50138629,2026-08-05,2026-08-29T17:05:36,2
50138790,2026-08-05,2026-08-29T17:08:28,2
50148944,2026-08-05,2026-08-29T16:33:52,2
50159268,2026-08-05,2026-08-29T16:42:29,2
50162409,2026-08-05,2026-08-29T16:37:47,2
50162946,2026-08-29T16:48:28,2026-08-29T16:48:28,1
50175391,2026-08-05,2026-08-29T17:05:10,2
50176043,2026-08-05,2026-08-29T17:08:34,2
50210371,2026-08-05,2026-08-29T16:49:44,2
50219204,2026-08-05,2026-08-29T17:09:55,2
50226176,2026-08-05,2026-08-29T16:30:49,2
50226580,2026-08-29T16:57:28,2026-08-29T16:57:28,1
50235002,2026-08-29T16:57:55,2026-08-29T16:57:55,1
50241061,2026-08-05,2026-08-29T16:47:10,2
50246301,2026-08-05,2026-08-29T17:00:44,2
50260060,2026-08-05,2026-08-29T16:44:16,2
50266416,2026-08-05,2026-08-29T17:06:43,2
50266490,2026-08-05,2026-08-29T17:09:17,2
50279682,2026-08-05,2026-08-29T16:49:14,2
50280517,2026-08-29T16:52:19,2026-08-29T16:52:19,1
50282602,2026-08-05,2026-08-05,1
50302537,2026-08-05,2026-08-29T16:44:26,2
50314241,2026-08-05,2026-08-29T17:10:47,2
50314512,2026-08-05,2026-08-29T17:10:47,2
50318480,2026-08-05,2026-08-29T17:02:25,2
50327072,2026-08-05,2026-08-29T17:09:02,2
50336693,2026-08-05,2026-08-29T17:09:48,2
50345479,2026-08-05,2026-08-05,1
50355406,2026-08-05,2026-08-05,1
50362154,2026-08-05,2026-08-29T16:35:55,2
50369219,2026-08-05,2026-08-29T17:05:25,2
50390199,2026-08-05,2026-08-29T17:11:36,2
50394498,2026-08-05,2026-08-05,1
50415764,2026-08-29T16:54:02,2026-08-29T16:54:02,1
50435801,2026-08-05,2026-08-05,1
50440121,2026-08-05,2026-08-29T16:51:13,2
50449895,2026-08-05,2026-08-29T16:56:26,2
50452383,2026-08-29T16:58:33,2026-08-29T16:58:33,1
50471758,2026-08-29T16:42:39,2026-08-29T16:42:39,1
50471876,2026-08-29T16:28:56,2026-08-29T16:28:56,1
50477103,2026-08-05,2026-08-29T17:08:34,2
50480172,2026-08-05,2026-08-29T16:48:56,2
50483190,2026-08-05,2026-08-29T16:33:52,2
50487647,2026-08-05,2026-08-29T16:44:44,2
50487783,2026-08-05,2026-08-29T16:44:44,2
50488392,2026-08-29T16:55:25,2026-08-29T16:55:25,1
50489471,2026-08-05,2026-08-29T16:44:16,2
50489778,2026-08-05,2026-08-29T16:49:36,2
50492130,2026-08-29T16:58:46,2026-08-29T16:58:46,1
50503640,2026-08-05,2026-08-29T16:49:02,2
50503841,2026-08-05,2026-08-29T17:02:13,2
50504089,2026-08-05,2026-08-29T16:42:24,2
50504296,2026-08-29T16:29:07,2026-08-29T16:29:07,1
50512757,2026-08-05,2026-08-29T16:42:32,2
50515845,2026-08-05,2026-08-29T16:36:14,2
50551080,2026-08-05,2026-08-29T16:44:37,2
50551174,2026-08-05,2026-08-29T16:28:45,2
50555734,2026-08-29T16:32:03,2026-08-29T16:32:03,1
50560908,2026-08-05,2026-08-29T16:33:33,2
50561265,2026-08-05,2026-08-29T16:41:57,2
50563046,2026-08-05,2026-08-29T16:43:46,2
50574712,2026-08-05,2026-08-05,1
50577519,2026-08-05,2026-08-05,1
50579569,2026-08-05,2026-08-29T16:43:52,2
50587711,2026-08-05,2026-08-29T16:49:27,2
50592358,2026-08-05,2026-08-29T16:49:20,2
50606786,2026-08-05,2026-08-29T17:06:24,2
50606915,2026-08-05,2026-08-29T17:10:58,2
50615311,2026-08-05,2026-08-29T16:49:20,2
50618284,2026-08-05,2026-08-29T17:06:52,2
50624287,2026-08-05,2026-08-29T16:31:05,2
50629666,2026-08-29T16:48:28,2026-08-29T16:48:28,1
50635534,2026-08-05,2026-08-29T16:45:09,2
50636023,2026-08-05,2026-08-29T16:57:31,2
50641551,2026-08-05,2026-08-29T16:29:35,2
50642291,2026-08-05,2026-08-29T16:44:40,2
50644832,2026-08-05,2026-08-29T16:44:59,2
50644904,2026-08-05,2026-08-29T16:42:39,2
50644938,2026-08-05,2026-08-29T16:49:47,2
50644957,2026-08-05,2026-08-29T16:44:53,2
50644967,2026-08-05,2026-08-29T16:47:07,2
50655358,2026-08-05,2026-08-29T16:49:47,2
50655928,2026-08-05,2026-08-29T16:48:31,2
50658187,2026-08-05,2026-08-29T16:32:38,2
50667185,2026-08-05,2026-08-29T16:42:24,2
50668141,2026-08-05,2026-08-29T17:11:25,2
50669724,2026-08-05,2026-08-05,1
50669750,2026-08-05,2026-08-05,1
50674159,2026-08-29T16:57:15,2026-08-29T16:57:15,1
50676517,2026-08-05,2026-08-29T16:37:39,2
50680757,2026-08-05,2026-08-29T16:44:40,2
50682068,2026-08-05,2026-08-29T16:43:46,2
50693127,2026-08-05,2026-08-29T17:10:09,2
50697267,2026-08-05,2026-08-29T16:47:55,2
50701901,2026-08-05,2026-08-29T16:39:42,2
50702085,2026-08-05,2026-08-29T17:07:04,2
50704008,2026-08-05,2026-08-29T17:10:55,2
50704962,2026-08-29T16:37:58,2026-08-29T16:37:58,1
50707285,2026-08-05,2026-08-29T17:01:05,2
50712538,2026-08-05,2026-08-29T16:49:20,2
50715048,2026-08-29T16:39:30,2026-08-29T16:39:30,1
50715202,2026-08-05,2026-08-29T16:49:20,2
50717555,2026-08-05,2026-08-29T16:44:40,2
50718000,2026-08-05,2026-08-29T16:44:40,2
50719383,2026-08-05,2026-08-29T16:48:46,2
50719470,2026-08-05,2026-08-29T16:38:32,2
50720724,2026-08-05,2026-08-29T16:36:18,2
50726756,2026-08-05,2026-08-29T17:02:04,2
50727507,2026-08-05,2026-08-29T17:02:04,2
50733326,2026-08-05,2026-08-29T16:42:24,2
50734050,2026-08-05,2026-08-05,1
50741168,2026-08-05,2026-08-29T17:01:05,2
50741305,2026-08-29T16:52:58,2026-08-29T16:52:58,1
50742334,2026-08-29T16:32:03,2026-08-29T16:32:03,1
50744066,2026-08-05,2026-08-29T16:36:10,2
50745516,2026-08-05,2026-08-29T16:32:38,2
50748624,2026-08-05,2026-08-29T16:43:26,2
50748642,2026-08-29T16:55:25,2026-08-29T16:55:25,1
50753824,2026-08-05,2026-08-29T16:49:47,2
50755431,2026-08-05,2026-08-29T16:32:41,2
50755722,2026-08-05,2026-08-29T16:37:39,2
50763634,2026-08-05,2026-08-29T17:01:35,2
50764871,2026-08-05,2026-08-29T16:44:47,2
50769826,2026-08-05,2026-08-29T16:30:34,2
50781351,2026-08-05,2026-08-29T17:04:43,2
50781397,2026-08-29T16:32:03,2026-08-29T16:32:03,1
50786771,2026-08-05,2026-08-29T17:07:32,2
50795440,2026-08-05,2026-08-29T17:05:39,2
50795476,2026-08-05,2026-08-29T17:06:03,2
50797108,2026-08-05,2026-08-29T16:38:32,2
50800912,2026-08-05,2026-08-29T16:33:05,2
50802200,2026-08-05,2026-08-29T16:42:20,2
50805116,2026-08-29T16:32:50,2026-08-29T16:32:50,1
50806514,2026-08-05,2026-08-29T16:37:39,2
50806530,2026-08-29T16:57:28,2026-08-29T16:57:28,1
50806555,2026-08-05,2026-08-29T17:05:39,2
50807067,2026-08-05,2026-08-05,1
50807213,2026-08-05,2026-08-29T17:08:38,2
50808587,2026-08-05,2026-08-29T16:48:17,2
50814090,2026-08-05,2026-08-29T16:42:20,2
50821071,2026-08-05,2026-08-29T17:09:41,2
50821575,2026-08-05,2026-08-29T16:39:26,2
50829862,2026-08-05,2026-08-29T16:37:51,2
50833109,2026-08-05,2026-08-29T16:42:45,2
50833523,2026-08-05,2026-08-29T16:44:29,2
50835645,2026-08-05,2026-08-29T16:40:36,2
50838267,2026-08-05,2026-08-29T16:50:02,2
50841626,2026-08-05,2026-08-29T16:44:29,2
50849748,2026-08-05,2026-08-29T17:10:47,2
50850333,2026-08-05,2026-08-29T16:59:35,2
50859039,2026-08-05,2026-08-29T16:40:28,2
50864864,2026-08-05,2026-08-29T16:35:35,2
50879946,2026-08-05,2026-08-05,1
50881301,2026-08-05,2026-08-29T16:37:39,2
50886173,2026-08-05,2026-08-29T16:47:07,2
50889035,2026-08-05,2026-08-29T16:30:04,2
50891456,2026-08-05,2026-08-29T16:40:48,2
50891566,2026-08-05,2026-08-29T16:44:50,2
50891803,2026-08-05,2026-08-29T16:35:06,2
50893525,2026-08-29T16:59:35,2026-08-29T16:59:35,1
50898390,2026-08-29T16:32:03,2026-08-29T16:32:03,1
50898662,2026-08-29T16:59:35,2026-08-29T16:59:35,1
50901746,2026-08-05,2026-08-29T16:33:46,2
50902426,2026-08-05,2026-08-29T16:33:08,2
50903080,2026-08-05,2026-08-29T16:44:47,2
50904278,2026-08-05,2026-08-29T16:45:49,2
50904299,2026-08-05,2026-08-29T16:31:54,2
50904469,2026-08-05,2026-08-29T16:30:49,2
50904716,2026-08-29T16:59:35,2026-08-29T16:59:35,1
50905463,2026-08-05,2026-08-29T16:52:16,2
50906713,2026-08-05,2026-08-29T16:50:21,2
50906817,2026-08-05,2026-08-29T16:50:38,2
50907153,2026-08-05,2026-08-29T16:30:49,2
50907568,2026-08-05,2026-08-29T16:34:10,2
50908293,2026-08-05,2026-08-29T16:34:36,2
50908406,2026-08-29T16:44:50,2026-08-29T16:44:50,1
50908716,2026-08-05,2026-08-29T16:34:36,2
50908810,2026-08-05,2026-08-29T16:35:06,2
50908983,2026-08-29T17:00:11,2026-08-29T17:00:11,1
50909002,2026-08-29T17:00:11,2026-08-29T17:00:11,1
50910259,2026-08-05,2026-08-29T16:34:36,2
50910283,2026-08-05,2026-08-29T16:33:52,2
50910766,2026-08-05,2026-08-29T16:33:08,2
50911002,2026-08-05,2026-08-29T16:34:10,2
50911011,2026-08-05,2026-08-29T16:31:21,2
50912616,2026-08-05,2026-08-29T16:31:21,2
50914946,2026-08-05,2026-08-29T16:31:21,2
50916197,2026-08-05,2026-08-29T16:31:17,2
50916816,2026-08-29T16:48:11,2026-08-29T16:48:11,1
50918072,2026-08-05,2026-08-29T16:33:12,2
50918211,2026-08-05,2026-08-29T16:50:02,2
50918847,2026-08-05,2026-08-29T16:35:06,2
50919405,2026-08-29T16:59:35,2026-08-29T16:59:35,1
50919406,2026-08-29T16:59:35,2026-08-29T16:59:35,1
50919453,2026-08-29T16:59:35,2026-08-29T16:59:35,1
50919936,2026-08-29T17:03:12,2026-08-29T17:03:12,1
50919969,2026-08-29T16:30:34,2026-08-29T16:30:34,1
50920023,2026-08-05,2026-08-29T16:35:06,2
50927983,2026-08-05,2026-08-29T16:34:36,2
50928241,2026-08-05,2026-08-29T16:36:22,2
50929527,2026-08-05,2026-08-29T16:35:06,2
50930349,2026-08-05,2026-08-29T17:05:54,2
50930414,2026-08-05,2026-08-29T17:06:12,2
50932244,2026-08-05,2026-08-29T16:30:37,2
50935156,2026-08-05,2026-08-29T16:42:45,2
50940297,2026-08-05,2026-08-29T16:33:08,2
50946708,2026-08-29T16:32:03,2026-08-29T16:32:03,1
50950358,2026-08-05,2026-08-29T16:42:45,2
50953443,2026-08-05,2026-08-29T17:09:17,2
50955129,2026-08-05,2026-08-29T16:34:10,2
50955197,2026-08-05,2026-08-29T16:34:36,2
50959125,2026-08-05,2026-08-29T16:32:19,2
50959912,2026-08-05,2026-08-29T16:30:52,2
50962934,2026-08-05,2026-08-29T17:08:44,2
50964013,2026-08-05,2026-08-29T16:30:52,2
50968062,2026-08-29T16:35:35,2026-08-29T16:35:35,1
50974628,2026-08-29T17:04:22,2026-08-29T17:04:22,1
50977445,2026-08-29T16:34:26,2026-08-29T16:34:26,1
50977480,2026-08-29T16:38:28,2026-08-29T16:38:28,1
50977505,2026-08-29T16:38:24,2026-08-29T16:38:24,1
50977536,2026-08-29T16:29:17,2026-08-29T16:29:17,1
50977554,2026-08-29T16:34:26,2026-08-29T16:34:26,1
50977575,2026-08-29T16:38:24,2026-08-29T16:38:24,1
50988106,2026-08-05,2026-08-29T16:30:30,2
50997677,2026-08-05,2026-08-29T16:30:30,2
51005561,2026-08-05,2026-08-29T17:01:56,2
51007833,2026-08-05,2026-08-29T16:39:26,2
51010774,2026-08-29T16:32:03,2026-08-29T16:32:03,1
51015975,2026-08-05,2026-08-05,1
51015983,2026-08-05,2026-08-05,1
51024735,2026-08-05,2026-08-29T17:02:07,2
51025987,2026-08-05,2026-08-29T17:11:28,2
51033978,2026-08-05,2026-08-29T17:11:02,2
51035735,2026-08-05,2026-08-29T16:35:06,2
51039522,2026-08-29T16:57:52,2026-08-29T16:57:52,1
51039603,2026-08-29T16:57:52,2026-08-29T16:57:52,1
51039681,2026-08-29T16:57:52,2026-08-29T16:57:52,1
51043633,2026-08-05,2026-08-29T16:30:37,2
51064926,2026-08-05,2026-08-29T17:07:01,2
51068023,2026-08-05,2026-08-29T17:09:09,2
51077808,2026-08-05,2026-08-29T16:48:17,2
51079550,2026-08-05,2026-08-29T17:06:21,2
51089111,2026-08-05,2026-08-29T17:05:28,2
51089151,2026-08-05,2026-08-29T17:07:32,2
51089190,2026-08-05,2026-08-29T17:06:21,2
51089550,2026-08-05,2026-08-29T16:49:17,2
51090094,2026-08-05,2026-08-29T17:07:59,2
51090258,2026-08-05,2026-08-29T17:07:59,2
51098443,2026-08-29T17:03:48,2026-08-29T17:03:48,1
51099227,2026-08-05,2026-08-29T17:07:59,2
51099261,2026-08-05,2026-08-29T17:07:59,2
51099317,2026-08-05,2026-08-29T17:07:59,2
51104440,2026-08-05,2026-08-29T16:49:17,2
51104488,2026-08-05,2026-08-29T16:49:17,2
51104606,2026-08-05,2026-08-29T16:36:22,2
51105532,2026-08-05,2026-08-29T17:10:55,2
51107434,2026-08-29T16:52:19,2026-08-29T16:52:19,1
51107918,2026-08-05,2026-08-29T17:11:25,2
51107955,2026-08-05,2026-08-29T17:11:28,2
51108047,2026-08-05,2026-08-29T17:07:59,2
51112257,2026-08-05,2026-08-29T16:49:17,2
51112865,2026-08-05,2026-08-05,1
51120875,2026-08-05,2026-08-29T16:49:17,2
51122183,2026-08-05,2026-08-29T16:42:35,2
51125236,2026-08-05,2026-08-05,1
51125286,2026-08-05,2026-08-29T17:07:32,2
51140136,2026-08-05,2026-08-29T17:07:04,2
51141335,2026-08-05,2026-08-29T17:07:59,2
51143450,2026-08-05,2026-08-29T17:07:13,2
51143623,2026-08-05,2026-08-29T16:35:55,2
51148100,2026-08-29T16:56:26,2026-08-29T16:56:26,1
51148940,2026-08-05,2026-08-29T16:38:10,2
51154434,2026-08-05,2026-08-29T16:33:49,2
51157493,2026-08-05,2026-08-29T17:06:21,2
51157905,2026-08-05,2026-08-29T17:12:09,2
51158218,2026-08-05,2026-08-29T16:46:19,2
51161774,2026-08-05,2026-08-29T17:07:59,2
51162546,2026-08-05,2026-08-29T17:01:44,2
51162940,2026-08-05,2026-08-29T16:33:12,2
51171331,2026-08-29T17:03:48,2026-08-29T17:03:48,1
51176127,2026-08-05,2026-08-29T16:33:30,2
51181323,2026-08-29T16:58:40,2026-08-29T16:58:40,1
51181826,2026-08-05,2026-08-29T17:02:10,2
51186791,2026-08-29T16:59:17,2026-08-29T16:59:17,1
51194726,2026-08-29T17:03:48,2026-08-29T17:03:48,1
51197434,2026-08-05,2026-08-29T16:44:13,2
51204871,2026-08-05,2026-08-05,1
51205021,2026-08-05,2026-08-29T16:44:29,2
51206598,2026-08-05,2026-08-29T17:07:17,2
51210656,2026-08-29T16:38:10,2026-08-29T16:38:10,1
51218390,2026-08-05,2026-08-29T16:43:23,2
51218431,2026-08-29T16:59:35,2026-08-29T16:59:35,1
51219177,2026-08-29T16:57:00,2026-08-29T16:57:00,1
51234286,2026-08-05,2026-08-05,1
51242433,2026-08-05,2026-08-29T17:07:59,2
51242525,2026-08-05,2026-08-29T17:07:59,2
51243403,2026-08-05,2026-08-29T16:30:41,2
51244133,2026-08-05,2026-08-29T17:01:56,2
51252856,2026-08-29T16:36:37,2026-08-29T16:36:37,1
51253153,2026-08-29T16:48:28,2026-08-29T16:48:28,1
51255531,2026-08-05,2026-08-29T16:37:51,2
51265467,2026-08-05,2026-08-05,1
51274697,2026-08-05,2026-08-29T16:34:13,2
51275750,2026-08-05,2026-08-29T16:34:47,2
51276889,2026-08-29T16:56:29,2026-08-29T16:56:29,1
51280744,2026-08-05,2026-08-29T16:47:41,2
51286212,2026-08-05,2026-08-29T16:32:06,2
51287706,2026-08-29T16:56:26,2026-08-29T16:56:26,1
51297564,2026-08-05,2026-08-05,1
51297785,2026-08-05,2026-08-05,1
51299533,2026-08-29T16:56:26,2026-08-29T16:56:26,1
51300495,2026-08-05,2026-08-29T16:49:30,2
51301202,2026-08-05,2026-08-05,1
51301329,2026-08-05,2026-08-05,1
51305206,2026-08-05,2026-08-29T17:06:36,2
51311858,2026-08-29T16:57:31,2026-08-29T16:57:31,1
51322235,2026-08-05,2026-08-05,1
51333913,2026-08-05,2026-08-29T16:48:46,2
51345193,2026-08-05,2026-08-29T17:10:55,2
51349447,2026-08-05,2026-08-29T16:55:46,2
51357593,2026-08-05,2026-08-29T16:36:22,2
51368655,2026-08-05,2026-08-29T17:06:24,2
51368866,2026-08-29T16:44:32,2026-08-29T16:44:32,1
51376455,2026-08-29T16:56:26,2026-08-29T16:56:26,1
51378821,2026-08-29T16:57:31,2026-08-29T16:57:31,1
51388980,2026-08-05,2026-08-29T16:29:14,2
51396641,2026-08-05,2026-08-29T16:42:42,2
51402717,2026-08-29T17:04:13,2026-08-29T17:04:13,1
51403455,2026-08-05,2026-08-29T17:08:44,2
51405985,2026-08-05,2026-08-29T17:10:24,2
51406596,2026-08-05,2026-08-29T17:07:29,2
51412949,2026-08-29T16:55:37,2026-08-29T16:55:37,1
51413444,2026-08-29T16:55:37,2026-08-29T16:55:37,1
51414255,2026-08-29T16:57:28,2026-08-29T16:57:28,1
51414442,2026-08-29T16:55:40,2026-08-29T16:55:40,1
51414827,2026-08-29T16:55:37,2026-08-29T16:55:37,1
51414962,2026-08-29T16:55:43,2026-08-29T16:55:43,1
51415272,2026-08-29T16:57:37,2026-08-29T16:57:37,1
51416089,2026-08-29T16:55:28,2026-08-29T16:55:28,1
51416820,2026-08-05,2026-08-29T16:39:22,2
51417462,2026-08-05,2026-08-29T16:54:58,2
51418603,2026-08-29T16:55:40,2026-08-29T16:55:40,1
51418692,2026-08-29T16:55:40,2026-08-29T16:55:40,1
51418770,2026-08-29T16:55:40,2026-08-29T16:55:40,1
51421979,2026-08-05,2026-08-29T17:12:00,2
51421994,2026-08-05,2026-08-29T17:12:00,2
51421995,2026-08-05,2026-08-29T17:12:03,2
51422079,2026-08-05,2026-08-29T16:39:58,2
51422093,2026-08-05,2026-08-29T17:12:03,2
51422096,2026-08-05,2026-08-29T17:12:03,2
51422097,2026-08-05,2026-08-29T17:12:03,2
51422098,2026-08-05,2026-08-29T17:12:03,2
51422101,2026-08-05,2026-08-29T17:12:03,2
51422115,2026-08-05,2026-08-29T17:11:49,2
51422117,2026-08-05,2026-08-29T17:12:03,2
51424522,2026-08-29T16:46:16,2026-08-29T16:46:16,1
51424893,2026-08-05,2026-08-29T17:12:09,2
51426606,2026-08-05,2026-08-29T16:55:43,2
51427585,2026-08-05,2026-08-05,1
51427798,2026-08-29T16:46:16,2026-08-29T16:46:16,1
51427914,2026-08-05,2026-08-29T17:09:02,2
51427967,2026-08-29T16:46:13,2026-08-29T16:46:13,1
51428228,2026-08-05,2026-08-29T17:06:06,2
51428255,2026-08-29T16:46:07,2026-08-29T16:46:07,1
51428416,2026-08-29T16:46:07,2026-08-29T16:46:07,1
51428459,2026-08-29T16:50:41,2026-08-29T16:50:41,1
51433044,2026-08-29T16:50:41,2026-08-29T16:50:41,1
51433046,2026-08-05,2026-08-29T17:07:29,2
51433898,2026-08-29T16:50:41,2026-08-29T16:50:41,1
51434198,2026-08-29T16:50:41,2026-08-29T16:50:41,1
51434500,2026-08-29T16:47:41,2026-08-29T16:47:41,1
51435032,2026-08-29T16:47:41,2026-08-29T16:47:41,1
51435094,2026-08-29T16:56:20,2026-08-29T16:56:20,1
51435141,2026-08-29T16:47:41,2026-08-29T16:47:41,1
51435484,2026-08-29T16:47:28,2026-08-29T16:47:28,1
51436305,2026-08-29T16:47:28,2026-08-29T16:47:28,1
51436632,2026-08-29T16:47:28,2026-08-29T16:47:28,1
51436837,2026-08-29T16:50:51,2026-08-29T16:50:51,1
51437072,2026-08-05,2026-08-29T16:29:43,2
51437187,2026-08-29T16:50:47,2026-08-29T16:50:47,1
51441053,2026-08-05,2026-08-29T16:57:52,2
51447004,2026-08-05,2026-08-29T16:47:53,2
51451051,2026-08-05,2026-08-29T16:40:40,2
51452555,2026-08-05,2026-08-05,1
51453356,2026-08-29T16:50:47,2026-08-29T16:50:47,1
51458920,2026-08-05,2026-08-29T16:46:31,2
51464471,2026-08-29T16:50:31,2026-08-29T16:50:31,1
51466192,2026-08-05,2026-08-29T17:07:29,2
51469768,2026-08-29T16:51:00,2026-08-29T16:51:00,1
51483576,2026-08-05,2026-08-29T16:32:19,2
51483837,2026-08-05,2026-08-29T16:48:56,2
51487046,2026-08-05,2026-08-29T16:41:57,2
51492627,2026-08-05,2026-08-29T17:08:31,2
51494019,2026-08-29T16:55:28,2026-08-29T16:55:28,1
51497422,2026-08-05,2026-08-29T16:43:33,2
51501167,2026-08-29T17:03:57,2026-08-29T17:03:57,1
51501414,2026-08-05,2026-08-29T16:31:09,2
51501443,2026-08-05,2026-08-29T17:08:50,2
51502014,2026-08-05,2026-08-29T16:41:43,2
51504757,2026-08-29T17:04:52,2026-08-29T17:04:52,1
51511497,2026-08-29T16:52:05,2026-08-29T16:52:05,1
51511867,2026-08-05,2026-08-29T16:34:13,2
51518289,2026-08-29T17:03:48,2026-08-29T17:03:48,1
51521321,2026-08-29T17:03:57,2026-08-29T17:03:57,1
51524283,2026-08-05,2026-08-29T16:32:32,2
51552506,2026-08-05,2026-08-29T16:39:51,2
51552543,2026-08-05,2026-08-29T16:39:51,2
51561863,2026-08-05,2026-08-29T16:51:20,2
51563994,2026-08-29T16:51:42,2026-08-29T16:51:42,1
51564191,2026-08-29T16:59:39,2026-08-29T16:59:39,1
51564377,2026-08-29T16:51:42,2026-08-29T16:51:42,1
51571833,2026-08-05,2026-08-29T17:07:13,2
51578314,2026-08-05,2026-08-29T16:44:02,2
51584787,2026-08-05,2026-08-29T16:41:18,2
51586790,2026-08-05,2026-08-29T16:49:27,2
51587921,2026-08-05,2026-08-29T17:06:24,2
51588884,2026-08-05,2026-08-29T17:09:17,2
51589323,2026-08-29T16:55:18,2026-08-29T16:55:18,1
51593163,2026-08-05,2026-08-29T17:08:50,2
51595139,2026-08-05,2026-08-05,1
51602010,2026-08-05,2026-08-29T16:45:05,2
51602670,2026-08-29T16:50:47,2026-08-29T16:50:47,1
51613001,2026-08-29T16:56:20,2026-08-29T16:56:20,1
51613122,2026-08-29T16:56:02,2026-08-29T16:56:02,1
51620520,2026-08-05,2026-08-29T17:01:56,2
51622640,2026-08-05,2026-08-29T16:43:16,2
51630250,2026-08-05,2026-08-29T17:07:25,2
51631747,2026-08-05,2026-08-29T17:01:38,2
51634347,2026-08-05,2026-08-29T17:05:48,2
51636997,2026-08-05,2026-08-29T17:06:40,2
51637063,2026-08-29T16:56:20,2026-08-29T16:56:20,1
51639293,2026-08-05,2026-08-29T17:06:36,2
51647058,2026-08-05,2026-08-05,1
51653011,2026-08-29T16:56:20,2026-08-29T16:56:20,1
51661689,2026-08-29T16:56:20,2026-08-29T16:56:20,1
51662202,2026-08-29T16:56:20,2026-08-29T16:56:20,1
51662636,2026-08-05,2026-08-29T16:37:36,2
51662961,2026-08-29T16:56:20,2026-08-29T16:56:20,1
51664916,2026-08-29T16:56:20,2026-08-29T16:56:20,1
51665843,2026-08-05,2026-08-29T16:29:59,2
51669199,2026-08-05,2026-08-29T16:35:51,2
51671570,2026-08-05,2026-08-29T16:37:51,2
51691659,2026-08-05,2026-08-29T16:42:45,2
51696550,2026-08-05,2026-08-29T16:33:33,2
51696595,2026-08-05,2026-08-29T16:56:23,2
51697546,2026-08-29T16:34:16,2026-08-29T16:34:16,1
51706909,2026-08-05,2026-08-29T16:30:41,2
51718142,2026-08-05,2026-08-29T17:01:02,2
51718360,2026-08-29T16:55:49,2026-08-29T16:55:49,1
51722199,2026-08-05,2026-08-29T17:07:01,2
51722538,2026-08-05,2026-08-29T17:07:29,2
51730534,2026-08-05,2026-08-29T17:05:42,2
51730543,2026-08-05,2026-08-29T17:07:13,2
51730968,2026-08-05,2026-08-29T17:06:29,2
51730970,2026-08-05,2026-08-29T17:07:56,2
51731251,2026-08-05,2026-08-29T17:06:40,2
51731259,2026-08-05,2026-08-29T17:07:56,2
51732017,2026-08-05,2026-08-29T17:07:56,2
51732022,2026-08-05,2026-08-29T17:06:29,2
51732033,2026-08-05,2026-08-29T17:06:40,2
51744762,2026-08-05,2026-08-29T17:07:29,2
51746389,2026-08-05,2026-08-29T16:36:03,2
51746985,2026-08-05,2026-08-29T17:05:45,2
51748055,2026-08-05,2026-08-29T17:07:01,2
51748138,2026-08-05,2026-08-29T17:07:25,2
51749161,2026-08-29T16:55:40,2026-08-29T16:55:40,1
51749164,2026-08-29T16:35:19,2026-08-29T16:35:19,1
51749765,2026-08-29T17:03:12,2026-08-29T17:03:12,1
51754882,2026-08-05,2026-08-29T17:07:25,2
51760722,2026-08-05,2026-08-29T16:34:10,2
51773705,2026-08-29T16:55:49,2026-08-29T16:55:49,1
51774293,2026-08-29T16:55:49,2026-08-29T16:55:49,1
51776221,2026-08-29T16:49:39,2026-08-29T16:49:39,1
51776858,2026-08-05,2026-08-29T16:37:39,2
51777329,2026-08-05,2026-08-29T16:31:17,2
51777533,2026-08-05,2026-08-29T16:31:21,2
51781125,2026-08-29T17:02:49,2026-08-29T17:02:49,1
51782933,2026-08-05,2026-08-29T16:47:59,2
51784133,2026-08-29T16:55:49,2026-08-29T16:55:49,1
51788080,2026-08-05,2026-08-29T16:45:42,2
51788315,2026-08-05,2026-08-29T16:33:30,2
51797658,2026-08-29T16:51:35,2026-08-29T16:51:35,1
51802053,2026-08-05,2026-08-29T16:51:23,2
51803229,2026-08-05,2026-08-29T17:02:04,2
51803888,2026-08-29T17:02:55,2026-08-29T17:02:55,1
51804819,2026-08-05,2026-08-29T17:02:04,2
51804879,2026-08-05,2026-08-29T17:02:04,2
51804903,2026-08-05,2026-08-05,1
51804918,2026-08-05,2026-08-05,1
51813229,2026-08-05,2026-08-29T16:28:42,2
51815572,2026-08-29T16:36:42,2026-08-29T16:36:42,1
51818042,2026-08-05,2026-08-29T16:33:19,2
51818511,2026-08-05,2026-08-29T16:40:10,2
51819366,2026-08-05,2026-08-29T17:10:39,2
51823276,2026-08-05,2026-08-29T16:43:13,2
51823280,2026-08-29T16:58:30,2026-08-29T16:58:30,1
51823517,2026-08-05,2026-08-29T16:29:31,2
51823618,2026-08-29T16:31:57,2026-08-29T16:31:57,1
51823631,2026-08-29T16:57:52,2026-08-29T16:57:52,1
51823638,2026-08-29T16:40:43,2026-08-29T16:40:43,1
51828020,2026-08-05,2026-08-29T16:32:19,2
51828333,2026-08-05,2026-08-29T16:37:47,2
51828490,2026-08-05,2026-08-29T16:50:15,2
51829756,2026-08-05,2026-08-29T16:50:21,2
51831472,2026-08-05,2026-08-05,1
51831538,2026-08-05,2026-08-05,1
51831639,2026-08-05,2026-08-05,1
51831723,2026-08-05,2026-08-05,1
51832866,2026-08-05,2026-08-29T16:31:21,2
51836735,2026-08-05,2026-08-29T16:39:06,2
51836764,2026-08-05,2026-08-29T16:50:21,2
51836902,2026-08-05,2026-08-29T16:50:38,2
51838236,2026-08-05,2026-08-05,1
51842570,2026-08-29T16:55:49,2026-08-29T16:55:49,1
51842677,2026-08-29T16:55:49,2026-08-29T16:55:49,1
51842864,2026-08-29T16:32:03,2026-08-29T16:32:03,1
51843371,2026-08-29T16:55:49,2026-08-29T16:55:49,1
51843479,2026-08-05,2026-08-29T17:10:06,2
51844857,2026-08-05,2026-08-29T16:44:35,2
51844911,2026-08-05,2026-08-29T16:36:28,2
51844977,2026-08-05,2026-08-29T16:44:35,2
51845035,2026-08-05,2026-08-29T16:44:35,2
51845079,2026-08-05,2026-08-29T16:44:37,2
51845933,2026-08-29T16:36:07,2026-08-29T16:36:07,1
51856264,2026-08-29T16:55:49,2026-08-29T16:55:49,1
51858288,2026-08-05,2026-08-29T17:06:49,2
51860515,2026-08-05,2026-08-29T16:50:02,2
51864141,2026-08-05,2026-08-29T16:43:26,2
51864274,2026-08-05,2026-08-29T17:01:38,2
51867315,2026-08-05,2026-08-29T16:40:16,2
51868784,2026-08-05,2026-08-29T16:30:30,2
51870535,2026-08-05,2026-08-29T16:47:28,2
51870536,2026-08-05,2026-08-29T17:10:27,2
51879416,2026-08-29T16:29:24,2026-08-29T16:29:24,1
51879737,2026-08-29T16:59:11,2026-08-29T16:59:11,1
51879787,2026-08-29T16:59:11,2026-08-29T16:59:11,1
51880089,2026-08-05,2026-08-29T16:59:11,2
51880342,2026-08-05,2026-08-29T17:09:41,2
51886122,2026-08-29T16:50:02,2026-08-29T16:50:02,1
51895282,2026-08-29T16:45:05,2026-08-29T16:45:05,1
51895355,2026-08-29T16:39:42,2026-08-29T16:39:42,1
51895719,2026-08-29T16:32:59,2026-08-29T16:32:59,1
51896166,2026-08-29T16:44:19,2026-08-29T16:44:19,1
51896736,2026-08-29T17:08:02,2026-08-29T17:08:02,1
51900435,2026-08-29T16:43:26,2026-08-29T16:43:26,1
51902408,2026-08-29T16:46:34,2026-08-29T16:46:34,1
51903072,2026-08-29T17:03:42,2026-08-29T17:03:42,1
51903542,2026-08-05,2026-08-29T16:32:56,2
51903690,2026-08-29T16:48:04,2026-08-29T16:48:04,1
51904236,2026-08-05,2026-08-29T16:41:18,2
51908694,2026-08-05,2026-08-29T16:28:49,2
51908698,2026-08-29T16:40:40,2026-08-29T16:40:40,1
51908704,2026-08-05,2026-08-29T16:31:09,2
51908781,2026-08-05,2026-08-29T16:40:54,2
51909084,2026-08-05,2026-08-29T16:43:55,2
51911612,2026-08-29T17:00:14,2026-08-29T17:00:14,1
51914763,2026-08-29T16:29:20,2026-08-29T16:29:20,1
51915520,2026-08-05,2026-08-29T16:46:31,2
51915692,2026-08-05,2026-08-29T16:54:45,2
51917700,2026-08-05,2026-08-29T16:31:24,2
51918316,2026-08-05,2026-08-29T16:40:32,2
51918517,2026-08-29T16:41:39,2026-08-29T16:41:39,1
51919183,2026-08-05,2026-08-29T17:09:17,2
51919836,2026-08-29T17:08:02,2026-08-29T17:08:02,1
51922995,2026-08-29T16:55:49,2026-08-29T16:55:49,1
51923045,2026-08-29T16:55:46,2026-08-29T16:55:46,1
51923800,2026-08-05,2026-08-05,1
51924331,2026-08-05,2026-08-29T17:07:59,2
51924717,2026-08-29T16:38:28,2026-08-29T16:38:28,1
51926485,2026-08-29T16:32:06,2026-08-29T16:32:06,1
51928610,2026-08-05,2026-08-05,1
51936194,2026-08-29T16:35:47,2026-08-29T16:35:47,1
51938624,2026-08-05,2026-08-29T17:07:17,2
51940514,2026-08-29T16:58:46,2026-08-29T16:58:46,1
51941714,2026-08-29T16:59:32,2026-08-29T16:59:32,1
51943539,2026-08-05,2026-08-29T17:07:59,2
51944698,2026-08-29T16:32:06,2026-08-29T16:32:06,1
51945232,2026-08-29T16:35:47,2026-08-29T16:35:47,1
51945380,2026-08-05,2026-08-29T17:07:59,2
51947034,2026-08-05,2026-08-29T17:06:24,2
51948895,2026-08-05,2026-08-29T17:09:20,2
51949326,2026-08-29T16:55:46,2026-08-29T16:55:46,1
51952566,2026-08-05,2026-08-05,1
51954036,2026-08-29T16:32:06,2026-08-29T16:32:06,1
51954067,2026-08-29T16:32:03,2026-08-29T16:32:03,1
51957661,2026-08-05,2026-08-29T16:50:38,2
51958222,2026-08-29T16:56:14,2026-08-29T16:56:14,1
51982560,2026-08-29T16:55:46,2026-08-29T16:55:46,1
51983053,2026-08-05,2026-08-29T17:01:05,2
51984354,2026-08-05,2026-08-29T16:55:09,2
51984965,2026-08-05,2026-08-29T17:02:25,2
51987942,2026-08-29T17:03:57,2026-08-29T17:03:57,1
51988889,2026-08-29T16:44:05,2026-08-29T16:44:05,1
51990185,2026-08-05,2026-08-29T16:36:10,2
51991881,2026-08-29T16:45:05,2026-08-29T16:45:05,1
51992750,2026-08-05,2026-08-29T16:51:23,2
51996002,2026-08-05,2026-08-29T16:31:21,2
51999705,2026-08-05,2026-08-29T16:30:07,2
52005786,2026-08-05,2026-08-29T16:43:23,2
52005871,2026-08-05,2026-08-29T16:43:23,2
52005922,2026-08-05,2026-08-29T16:43:23,2
52006081,2026-08-05,2026-08-29T16:43:30,2
52006084,2026-08-05,2026-08-29T17:06:24,2
52006217,2026-08-05,2026-08-05,1
52008024,2026-08-05,2026-08-29T16:40:02,2
52011600,2026-08-29T16:34:16,2026-08-29T16:34:16,1
52011601,2026-08-29T16:34:13,2026-08-29T16:34:13,1
52014028,2026-08-05,2026-08-29T16:47:41,2
52016318,2026-08-05,2026-08-05,1
52016594,2026-08-05,2026-08-29T16:43:55,2
52016604,2026-08-05,2026-08-29T16:43:55,2
52016622,2026-08-05,2026-08-29T16:43:55,2
52016635,2026-08-05,2026-08-29T16:43:55,2
52017309,2026-08-29T16:55:46,2026-08-29T16:55:46,1
52017880,2026-08-05,2026-08-29T17:06:43,2
52024512,2026-08-05,2026-08-29T16:39:06,2
52025704,2026-08-05,2026-08-29T16:49:59,2
52025734,2026-08-05,2026-08-29T16:50:18,2
52030937,2026-08-05,2026-08-29T16:43:59,2
52031843,2026-08-05,2026-08-29T17:07:35,2
52034784,2026-08-05,2026-08-29T16:43:59,2
52034941,2026-08-05,2026-08-29T16:43:59,2
52037095,2026-08-05,2026-08-29T17:07:07,2
52037254,2026-08-05,2026-08-29T17:10:27,2
52039834,2026-08-05,2026-08-29T17:10:24,2
52041646,2026-08-05,2026-08-29T16:43:23,2
52041681,2026-08-05,2026-08-29T16:43:23,2
52042391,2026-08-29T17:04:13,2026-08-29T17:04:13,1
52046945,2026-08-05,2026-08-05,1
52047887,2026-08-05,2026-08-29T16:40:28,2
52049247,2026-08-05,2026-08-29T16:39:06,2
52049629,2026-08-29T16:55:46,2026-08-29T16:55:46,1
52051444,2026-08-05,2026-08-29T16:37:43,2
52053301,2026-08-29T16:59:29,2026-08-29T16:59:29,1
52055998,2026-08-29T16:39:58,2026-08-29T16:39:58,1
52058098,2026-08-29T16:55:46,2026-08-29T16:55:46,1
52061254,2026-08-05,2026-08-29T16:40:07,2
52068399,2026-08-05,2026-08-29T16:32:03,2
52075445,2026-08-29T16:35:47,2026-08-29T16:35:47,1
52076370,2026-08-29T16:40:23,2026-08-29T16:40:23,1
52077935,2026-08-29T16:56:11,2026-08-29T16:56:11,1
52077999,2026-08-05,2026-08-29T16:34:41,2
52078897,2026-08-29T16:45:49,2026-08-29T16:45:49,1
52078903,2026-08-05,2026-08-29T16:34:30,2
52081379,2026-08-05,2026-08-29T17:05:10,2
52081831,2026-08-29T17:00:08,2026-08-29T17:00:08,1
52082105,2026-08-05,2026-08-29T17:02:13,2
52082141,2026-08-29T16:56:26,2026-08-29T16:56:26,1
52082539,2026-08-05,2026-08-29T16:47:00,2
52083730,2026-08-05,2026-08-29T17:05:30,2
52084491,2026-08-05,2026-08-29T16:37:39,2
52084515,2026-08-05,2026-08-29T16:37:39,2
52084807,2026-08-05,2026-08-29T16:31:24,2
52085751,2026-08-29T16:52:52,2026-08-29T16:52:52,1
52086570,2026-08-29T16:37:58,2026-08-29T16:37:58,1
52086967,2026-08-29T16:48:04,2026-08-29T16:48:04,1
52087480,2026-08-29T16:48:14,2026-08-29T16:48:14,1
52087490,2026-08-05,2026-08-29T16:37:43,2
52088078,2026-08-05,2026-08-29T17:00:44,2
52090040,2026-08-29T16:55:18,2026-08-29T16:55:18,1
52092161,2026-08-29T16:55:46,2026-08-29T16:55:46,1
52097590,2026-08-29T16:31:05,2026-08-29T16:31:05,1
52101300,2026-08-29T16:43:26,2026-08-29T16:43:26,1
52106576,2026-08-05,2026-08-29T16:50:15,2
52106929,2026-08-05,2026-08-29T16:37:28,2
52107834,2026-08-29T17:04:52,2026-08-29T17:04:52,1
52108609,2026-08-05,2026-08-29T17:09:48,2
52109421,2026-08-05,2026-08-29T16:35:03,2
52109641,2026-08-05,2026-08-29T17:02:25,2
52111989,2026-08-05,2026-08-29T16:42:42,2
52112035,2026-08-05,2026-08-29T16:49:17,2
52113002,2026-08-05,2026-08-29T17:00:53,2
52113797,2026-08-05,2026-08-29T17:07:29,2
52115329,2026-08-05,2026-08-29T16:42:12,2
52116431,2026-08-29T16:57:21,2026-08-29T16:57:21,1
52118878,2026-08-29T16:59:39,2026-08-29T16:59:39,1
52119417,2026-08-05,2026-08-29T17:07:59,2
52123128,2026-08-29T16:55:46,2026-08-29T16:55:46,1
52123703,2026-08-29T16:48:11,2026-08-29T16:48:11,1
52123724,2026-08-29T16:55:46,2026-08-29T16:55:46,1
52123986,2026-08-29T16:55:46,2026-08-29T16:55:46,1
52124001,2026-08-29T17:05:45,2026-08-29T17:05:45,1
52125824,2026-08-29T16:31:54,2026-08-29T16:31:54,1
52125826,2026-08-29T16:34:13,2026-08-29T16:34:13,1
52125830,2026-08-29T16:31:54,2026-08-29T16:31:54,1
52127773,2026-08-05,2026-08-29T16:56:02,2
52131696,2026-08-05,2026-08-29T16:39:51,2
52132885,2026-08-05,2026-08-29T17:11:15,2
52141564,2026-08-05,2026-08-29T17:10:47,2
52141820,2026-08-05,2026-08-29T17:08:56,2
52142488,2026-08-29T17:05:57,2026-08-29T17:05:57,1
52143548,2026-08-05,2026-08-29T16:43:10,2
52143550,2026-08-29T16:56:08,2026-08-29T16:56:08,1
52144620,2026-08-29T16:36:22,2026-08-29T16:36:22,1
52144641,2026-08-05,2026-08-05,1
52145176,2026-08-29T16:31:24,2026-08-29T16:31:24,1
52145224,2026-08-29T16:48:14,2026-08-29T16:48:14,1
52148088,2026-08-29T16:29:55,2026-08-29T16:29:55,1
52148777,2026-08-05,2026-08-29T16:43:55,2
52149320,2026-08-05,2026-08-29T17:09:48,2
52149346,2026-08-05,2026-08-29T17:07:04,2
52152005,2026-08-29T16:46:31,2026-08-29T16:46:31,1
52155092,2026-08-29T16:40:10,2026-08-29T16:40:10,1
52155243,2026-08-29T16:56:08,2026-08-29T16:56:08,1
52156238,2026-08-05,2026-08-29T16:44:19,2
52157281,2026-08-29T17:03:57,2026-08-29T17:03:57,1
52158982,2026-08-05,2026-08-29T17:05:57,2
52159753,2026-08-29T17:05:45,2026-08-29T17:05:45,1
52162393,2026-08-29T16:55:22,2026-08-29T16:55:22,1
52163187,2026-08-29T16:56:14,2026-08-29T16:56:14,1
52163376,2026-08-05,2026-08-05,1
52163570,2026-08-29T16:51:52,2026-08-29T16:51:52,1
52163571,2026-08-29T16:58:15,2026-08-29T16:58:15,1
52163583,2026-08-05,2026-08-29T16:37:43,2
52164111,2026-08-05,2026-08-29T16:33:33,2
52164578,2026-08-05,2026-08-29T17:07:04,2
52164802,2026-08-29T16:55:46,2026-08-29T16:55:46,1
52170335,2026-08-05,2026-08-29T16:51:09,2
52170569,2026-08-05,2026-08-29T17:05:51,2
52171415,2026-08-05,2026-08-29T16:42:35,2
52173021,2026-08-29T16:44:32,2026-08-29T16:44:32,1
52173083,2026-08-29T16:55:43,2026-08-29T16:55:43,1
52175807,2026-08-29T16:45:25,2026-08-29T16:45:25,1
52176265,2026-08-05,2026-08-29T17:01:38,2
52176312,2026-08-29T16:59:52,2026-08-29T16:59:52,1
52176334,2026-08-05,2026-08-29T17:05:42,2
52176830,2026-08-29T17:04:22,2026-08-29T17:04:22,1
52177604,2026-08-29T16:39:42,2026-08-29T16:39:42,1
52177787,2026-08-05,2026-08-29T16:40:58,2
52178242,2026-08-05,2026-08-29T16:41:39,2
52182473,2026-08-29T16:36:42,2026-08-29T16:36:42,1
52187402,2026-08-05,2026-08-29T16:32:12,2
52189147,2026-08-05,2026-08-29T17:05:42,2
52193495,2026-08-29T17:03:33,2026-08-29T17:03:33,1
52196926,2026-08-05,2026-08-29T16:40:10,2
52203611,2026-08-29T16:55:43,2026-08-29T16:55:43,1
52203768,2026-08-05,2026-08-29T16:42:45,2
52204610,2026-08-05,2026-08-29T16:28:53,2
52205655,2026-08-05,2026-08-29T16:29:11,2
52206628,2026-08-05,2026-08-29T16:51:20,2
52206742,2026-08-29T16:55:43,2026-08-29T16:55:43,1
52206763,2026-08-29T16:55:43,2026-08-29T16:55:43,1
52207292,2026-08-05,2026-08-29T16:47:59,2
52207344,2026-08-05,2026-08-29T16:47:59,2
52207412,2026-08-05,2026-08-29T17:01:17,2
52207799,2026-08-05,2026-08-29T17:11:28,2
52216007,2026-08-05,2026-08-29T17:03:45,2
52216442,2026-08-05,2026-08-29T16:33:30,2
52220387,2026-08-05,2026-08-29T16:29:14,2
52223036,2026-08-05,2026-08-29T16:37:47,2
52223199,2026-08-29T16:37:47,2026-08-29T16:37:47,1
52228602,2026-08-05,2026-08-29T17:11:36,2
52232350,2026-08-29T16:37:47,2026-08-29T16:37:47,1
52235259,2026-08-29T16:56:46,2026-08-29T16:56:46,1
52235818,2026-08-05,2026-08-29T17:01:38,2
52238189,2026-08-29T16:55:43,2026-08-29T16:55:43,1
52238581,2026-08-05,2026-08-29T16:44:19,2
52240145,2026-08-05,2026-08-29T17:10:15,2
52241988,2026-08-05,2026-08-29T16:39:06,2
52245739,2026-08-05,2026-08-29T16:45:49,2
52246321,2026-08-05,2026-08-29T17:01:29,2
52250646,2026-08-29T16:43:33,2026-08-29T16:43:33,1
52252028,2026-08-05,2026-08-29T16:29:48,2
52257392,2026-08-05,2026-08-29T16:39:46,2
52257476,2026-08-05,2026-08-29T17:06:43,2
52257859,2026-08-05,2026-08-29T17:05:33,2
52262052,2026-08-29T16:55:43,2026-08-29T16:55:43,1
52262707,2026-08-29T16:37:54,2026-08-29T16:37:54,1
52266328,2026-08-29T16:55:43,2026-08-29T16:55:43,1
52266821,2026-08-29T16:50:15,2026-08-29T16:50:15,1
52269275,2026-08-05,2026-08-29T16:31:05,2
52269322,2026-08-29T16:59:11,2026-08-29T16:59:11,1
52270414,2026-08-05,2026-08-29T17:00:47,2
52272534,2026-08-29T16:42:45,2026-08-29T16:42:45,1
52272828,2026-08-05,2026-08-29T17:08:38,2
52273006,2026-08-05,2026-08-29T16:33:49,2
52273070,2026-08-29T16:58:46,2026-08-29T16:58:46,1
52273150,2026-08-05,2026-08-05,1
52273173,2026-08-05,2026-08-05,1
52273380,2026-08-05,2026-08-05,1
52273696,2026-08-05,2026-08-29T17:01:56,2
52274461,2026-08-05,2026-08-29T16:30:04,2
52274909,2026-08-29T16:55:43,2026-08-29T16:55:43,1
52275811,2026-08-05,2026-08-29T17:07:29,2
52276495,2026-08-29T16:32:38,2026-08-29T16:32:38,1
52276666,2026-08-05,2026-08-29T16:37:39,2
52277384,2026-08-05,2026-08-29T17:11:42,2
52277495,2026-08-05,2026-08-29T17:12:03,2
52280188,2026-08-05,2026-08-29T17:00:32,2
52280928,2026-08-29T16:37:58,2026-08-29T16:37:58,1
52280974,2026-08-29T16:37:58,2026-08-29T16:37:58,1
52281015,2026-08-29T16:55:43,2026-08-29T16:55:43,1
52284085,2026-08-29T16:47:55,2026-08-29T16:47:55,1
52284405,2026-08-05,2026-08-29T16:47:55,2
52284547,2026-08-29T16:35:16,2026-08-29T16:35:16,1
52284818,2026-08-29T16:47:55,2026-08-29T16:47:55,1
52285552,2026-08-29T16:55:40,2026-08-29T16:55:40,1
52290926,2026-08-05,2026-08-29T16:39:51,2
52292004,2026-08-29T16:31:27,2026-08-29T16:31:27,1
52292262,2026-08-05,2026-08-29T16:39:03,2
52292952,2026-08-05,2026-08-29T16:34:02,2
52302212,2026-08-05,2026-08-05,1
52302369,2026-08-05,2026-08-29T17:06:32,2
52303788,2026-08-05,2026-08-29T16:34:30,2
52314845,2026-08-05,2026-08-29T16:42:42,2
52315207,2026-08-05,2026-08-29T16:36:33,2
52318232,2026-08-05,2026-08-29T16:36:58,2
52318344,2026-08-29T16:58:46,2026-08-29T16:58:46,1
52318488,2026-08-29T16:55:40,2026-08-29T16:55:40,1
52320839,2026-08-05,2026-08-29T17:06:43,2
52320869,2026-08-05,2026-08-29T17:07:46,2
52324547,2026-08-05,2026-08-29T17:08:56,2
52328834,2026-08-05,2026-08-29T16:48:37,2
52332647,2026-08-05,2026-08-29T17:12:00,2
52338583,2026-08-05,2026-08-29T17:10:39,2
52345176,2026-08-05,2026-08-29T16:32:50,2
52348410,2026-08-29T16:55:22,2026-08-29T16:55:22,1
52349563,2026-08-29T16:55:22,2026-08-29T16:55:22,1
52353337,2026-08-05,2026-08-29T16:39:51,2
52353340,2026-08-05,2026-08-29T16:45:30,2
52354899,2026-08-05,2026-08-29T16:29:14,2
52357853,2026-08-05,2026-08-29T17:11:57,2
52358101,2026-08-05,2026-08-29T16:36:42,2
52360067,2026-08-05,2026-08-29T16:28:53,2
52362043,2026-08-05,2026-08-29T16:40:07,2
52364479,2026-08-05,2026-08-29T16:33:46,2
52365069,2026-08-29T16:59:11,2026-08-29T16:59:11,1
52367337,2026-08-05,2026-08-29T16:56:32,2
52367785,2026-08-29T16:32:47,2026-08-29T16:32:47,1
52370160,2026-08-29T16:57:12,2026-08-29T16:57:12,1
52373372,2026-08-05,2026-08-29T16:30:04,2
52381207,2026-08-05,2026-08-29T17:11:28,2
52385135,2026-08-05,2026-08-29T16:46:45,2
52389293,2026-08-29T16:44:44,2026-08-29T16:44:44,1
52390428,2026-08-05,2026-08-29T16:49:30,2
52392724,2026-08-05,2026-08-29T16:40:28,2
52393648,2026-08-05,2026-08-05,1
52394586,2026-08-29T16:37:43,2026-08-29T16:37:43,1
52396209,2026-08-29T16:37:47,2026-08-29T16:37:47,1
52396966,2026-08-05,2026-08-29T16:40:36,2
52398519,2026-08-29T17:03:30,2026-08-29T17:03:30,1
52398998,2026-08-05,2026-08-29T17:07:46,2
52399357,2026-08-05,2026-08-29T17:07:46,2
52399591,2026-08-05,2026-08-29T16:51:52,2
52400351,2026-08-05,2026-08-29T16:42:42,2
52400366,2026-08-05,2026-08-29T16:32:06,2
52400452,2026-08-05,2026-08-29T16:31:21,2
52400594,2026-08-05,2026-08-29T17:07:35,2
52403602,2026-08-05,2026-08-29T16:51:52,2
52403706,2026-08-05,2026-08-29T16:51:52,2
52403741,2026-08-05,2026-08-29T16:31:21,2
52403760,2026-08-05,2026-08-29T16:31:24,2
52403776,2026-08-05,2026-08-29T16:31:24,2
52403906,2026-08-05,2026-08-29T16:41:48,2
52405415,2026-08-29T16:55:40,2026-08-29T16:55:40,1
52405987,2026-08-05,2026-08-29T16:31:24,2
52406082,2026-08-05,2026-08-29T16:51:55,2
52406084,2026-08-05,2026-08-29T16:58:15,2
52406089,2026-08-05,2026-08-29T16:51:58,2
52406095,2026-08-05,2026-08-29T16:51:46,2
52406118,2026-08-05,2026-08-29T16:51:49,2
52406654,2026-08-05,2026-08-29T16:35:39,2
52409804,2026-08-29T16:55:40,2026-08-29T16:55:40,1
52411060,2026-08-05,2026-08-29T16:50:05,2
52411189,2026-08-05,2026-08-29T16:50:05,2
52411336,2026-08-05,2026-08-29T16:51:46,2
52411579,2026-08-05,2026-08-29T16:51:58,2
52411622,2026-08-05,2026-08-29T16:40:10,2
52411937,2026-08-05,2026-08-29T16:56:23,2
52412181,2026-08-05,2026-08-29T16:51:55,2
52412221,2026-08-05,2026-08-29T17:06:24,2
52412534,2026-08-05,2026-08-29T17:06:24,2
52414476,2026-08-29T16:40:10,2026-08-29T16:40:10,1
52415630,2026-08-05,2026-08-29T16:56:23,2
52417450,2026-08-05,2026-08-29T16:58:15,2
52418021,2026-08-29T16:35:16,2026-08-29T16:35:16,1
52420037,2026-08-29T16:30:55,2026-08-29T16:30:55,1
52420823,2026-08-29T16:59:17,2026-08-29T16:59:17,1
52421139,2026-08-05,2026-08-29T16:43:13,2
52422363,2026-08-05,2026-08-29T17:10:44,2
52422977,2026-08-05,2026-08-29T16:49:30,2
52423688,2026-08-05,2026-08-29T16:35:23,2
52423714,2026-08-05,2026-08-29T16:51:55,2
52425124,2026-08-05,2026-08-29T16:51:46,2
52425659,2026-08-05,2026-08-29T17:06:52,2
52431011,2026-08-29T16:36:14,2026-08-29T16:36:14,1
52431020,2026-08-05,2026-08-29T16:30:55,2
52431039,2026-08-05,2026-08-29T16:30:55,2
52431088,2026-08-05,2026-08-29T16:29:20,2
52431091,2026-08-05,2026-08-29T16:30:55,2
52432216,2026-08-05,2026-08-29T17:07:59,2
52432375,2026-08-05,2026-08-29T16:42:01,2
52432651,2026-08-05,2026-08-29T16:56:23,2
52433292,2026-08-05,2026-08-29T16:43:30,2
52434016,2026-08-29T16:44:50,2026-08-29T16:44:50,1
52435158,2026-08-29T16:39:22,2026-08-29T16:39:22,1
52435459,2026-08-29T17:03:30,2026-08-29T17:03:30,1
52435468,2026-08-05,2026-08-29T16:46:16,2
52435958,2026-08-05,2026-08-29T16:46:16,2
52436287,2026-08-05,2026-08-29T16:32:03,2
52436762,2026-08-29T16:58:09,2026-08-29T16:58:09,1
52436917,2026-08-05,2026-08-29T16:40:10,2
52439745,2026-08-05,2026-08-29T16:33:27,2
52441829,2026-08-05,2026-08-29T17:02:07,2
52441924,2026-08-05,2026-08-29T17:00:29,2
52442673,2026-08-05,2026-08-29T17:11:42,2
52442831,2026-08-05,2026-08-29T16:43:07,2
52444838,2026-08-05,2026-08-29T17:07:10,2
52446533,2026-08-05,2026-08-29T17:09:09,2
52446644,2026-08-05,2026-08-29T17:06:52,2
52446668,2026-08-05,2026-08-29T17:06:52,2
52446669,2026-08-05,2026-08-29T17:09:09,2
52446670,2026-08-05,2026-08-29T17:09:09,2
52446680,2026-08-05,2026-08-29T17:09:09,2
52447717,2026-08-05,2026-08-29T16:33:46,2
52447753,2026-08-05,2026-08-29T17:09:09,2
52447754,2026-08-05,2026-08-29T17:09:09,2
52447755,2026-08-05,2026-08-29T17:09:09,2
52450751,2026-08-05,2026-08-05,1
52450752,2026-08-05,2026-08-29T17:06:24,2
52454581,2026-08-05,2026-08-29T16:36:28,2
52456718,2026-08-05,2026-08-29T16:31:51,2
52459120,2026-08-05,2026-08-29T16:37:06,2
52459303,2026-08-05,2026-08-29T16:52:02,2
52459521,2026-08-05,2026-08-29T16:37:47,2
52461852,2026-08-05,2026-08-29T16:33:22,2
52461895,2026-08-05,2026-08-29T16:46:16,2
52464553,2026-08-05,2026-08-29T17:10:39,2
52464629,2026-08-29T16:42:53,2026-08-29T16:42:53,1
52465499,2026-08-29T16:58:07,2026-08-29T16:58:07,1
52465825,2026-08-05,2026-08-29T16:32:44,2
52466881,2026-08-05,2026-08-29T16:49:39,2
52466995,2026-08-29T16:59:29,2026-08-29T16:59:29,1
52467269,2026-08-05,2026-08-29T16:46:31,2
52468049,2026-08-05,2026-08-29T16:37:21,2
52469999,2026-08-05,2026-08-29T16:55:49,2
52470340,2026-08-29T16:56:08,2026-08-29T16:56:08,1
52472068,2026-08-05,2026-08-29T16:44:19,2
52472541,2026-08-05,2026-08-29T17:11:19,2
52473450,2026-08-05,2026-08-29T16:52:02,2
52474146,2026-08-05,2026-08-29T16:42:24,2
52475367,2026-08-05,2026-08-29T16:50:44,2
52475966,2026-08-05,2026-08-29T16:44:44,2
52476318,2026-08-05,2026-08-29T16:49:11,2
52478877,2026-08-05,2026-08-29T17:11:36,2
52478977,2026-08-29T16:59:08,2026-08-29T16:59:08,1
52479379,2026-08-05,2026-08-29T16:47:19,2
52479851,2026-08-29T16:57:06,2026-08-29T16:57:06,1
52480233,2026-08-05,2026-08-29T17:07:13,2
52481710,2026-08-05,2026-08-29T16:37:47,2
52482349,2026-08-05,2026-08-29T16:49:27,2
52482603,2026-08-05,2026-08-29T16:33:46,2
52483066,2026-08-05,2026-08-29T17:05:42,2
52483261,2026-08-05,2026-08-29T17:07:07,2
52487440,2026-08-29T17:03:01,2026-08-29T17:03:01,1
52487576,2026-08-29T16:29:39,2026-08-29T16:29:39,1
52487711,2026-08-05,2026-08-29T16:36:03,2
52488379,2026-08-05,2026-08-29T17:08:50,2
52488445,2026-08-05,2026-08-05,1
52488820,2026-08-05,2026-08-29T17:09:41,2
52490954,2026-08-05,2026-08-29T17:07:49,2
52491754,2026-08-05,2026-08-29T17:05:54,2
52492391,2026-08-05,2026-08-29T16:59:02,2
52492454,2026-08-05,2026-08-29T16:51:20,2
52492526,2026-08-05,2026-08-29T16:33:36,2
52494371,2026-08-05,2026-08-29T16:47:13,2
52495378,2026-08-05,2026-08-29T16:46:57,2
52495821,2026-08-05,2026-08-29T17:01:56,2
52496018,2026-08-05,2026-08-29T16:37:43,2
52496128,2026-08-05,2026-08-29T16:33:12,2
52496198,2026-08-05,2026-08-29T17:06:12,2
52497011,2026-08-05,2026-08-29T16:36:07,2
52498495,2026-08-05,2026-08-29T17:06:12,2
52498554,2026-08-05,2026-08-29T17:06:15,2
52499777,2026-08-05,2026-08-29T17:03:45,2
52501886,2026-08-05,2026-08-29T17:09:02,2
52502012,2026-08-05,2026-08-29T17:06:40,2
52503702,2026-08-05,2026-08-29T16:50:54,2
52505691,2026-08-05,2026-08-29T16:31:30,2
52506360,2026-08-05,2026-08-29T17:00:41,2
52507749,2026-08-05,2026-08-29T16:56:23,2
52508057,2026-08-29T16:56:14,2026-08-29T16:56:14,1
52509989,2026-08-05,2026-08-29T16:32:03,2
52512143,2026-08-05,2026-08-29T16:40:02,2
52512376,2026-08-29T16:39:51,2026-08-29T16:39:51,1
52513329,2026-08-29T16:29:28,2026-08-29T16:29:28,1
52513900,2026-08-05,2026-08-05,1
52515760,2026-08-29T16:43:59,2026-08-29T16:43:59,1
52519090,2026-08-05,2026-08-29T16:45:46,2
52522300,2026-08-05,2026-08-29T17:06:43,2
52522512,2026-08-05,2026-08-29T16:32:56,2
52522518,2026-08-05,2026-08-29T17:05:30,2
52523691,2026-08-05,2026-08-29T17:01:50,2
52526962,2026-08-05,2026-08-29T16:55:28,2
52527051,2026-08-05,2026-08-29T16:32:47,2
52527112,2026-08-05,2026-08-29T16:32:50,2
52527924,2026-08-29T17:04:19,2026-08-29T17:04:19,1
52530975,2026-08-05,2026-08-29T17:01:41,2
52532388,2026-08-05,2026-08-29T17:01:41,2
52532909,2026-08-05,2026-08-29T17:09:34,2
52533124,2026-08-29T16:45:12,2026-08-29T16:45:12,1
52533126,2026-08-29T16:42:39,2026-08-29T16:42:39,1
52533198,2026-08-29T16:44:35,2026-08-29T16:44:35,1
52533415,2026-08-05,2026-08-29T16:38:24,2
52533621,2026-08-05,2026-08-29T17:09:34,2
52534782,2026-08-05,2026-08-29T16:38:20,2
52534811,2026-08-29T16:55:09,2026-08-29T16:55:09,1
52534975,2026-08-05,2026-08-29T16:38:24,2
52537481,2026-08-05,2026-08-29T16:44:19,2
52539510,2026-08-29T16:55:25,2026-08-29T16:55:25,1
52540586,2026-08-05,2026-08-29T16:38:20,2
52541235,2026-08-05,2026-08-29T16:32:47,2
52541418,2026-08-05,2026-08-29T16:55:18,2
52541738,2026-08-29T16:55:28,2026-08-29T16:55:28,1
52541762,2026-08-05,2026-08-29T16:59:05,2
52542041,2026-08-29T16:39:58,2026-08-29T16:39:58,1
52542110,2026-08-05,2026-08-29T16:55:28,2
52542287,2026-08-05,2026-08-29T16:45:28,2
52544422,2026-08-05,2026-08-29T17:06:40,2
52545975,2026-08-05,2026-08-29T17:05:33,2
52548349,2026-08-05,2026-08-29T17:09:37,2
52548852,2026-08-29T16:32:56,2026-08-29T16:32:56,1
52550478,2026-08-29T16:59:35,2026-08-29T16:59:35,1
52553335,2026-08-29T16:54:08,2026-08-29T16:54:08,1
52553754,2026-08-29T16:51:49,2026-08-29T16:51:49,1
52559554,2026-08-05,2026-08-29T16:36:28,2
52560446,2026-08-05,2026-08-29T16:50:51,2
52560516,2026-08-29T16:55:25,2026-08-29T16:55:25,1
52562258,2026-08-05,2026-08-05,1
52563928,2026-08-05,2026-08-29T16:57:52,2
52564446,2026-08-05,2026-08-29T16:40:32,2
52564476,2026-08-05,2026-08-29T17:01:35,2
52565906,2026-08-29T16:45:19,2026-08-29T16:45:19,1
52565934,2026-08-05,2026-08-29T16:32:03,2
52566473,2026-08-05,2026-08-29T16:36:07,2
52566554,2026-08-05,2026-08-29T16:50:05,2
52566709,2026-08-05,2026-08-29T16:32:47,2
52566893,2026-08-29T16:39:58,2026-08-29T16:39:58,1
52566947,2026-08-29T16:32:03,2026-08-29T16:32:03,1
52567023,2026-08-29T16:55:18,2026-08-29T16:55:18,1
52567040,2026-08-29T16:50:05,2026-08-29T16:50:05,1
52567260,2026-08-05,2026-08-29T16:29:28,2
52568857,2026-08-29T16:59:55,2026-08-29T16:59:55,1
52569205,2026-08-05,2026-08-29T16:50:54,2
52569296,2026-08-05,2026-08-29T16:33:49,2
52570971,2026-08-29T16:54:51,2026-08-29T16:54:51,1
52574103,2026-08-05,2026-08-29T17:09:37,2
52574381,2026-08-05,2026-08-29T16:37:10,2
52574674,2026-08-05,2026-08-29T17:09:37,2
52575524,2026-08-05,2026-08-29T16:35:06,2
52575690,2026-08-05,2026-08-29T17:09:37,2
52578123,2026-08-29T16:58:59,2026-08-29T16:58:59,1
52578124,2026-08-29T16:58:59,2026-08-29T16:58:59,1
52579134,2026-08-05,2026-08-29T16:34:30,2
52579366,2026-08-29T16:50:05,2026-08-29T16:50:05,1
52579545,2026-08-29T16:50:05,2026-08-29T16:50:05,1
52579559,2026-08-05,2026-08-29T16:28:53,2
52579885,2026-08-05,2026-08-29T16:36:10,2
52579944,2026-08-29T17:02:49,2026-08-29T17:02:49,1
52580062,2026-08-05,2026-08-29T16:29:17,2
52580902,2026-08-05,2026-08-29T16:28:45,2
52582657,2026-08-05,2026-08-29T16:47:46,2
52582978,2026-08-29T16:57:15,2026-08-29T16:57:15,1
52584262,2026-08-29T16:40:36,2026-08-29T16:40:36,1
52584605,2026-08-05,2026-08-29T16:35:13,2
52584856,2026-08-05,2026-08-29T16:32:47,2
52587361,2026-08-05,2026-08-05,1
52587437,2026-08-05,2026-08-29T17:09:37,2
52587568,2026-08-05,2026-08-29T17:09:37,2
52587909,2026-08-05,2026-08-29T17:09:37,2
52587912,2026-08-29T16:52:19,2026-08-29T16:52:19,1
52587955,2026-08-05,2026-08-29T16:49:44,2
52590183,2026-08-29T16:55:40,2026-08-29T16:55:40,1
52590206,2026-08-29T16:55:40,2026-08-29T16:55:40,1
52591486,2026-08-29T16:59:11,2026-08-29T16:59:11,1
52591587,2026-08-05,2026-08-29T17:02:13,2
52592205,2026-08-05,2026-08-29T17:01:08,2
52592794,2026-08-05,2026-08-29T16:43:55,2
52593638,2026-08-05,2026-08-29T17:01:38,2
52596846,2026-08-05,2026-08-29T16:30:34,2
52597249,2026-08-05,2026-08-29T17:08:31,2
52598088,2026-08-05,2026-08-29T17:09:20,2
52598252,2026-08-05,2026-08-29T16:34:05,2
52598742,2026-08-05,2026-08-29T17:11:53,2
52599113,2026-08-29T17:00:08,2026-08-29T17:00:08,1
52599175,2026-08-29T16:58:59,2026-08-29T16:58:59,1
52599421,2026-08-05,2026-08-29T16:33:30,2
52599619,2026-08-05,2026-08-29T16:39:55,2
52599639,2026-08-29T17:00:04,2026-08-29T17:00:04,1
52600002,2026-08-29T16:50:08,2026-08-29T16:50:08,1
52600493,2026-08-29T16:30:49,2026-08-29T16:30:49,1
52600514,2026-08-29T16:40:36,2026-08-29T16:40:36,1
52601085,2026-08-29T17:00:23,2026-08-29T17:00:23,1
52601451,2026-08-05,2026-08-05,1
52601528,2026-08-05,2026-08-29T17:01:47,2
52601551,2026-08-29T17:03:04,2026-08-29T17:03:04,1
52601776,2026-08-05,2026-08-29T17:09:37,2
52601912,2026-08-05,2026-08-29T17:09:37,2
52601941,2026-08-05,2026-08-29T17:09:37,2
52605091,2026-08-29T17:04:37,2026-08-29T17:04:37,1
52607474,2026-08-29T16:53:31,2026-08-29T16:53:31,1
52607483,2026-08-05,2026-08-29T17:06:46,2
52607987,2026-08-05,2026-08-29T17:00:50,2
52608071,2026-08-05,2026-08-29T16:40:28,2
52609102,2026-08-05,2026-08-29T16:56:14,2
52610378,2026-08-05,2026-08-29T17:10:06,2
52610577,2026-08-05,2026-08-29T17:11:46,2
52612389,2026-08-05,2026-08-29T16:43:55,2
52612475,2026-08-05,2026-08-29T16:58:30,2
52613086,2026-08-05,2026-08-29T16:43:23,2
52615878,2026-08-29T16:57:31,2026-08-29T16:57:31,1
52615963,2026-08-29T16:57:31,2026-08-29T16:57:31,1
52618951,2026-08-29T16:39:06,2026-08-29T16:39:06,1
52620311,2026-08-29T16:51:49,2026-08-29T16:51:49,1
52620895,2026-08-05,2026-08-29T16:28:49,2
52624412,2026-08-05,2026-08-29T17:11:46,2
52625321,2026-08-05,2026-08-29T16:45:55,2
52626306,2026-08-05,2026-08-29T17:11:36,2
52626657,2026-08-29T16:54:30,2026-08-29T16:54:30,1
52628432,2026-08-29T16:56:43,2026-08-29T16:56:43,1
52630135,2026-08-29T16:50:51,2026-08-29T16:50:51,1
52630188,2026-08-05,2026-08-29T16:36:14,2
52630492,2026-08-05,2026-08-29T16:47:19,2
52631482,2026-08-05,2026-08-29T16:42:45,2
52631676,2026-08-29T17:02:52,2026-08-29T17:02:52,1
52631728,2026-08-29T17:02:58,2026-08-29T17:02:58,1
52631859,2026-08-29T16:56:08,2026-08-29T16:56:08,1
52632797,2026-08-05,2026-08-29T16:41:22,2
52633909,2026-08-29T16:40:36,2026-08-29T16:40:36,1
52634828,2026-08-05,2026-08-29T16:34:30,2
52635314,2026-08-05,2026-08-29T17:01:56,2
52639323,2026-08-29T16:44:59,2026-08-29T16:44:59,1
52639688,2026-08-05,2026-08-29T17:10:44,2
52640348,2026-08-05,2026-08-29T17:08:47,2
52640700,2026-08-29T16:58:55,2026-08-29T16:58:55,1
52640868,2026-08-05,2026-08-29T16:46:16,2
52641607,2026-08-05,2026-08-29T17:06:32,2
52641799,2026-08-05,2026-08-29T16:46:13,2
52641801,2026-08-05,2026-08-29T16:47:19,2
52645662,2026-08-29T16:38:59,2026-08-29T16:38:59,1
52645780,2026-08-05,2026-08-29T16:33:30,2
52645883,2026-08-29T16:51:00,2026-08-29T16:51:00,1
52645949,2026-08-05,2026-08-29T16:37:43,2
52645966,2026-08-05,2026-08-29T16:35:23,2
52646030,2026-08-29T16:51:00,2026-08-29T16:51:00,1
52646080,2026-08-05,2026-08-29T16:30:26,2
52646136,2026-08-29T16:45:55,2026-08-29T16:45:55,1
52646224,2026-08-29T16:50:54,2026-08-29T16:50:54,1
52646261,2026-08-29T16:50:57,2026-08-29T16:50:57,1
52646863,2026-08-29T16:50:57,2026-08-29T16:50:57,1
52646890,2026-08-29T16:50:54,2026-08-29T16:50:54,1
52646983,2026-08-29T16:50:57,2026-08-29T16:50:57,1
52647064,2026-08-05,2026-08-29T16:45:55,2
52648542,2026-08-29T16:58:07,2026-08-29T16:58:07,1
52648556,2026-08-05,2026-08-29T16:32:56,2
52648561,2026-08-29T16:55:25,2026-08-29T16:55:25,1
52648789,2026-08-29T16:55:43,2026-08-29T16:55:43,1
52648996,2026-08-05,2026-08-29T16:55:28,2
52649054,2026-08-29T16:57:40,2026-08-29T16:57:40,1
52649091,2026-08-29T16:55:34,2026-08-29T16:55:34,1
52649283,2026-08-05,2026-08-29T16:32:59,2
52649345,2026-08-05,2026-08-29T16:38:59,2
52649440,2026-08-29T16:58:43,2026-08-29T16:58:43,1
52649826,2026-08-05,2026-08-29T17:02:04,2
52649991,2026-08-29T16:44:59,2026-08-29T16:44:59,1
52650016,2026-08-05,2026-08-29T17:12:09,2
52650200,2026-08-05,2026-08-29T17:02:04,2
52650497,2026-08-29T16:45:55,2026-08-29T16:45:55,1
52650499,2026-08-29T16:51:00,2026-08-29T16:51:00,1
52650501,2026-08-29T16:46:07,2026-08-29T16:46:07,1
52650560,2026-08-29T16:50:57,2026-08-29T16:50:57,1
52653084,2026-08-05,2026-08-29T17:01:38,2
52653327,2026-08-29T16:44:19,2026-08-29T16:44:19,1
52653791,2026-08-29T16:45:55,2026-08-29T16:45:55,1
52653842,2026-08-05,2026-08-29T16:50:54,2
52653903,2026-08-05,2026-08-29T16:50:54,2
52654352,2026-08-05,2026-08-29T16:31:24,2
52654696,2026-08-05,2026-08-29T17:06:46,2
52655044,2026-08-05,2026-08-05,1
52658470,2026-08-29T16:35:16,2026-08-29T16:35:16,1
52658630,2026-08-05,2026-08-29T16:50:47,2
52658761,2026-08-05,2026-08-29T16:50:44,2
52658832,2026-08-29T16:50:44,2026-08-29T16:50:44,1
52658854,2026-08-05,2026-08-05,1
52658899,2026-08-05,2026-08-29T16:58:12,2
52658946,2026-08-05,2026-08-29T16:36:14,2
52658974,2026-08-05,2026-08-29T16:37:28,2
52659304,2026-08-29T16:50:44,2026-08-29T16:50:44,1
52659338,2026-08-05,2026-08-29T17:02:13,2
52659351,2026-08-05,2026-08-29T16:40:28,2
52659363,2026-08-05,2026-08-29T17:00:50,2
52659369,2026-08-29T16:39:22,2026-08-29T16:39:22,1
52659398,2026-08-29T16:51:06,2026-08-29T16:51:06,1
52659456,2026-08-05,2026-08-29T16:51:06,2
52661114,2026-08-05,2026-08-29T16:32:59,2
52661611,2026-08-05,2026-08-29T16:42:29,2
52661668,2026-08-05,2026-08-29T16:37:21,2
52661704,2026-08-05,2026-08-29T16:37:17,2
52661723,2026-08-05,2026-08-29T16:58:12,2
52661869,2026-08-05,2026-08-29T16:50:41,2
52661968,2026-08-05,2026-08-29T16:50:41,2
52662055,2026-08-05,2026-08-29T16:51:06,2
52662412,2026-08-05,2026-08-29T16:51:06,2
52662459,2026-08-05,2026-08-29T16:54:45,2
52663224,2026-08-29T16:50:35,2026-08-29T16:50:35,1
52663408,2026-08-29T16:50:35,2026-08-29T16:50:35,1
52663627,2026-08-05,2026-08-29T16:48:52,2
52663714,2026-08-29T16:47:19,2026-08-29T16:47:19,1
52664074,2026-08-05,2026-08-29T16:33:30,2
52664863,2026-08-05,2026-08-29T16:50:44,2
52669404,2026-08-29T16:58:49,2026-08-29T16:58:49,1
52669541,2026-08-05,2026-08-29T17:09:37,2
52671574,2026-08-05,2026-08-29T16:35:43,2
52672255,2026-08-29T16:55:22,2026-08-29T16:55:22,1
52673347,2026-08-29T16:58:33,2026-08-29T16:58:33,1
52677017,2026-08-29T16:52:19,2026-08-29T16:52:19,1
52679873,2026-08-29T16:59:29,2026-08-29T16:59:29,1
52681328,2026-08-05,2026-08-29T17:09:20,2
52686305,2026-08-29T16:52:19,2026-08-29T16:52:19,1
52687923,2026-08-05,2026-08-29T17:02:25,2
52690618,2026-08-05,2026-08-29T16:46:04,2
52690864,2026-08-05,2026-08-29T17:00:50,2
52691281,2026-08-29T17:04:06,2026-08-29T17:04:06,1
52695170,2026-08-29T17:04:03,2026-08-29T17:04:03,1
52695363,2026-08-05,2026-08-29T17:00:44,2
52697499,2026-08-05,2026-08-29T17:07:04,2
52702259,2026-08-29T16:44:59,2026-08-29T16:44:59,1
52702504,2026-08-05,2026-08-29T16:37:47,2
52702772,2026-08-29T17:03:33,2026-08-29T17:03:33,1
52702863,2026-08-05,2026-08-29T16:41:48,2
52703204,2026-08-05,2026-08-29T17:00:53,2
52703516,2026-08-05,2026-08-29T16:32:47,2
52703626,2026-08-05,2026-08-29T16:51:52,2
52704129,2026-08-05,2026-08-29T16:54:45,2
52704475,2026-08-05,2026-08-29T16:32:16,2
52706192,2026-08-29T16:48:31,2026-08-29T16:48:31,1
52706438,2026-08-05,2026-08-29T16:49:27,2
52706454,2026-08-05,2026-08-29T16:40:10,2
52707051,2026-08-29T16:39:34,2026-08-29T16:39:34,1
52707057,2026-08-29T16:39:34,2026-08-29T16:39:34,1
52707066,2026-08-29T16:39:34,2026-08-29T16:39:34,1
52707603,2026-08-05,2026-08-29T16:47:22,2
52708738,2026-08-05,2026-08-29T16:44:26,2
52709272,2026-08-05,2026-08-29T16:44:26,2
52709745,2026-08-05,2026-08-29T17:11:49,2
52709747,2026-08-05,2026-08-29T17:10:15,2
52709962,2026-08-05,2026-08-29T16:35:55,2
52710575,2026-08-05,2026-08-29T17:01:59,2
52710840,2026-08-05,2026-08-29T16:40:16,2
52710860,2026-08-05,2026-08-29T16:43:23,2
52711688,2026-08-29T16:58:21,2026-08-29T16:58:21,1
52712305,2026-08-05,2026-08-29T17:01:35,2
52712749,2026-08-29T17:00:01,2026-08-29T17:00:01,1
52712813,2026-08-29T16:59:20,2026-08-29T16:59:20,1
52713468,2026-08-05,2026-08-29T16:55:59,2
52713472,2026-08-05,2026-08-29T16:50:15,2
52714340,2026-08-05,2026-08-29T16:33:49,2
52714858,2026-08-05,2026-08-29T16:39:42,2
52714947,2026-08-05,2026-08-29T17:05:45,2
52714980,2026-08-29T16:44:59,2026-08-29T16:44:59,1
52714998,2026-08-05,2026-08-29T16:37:06,2
52715220,2026-08-05,2026-08-29T16:30:37,2
52715278,2026-08-05,2026-08-29T16:48:14,2
52715638,2026-08-29T16:44:59,2026-08-29T16:44:59,1
52716022,2026-08-05,2026-08-29T17:10:03,2
52716303,2026-08-29T16:30:52,2026-08-29T16:30:52,1
52716353,2026-08-29T17:04:03,2026-08-29T17:04:03,1
52717384,2026-08-05,2026-08-29T16:50:44,2
52717520,2026-08-05,2026-08-29T16:50:44,2
52718113,2026-08-29T16:43:33,2026-08-29T16:43:33,1
52718989,2026-08-29T16:40:10,2026-08-29T16:40:10,1
52719856,2026-08-29T16:50:41,2026-08-29T16:50:41,1
52720159,2026-08-29T16:50:41,2026-08-29T16:50:41,1
52720372,2026-08-29T16:50:54,2026-08-29T16:50:54,1
52720385,2026-08-29T16:50:41,2026-08-29T16:50:41,1
52720499,2026-08-29T16:50:54,2026-08-29T16:50:54,1
52722294,2026-08-29T16:54:08,2026-08-29T16:54:08,1
52722656,2026-08-29T16:43:33,2026-08-29T16:43:33,1
52722768,2026-08-29T16:50:41,2026-08-29T16:50:41,1
52724124,2026-08-05,2026-08-29T16:40:10,2
52726201,2026-08-29T17:02:46,2026-08-29T17:02:46,1
52726420,2026-08-05,2026-08-29T16:44:35,2
52726465,2026-08-05,2026-08-29T17:09:02,2
52727580,2026-08-05,2026-08-29T17:06:55,2
52728912,2026-08-05,2026-08-29T17:07:01,2
52729184,2026-08-29T16:59:20,2026-08-29T16:59:20,1
52729192,2026-08-29T16:59:55,2026-08-29T16:59:55,1
52730960,2026-08-05,2026-08-29T16:58:12,2
52731469,2026-08-05,2026-08-29T16:36:10,2
52731884,2026-08-05,2026-08-29T17:05:51,2
52733256,2026-08-29T16:39:46,2026-08-29T16:39:46,1
52736755,2026-08-05,2026-08-29T16:37:21,2
52740285,2026-08-05,2026-08-29T17:11:42,2
52741251,2026-08-29T16:57:31,2026-08-29T16:57:31,1
52744421,2026-08-29T16:44:59,2026-08-29T16:44:59,1
52744454,2026-08-05,2026-08-29T17:00:44,2
52748869,2026-08-05,2026-08-05,1
52749051,2026-08-05,2026-08-05,1
52750318,2026-08-05,2026-08-29T16:30:41,2
52753720,2026-08-29T16:44:13,2026-08-29T16:44:13,1
52755709,2026-08-05,2026-08-29T16:40:07,2
52759991,2026-08-05,2026-08-29T16:39:38,2
52767028,2026-08-29T16:30:49,2026-08-29T16:30:49,1
52767600,2026-08-29T16:52:10,2026-08-29T16:52:10,1
52767966,2026-08-29T16:39:34,2026-08-29T16:39:34,1
52768053,2026-08-05,2026-08-29T17:09:02,2
52769693,2026-08-05,2026-08-29T17:00:50,2
52769814,2026-08-05,2026-08-29T16:37:43,2
52770332,2026-08-05,2026-08-29T16:40:23,2
52770524,2026-08-05,2026-08-29T16:54:45,2
52770664,2026-08-05,2026-08-29T16:37:10,2
52771448,2026-08-29T17:06:15,2026-08-29T17:06:15,1
52771481,2026-08-29T16:51:13,2026-08-29T16:51:13,1
52773018,2026-08-05,2026-08-29T16:49:44,2
52773085,2026-08-05,2026-08-29T16:36:58,2
52773094,2026-08-05,2026-08-29T17:02:13,2
52773126,2026-08-29T16:45:46,2026-08-29T16:45:46,1
52778116,2026-08-05,2026-08-29T17:10:55,2
52781996,2026-08-29T16:58:55,2026-08-29T16:58:55,1
52782460,2026-08-05,2026-08-29T17:02:25,2
52783010,2026-08-29T16:44:59,2026-08-29T16:44:59,1
52783048,2026-08-29T16:32:19,2026-08-29T16:32:19,1
52783267,2026-08-05,2026-08-29T17:09:55,2
52785085,2026-08-05,2026-08-29T16:35:23,2
52785720,2026-08-05,2026-08-29T17:09:37,2
52786386,2026-08-05,2026-08-29T17:01:38,2
52789052,2026-08-05,2026-08-29T16:37:43,2
52789536,2026-08-05,2026-08-29T16:28:45,2
52790946,2026-08-05,2026-08-29T16:48:11,2
52791197,2026-08-29T17:04:03,2026-08-29T17:04:03,1
52793804,2026-08-05,2026-08-29T17:11:36,2
52794190,2026-08-05,2026-08-29T17:11:36,2
52795620,2026-08-05,2026-08-05,1
52801468,2026-08-05,2026-08-29T16:59:29,2
52802831,2026-08-05,2026-08-29T16:33:52,2
52802862,2026-08-05,2026-08-29T16:33:02,2
52809328,2026-08-05,2026-08-29T16:36:47,2
52813252,2026-08-05,2026-08-29T16:28:45,2
52814442,2026-08-29T16:48:31,2026-08-29T16:48:31,1
52817336,2026-08-05,2026-08-29T16:34:30,2
52817547,2026-08-05,2026-08-29T16:34:41,2
52818008,2026-08-05,2026-08-29T16:36:33,2
52824008,2026-08-05,2026-08-29T17:09:23,2
52825343,2026-08-05,2026-08-29T16:42:45,2
52825428,2026-08-29T16:59:14,2026-08-29T16:59:14,1
52829945,2026-08-05,2026-08-29T16:45:42,2
52831680,2026-08-05,2026-08-29T16:49:27,2
52831890,2026-08-05,2026-08-29T16:43:59,2
52833424,2026-08-29T16:44:56,2026-08-29T16:44:56,1
52833880,2026-08-05,2026-08-29T17:10:55,2
52833921,2026-08-05,2026-08-05,1
52834633,2026-08-05,2026-08-29T17:10:24,2
52834642,2026-08-05,2026-08-29T17:10:24,2
52836365,2026-08-05,2026-08-29T17:10:24,2
52836381,2026-08-05,2026-08-29T17:10:24,2
52837022,2026-08-05,2026-08-29T17:01:02,2
52837912,2026-08-05,2026-08-29T17:09:20,2
52841272,2026-08-29T16:55:52,2026-08-29T16:55:52,1
52842034,2026-08-05,2026-08-29T16:46:45,2
52842254,2026-08-05,2026-08-29T17:07:13,2
52842538,2026-08-05,2026-08-29T16:49:27,2
52842983,2026-08-29T16:58:30,2026-08-29T16:58:30,1
52844923,2026-08-05,2026-08-29T16:39:55,2
52845736,2026-08-29T16:32:19,2026-08-29T16:32:19,1
52845760,2026-08-29T16:32:19,2026-08-29T16:32:19,1
52847274,2026-08-05,2026-08-29T16:48:56,2
52849694,2026-08-05,2026-08-29T17:11:15,2
52850356,2026-08-29T16:32:19,2026-08-29T16:32:19,1
52850610,2026-08-29T16:57:15,2026-08-29T16:57:15,1
52851379,2026-08-05,2026-08-29T17:07:13,2
52851742,2026-08-05,2026-08-29T17:11:02,2
52852859,2026-08-05,2026-08-05,1
52852975,2026-08-05,2026-08-05,1
52853894,2026-08-05,2026-08-29T17:09:20,2
52855379,2026-08-05,2026-08-29T16:44:56,2
52855794,2026-08-29T16:32:19,2026-08-29T16:32:19,1
52856631,2026-08-29T16:48:31,2026-08-29T16:48:31,1
52857653,2026-08-29T16:58:30,2026-08-29T16:58:30,1
52858216,2026-08-05,2026-08-05,1
52858981,2026-08-29T16:31:09,2026-08-29T16:31:09,1
52859705,2026-08-05,2026-08-29T17:05:19,2
52860875,2026-08-29T16:32:19,2026-08-29T16:32:19,1
52861317,2026-08-29T16:30:55,2026-08-29T16:30:55,1
52862025,2026-08-05,2026-08-29T17:07:59,2
52862384,2026-08-05,2026-08-29T17:06:40,2
52863448,2026-08-29T17:00:14,2026-08-29T17:00:14,1
52863567,2026-08-05,2026-08-29T16:42:29,2
52864354,2026-08-29T17:04:34,2026-08-29T17:04:34,1
52864374,2026-08-29T17:00:14,2026-08-29T17:00:14,1
52864575,2026-08-29T16:56:39,2026-08-29T16:56:39,1
52864845,2026-08-05,2026-08-29T16:48:34,2
52868811,2026-08-05,2026-08-29T16:49:27,2
52869503,2026-08-05,2026-08-29T16:32:22,2
52871825,2026-08-05,2026-08-29T16:32:38,2
52872097,2026-08-29T16:52:52,2026-08-29T16:52:52,1
52875376,2026-08-05,2026-08-05,1
52877387,2026-08-29T16:44:44,2026-08-29T16:44:44,1
52878845,2026-08-05,2026-08-29T16:48:20,2
52884235,2026-08-29T16:29:04,2026-08-29T16:29:04,1
52884285,2026-08-05,2026-08-29T16:31:27,2
52884287,2026-08-05,2026-08-29T16:29:31,2
52884593,2026-08-29T16:52:31,2026-08-29T16:52:31,1
52887814,2026-08-05,2026-08-29T16:37:02,2
52889351,2026-08-05,2026-08-29T17:11:28,2
52891433,2026-08-05,2026-08-29T17:11:53,2
52893646,2026-08-05,2026-08-05,1
52894419,2026-08-05,2026-08-29T16:33:49,2
52897769,2026-08-29T16:53:02,2026-08-29T16:53:02,1
52898358,2026-08-29T16:30:55,2026-08-29T16:30:55,1
52898539,2026-08-05,2026-08-29T17:09:55,2
52899442,2026-08-05,2026-08-05,1
52899560,2026-08-29T16:52:19,2026-08-29T16:52:19,1
52899644,2026-08-05,2026-08-05,1
52899726,2026-08-05,2026-08-05,1
52899742,2026-08-29T16:52:19,2026-08-29T16:52:19,1
52899829,2026-08-05,2026-08-05,1
52899865,2026-08-29T16:52:19,2026-08-29T16:52:19,1
52900318,2026-08-05,2026-08-05,1
52901423,2026-08-05,2026-08-29T16:34:26,2
52901871,2026-08-05,2026-08-05,1
52902097,2026-08-05,2026-08-29T16:33:36,2
52902306,2026-08-05,2026-08-29T16:33:36,2
52902330,2026-08-05,2026-08-29T16:59:02,2
52903283,2026-08-05,2026-08-29T17:11:36,2
52903619,2026-08-05,2026-08-29T16:59:02,2
52905539,2026-08-29T16:44:44,2026-08-29T16:44:44,1
52905620,2026-08-29T16:44:40,2026-08-29T16:44:40,1
52905709,2026-08-29T16:44:40,2026-08-29T16:44:40,1
52906299,2026-08-29T16:30:52,2026-08-29T16:30:52,1
52907377,2026-08-29T16:44:40,2026-08-29T16:44:40,1
52907428,2026-08-29T16:44:44,2026-08-29T16:44:44,1
52907728,2026-08-05,2026-08-29T17:07:49,2
52907949,2026-08-05,2026-08-29T16:39:30,2
52908046,2026-08-29T16:39:30,2026-08-29T16:39:30,1
52908091,2026-08-29T16:39:30,2026-08-29T16:39:30,1
52910031,2026-08-05,2026-08-29T17:01:56,2
52911122,2026-08-05,2026-08-05,1
52911533,2026-08-29T16:44:44,2026-08-29T16:44:44,1
52912711,2026-08-29T16:39:55,2026-08-29T16:39:55,1
52915014,2026-08-05,2026-08-29T16:48:40,2
52915913,2026-08-05,2026-08-29T17:11:02,2
52920264,2026-08-05,2026-08-29T16:34:26,2
52920607,2026-08-05,2026-08-29T17:10:31,2
52920661,2026-08-05,2026-08-29T17:11:19,2
52920737,2026-08-29T16:44:44,2026-08-29T16:44:44,1
52920815,2026-08-29T16:44:44,2026-08-29T16:44:44,1
52925397,2026-08-29T16:43:10,2026-08-29T16:43:10,1
52925476,2026-08-05,2026-08-29T16:44:47,2
52925724,2026-08-05,2026-08-29T16:36:33,2
52928787,2026-08-05,2026-08-29T16:32:22,2
52928901,2026-08-29T16:30:45,2026-08-29T16:30:45,1
52929937,2026-08-29T16:58:52,2026-08-29T16:58:52,1
52931062,2026-08-05,2026-08-29T16:37:47,2
52931378,2026-08-29T16:57:09,2026-08-29T16:57:09,1
52931401,2026-08-29T16:57:09,2026-08-29T16:57:09,1
52931420,2026-08-05,2026-08-29T17:01:02,2
52933116,2026-08-05,2026-08-29T17:06:43,2
52934132,2026-08-05,2026-08-29T16:37:54,2
52935635,2026-08-29T16:39:30,2026-08-29T16:39:30,1
52935636,2026-08-29T16:39:30,2026-08-29T16:39:30,1
52935639,2026-08-29T16:39:30,2026-08-29T16:39:30,1
52935644,2026-08-29T16:39:30,2026-08-29T16:39:30,1
52936376,2026-08-05,2026-08-29T16:34:50,2
52936878,2026-08-29T16:51:55,2026-08-29T16:51:55,1
52936919,2026-08-29T16:37:43,2026-08-29T16:37:43,1
52936978,2026-08-29T16:56:36,2026-08-29T16:56:36,1
52937127,2026-08-05,2026-08-29T17:05:10,2
52937192,2026-08-05,2026-08-29T17:10:52,2
52937904,2026-08-05,2026-08-29T16:29:07,2
52937934,2026-08-29T16:51:20,2026-08-29T16:51:20,1
52938609,2026-08-05,2026-08-05,1
52939022,2026-08-29T16:53:47,2026-08-29T16:53:47,1
52939728,2026-08-29T17:03:30,2026-08-29T17:03:30,1
52939982,2026-08-05,2026-08-29T17:11:11,2
52942466,2026-08-05,2026-08-29T16:51:16,2
52942750,2026-08-29T16:52:55,2026-08-29T16:52:55,1
52942757,2026-08-05,2026-08-29T16:28:56,2
52943261,2026-08-29T16:28:56,2026-08-29T16:28:56,1
52943452,2026-08-29T16:28:53,2026-08-29T16:28:53,1
52944250,2026-08-05,2026-08-29T17:06:55,2
52945043,2026-08-29T16:39:30,2026-08-29T16:39:30,1
52945087,2026-08-29T16:39:26,2026-08-29T16:39:26,1
52945099,2026-08-29T16:39:26,2026-08-29T16:39:26,1
52947065,2026-08-29T16:50:54,2026-08-29T16:50:54,1
52947098,2026-08-29T16:58:52,2026-08-29T16:58:52,1
52947353,2026-08-05,2026-08-29T17:07:59,2
52948093,2026-08-05,2026-08-05,1
52948206,2026-08-05,2026-08-05,1
52948241,2026-08-05,2026-08-05,1
52948249,2026-08-05,2026-08-05,1
52948298,2026-08-05,2026-08-05,1
52948497,2026-08-05,2026-08-05,1
52950079,2026-08-29T16:37:43,2026-08-29T16:37:43,1
52950401,2026-08-05,2026-08-29T16:37:43,2
52950508,2026-08-29T16:51:55,2026-08-29T16:51:55,1
52954434,2026-08-05,2026-08-05,1
52955630,2026-08-05,2026-08-29T17:05:42,2
52955973,2026-08-05,2026-08-29T17:07:42,2
52956849,2026-08-05,2026-08-29T17:11:31,2
52957205,2026-08-05,2026-08-29T17:05:54,2
52959315,2026-08-05,2026-08-29T16:34:47,2
52963560,2026-08-05,2026-08-29T17:09:06,2
52963589,2026-08-05,2026-08-29T17:07:49,2
52964228,2026-08-05,2026-08-29T16:44:19,2
52964445,2026-08-05,2026-08-29T16:44:22,2
52964736,2026-08-05,2026-08-29T17:00:47,2
52968346,2026-08-29T17:03:51,2026-08-29T17:03:51,1
52968636,2026-08-05,2026-08-29T16:44:40,2
52968691,2026-08-05,2026-08-29T17:01:02,2
52968701,2026-08-05,2026-08-29T16:38:02,2
52970771,2026-08-05,2026-08-29T17:00:32,2
52971676,2026-08-05,2026-08-29T16:37:54,2
52972206,2026-08-05,2026-08-29T16:49:44,2
52972351,2026-08-05,2026-08-29T16:46:34,2
52972591,2026-08-05,2026-08-29T16:45:42,2
52974109,2026-08-05,2026-08-29T17:07:59,2
52977115,2026-08-29T16:53:35,2026-08-29T16:53:35,1
52977389,2026-08-29T16:43:10,2026-08-29T16:43:10,1
52979325,2026-08-05,2026-08-29T16:35:59,2
52980948,2026-08-05,2026-08-29T16:37:10,2
52981413,2026-08-05,2026-08-29T17:07:25,2
52981618,2026-08-05,2026-08-29T16:32:16,2
52982113,2026-08-05,2026-08-29T16:34:16,2
52983819,2026-08-05,2026-08-29T17:07:10,2
52984185,2026-08-05,2026-08-29T17:07:13,2
52984962,2026-08-05,2026-08-29T17:08:56,2
52985182,2026-08-29T16:58:30,2026-08-29T16:58:30,1
52985767,2026-08-05,2026-08-29T17:08:38,2
52985842,2026-08-05,2026-08-29T16:34:44,2
52986074,2026-08-05,2026-08-29T17:07:59,2
52987929,2026-08-05,2026-08-29T16:34:47,2
52993671,2026-08-29T16:39:42,2026-08-29T16:39:42,1
52996036,2026-08-05,2026-08-29T16:55:49,2
52997268,2026-08-29T16:55:34,2026-08-29T16:55:34,1
52997745,2026-08-05,2026-08-29T16:45:49,2
52999175,2026-08-05,2026-08-29T17:12:03,2
52999178,2026-08-05,2026-08-29T17:11:46,2
53001310,2026-08-05,2026-08-29T16:33:15,2
53001319,2026-08-05,2026-08-29T16:33:19,2
53001341,2026-08-29T16:59:58,2026-08-29T16:59:58,1
53002876,2026-08-05,2026-08-29T16:37:47,2
53004007,2026-08-05,2026-08-29T16:43:13,2
53004175,2026-08-05,2026-08-29T16:33:46,2
53007291,2026-08-05,2026-08-29T16:44:19,2
53009943,2026-08-05,2026-08-29T16:31:30,2
53011290,2026-08-05,2026-08-29T16:35:19,2
53011299,2026-08-05,2026-08-29T16:31:44,2
53011353,2026-08-05,2026-08-29T17:00:50,2
53011574,2026-08-29T16:49:39,2026-08-29T16:49:39,1
53011750,2026-08-05,2026-08-29T16:46:31,2
53013023,2026-08-29T16:58:21,2026-08-29T16:58:21,1
53014610,2026-08-29T16:55:52,2026-08-29T16:55:52,1
53015391,2026-08-05,2026-08-29T16:56:08,2
53016253,2026-08-05,2026-08-29T17:02:04,2
53020847,2026-08-05,2026-08-29T16:57:37,2
53021222,2026-08-05,2026-08-29T16:31:38,2
53021627,2026-08-29T16:46:10,2026-08-29T16:46:10,1
53022618,2026-08-05,2026-08-05,1
53022864,2026-08-05,2026-08-05,1
53023514,2026-08-29T16:59:05,2026-08-29T16:59:05,1
53023582,2026-08-29T16:30:19,2026-08-29T16:30:19,1
53023588,2026-08-29T16:53:31,2026-08-29T16:53:31,1
53024548,2026-08-29T16:41:52,2026-08-29T16:41:52,1
53025452,2026-08-05,2026-08-29T16:58:18,2
53026335,2026-08-05,2026-08-29T16:40:20,2
53026985,2026-08-05,2026-08-29T16:30:15,2
53027396,2026-08-29T16:30:30,2026-08-29T16:30:30,1
53027423,2026-08-29T16:38:55,2026-08-29T16:38:55,1
53027470,2026-08-29T16:38:55,2026-08-29T16:38:55,1
53028414,2026-08-29T16:43:55,2026-08-29T16:43:55,1
53029039,2026-08-29T16:59:14,2026-08-29T16:59:14,1
53029302,2026-08-29T17:03:30,2026-08-29T17:03:30,1
53030652,2026-08-29T16:58:59,2026-08-29T16:58:59,1
53030780,2026-08-05,2026-08-29T16:33:33,2
53031171,2026-08-05,2026-08-29T16:41:02,2
53031318,2026-08-29T16:54:08,2026-08-29T16:54:08,1
53033219,2026-08-05,2026-08-29T16:36:33,2
53033569,2026-08-05,2026-08-29T16:49:30,2
53036306,2026-08-29T16:57:18,2026-08-29T16:57:18,1
53037097,2026-08-05,2026-08-29T16:45:46,2
53039008,2026-08-05,2026-08-29T17:05:10,2
53039126,2026-08-29T16:29:31,2026-08-29T16:29:31,1
53039759,2026-08-05,2026-08-29T16:33:52,2
53040399,2026-08-05,2026-08-29T16:34:47,2
53040423,2026-08-29T16:53:12,2026-08-29T16:53:12,1
53042195,2026-08-05,2026-08-29T16:28:45,2
53042248,2026-08-05,2026-08-29T16:31:38,2
53042357,2026-08-05,2026-08-29T16:33:08,2
53043654,2026-08-05,2026-08-29T16:29:35,2
53043996,2026-08-29T16:35:35,2026-08-29T16:35:35,1
53044655,2026-08-05,2026-08-29T17:09:27,2
53045622,2026-08-05,2026-08-29T16:34:53,2
53045889,2026-08-29T17:00:17,2026-08-29T17:00:17,1
53048307,2026-08-05,2026-08-29T17:01:29,2
53048597,2026-08-05,2026-08-29T16:46:48,2
53048731,2026-08-05,2026-08-29T16:51:23,2
53048888,2026-08-29T16:45:12,2026-08-29T16:45:12,1
53049631,2026-08-05,2026-08-05,1
53049860,2026-08-05,2026-08-29T16:37:39,2
53049861,2026-08-05,2026-08-29T16:30:41,2
53050491,2026-08-29T17:03:30,2026-08-29T17:03:30,1
53053080,2026-08-05,2026-08-29T16:44:08,2
53053084,2026-08-05,2026-08-29T16:43:39,2
53053124,2026-08-05,2026-08-29T16:43:39,2
53053904,2026-08-29T16:43:10,2026-08-29T16:43:10,1
53053944,2026-08-29T16:50:57,2026-08-29T16:50:57,1
53054162,2026-08-29T16:50:57,2026-08-29T16:50:57,1
53054809,2026-08-29T16:45:12,2026-08-29T16:45:12,1
53055731,2026-08-05,2026-08-29T16:46:54,2
53056307,2026-08-29T17:03:51,2026-08-29T17:03:51,1
53056835,2026-08-05,2026-08-29T16:34:44,2
53057654,2026-08-05,2026-08-05,1
53060770,2026-08-05,2026-08-29T16:49:11,2
53061547,2026-08-29T16:36:22,2026-08-29T16:36:22,1
53062413,2026-08-05,2026-08-29T16:29:24,2
53064057,2026-08-05,2026-08-05,1
53064554,2026-08-29T16:50:57,2026-08-29T16:50:57,1
53065914,2026-08-05,2026-08-29T16:43:36,2
53068366,2026-08-05,2026-08-29T16:35:55,2
53068963,2026-08-29T17:03:21,2026-08-29T17:03:21,1
53069270,2026-08-05,2026-08-29T16:46:22,2
53069350,2026-08-05,2026-08-29T16:36:37,2
53070088,2026-08-05,2026-08-05,1
53070192,2026-08-05,2026-08-29T17:06:46,2
53070555,2026-08-29T16:38:10,2026-08-29T16:38:10,1
53072036,2026-08-05,2026-08-05,1
53075314,2026-08-29T16:45:30,2026-08-29T16:45:30,1
53075328,2026-08-29T16:44:32,2026-08-29T16:44:32,1
53075391,2026-08-05,2026-08-29T16:44:16,2
53075809,2026-08-29T16:50:57,2026-08-29T16:50:57,1
53076070,2026-08-05,2026-08-29T16:31:38,2
53076150,2026-08-29T16:55:52,2026-08-29T16:55:52,1
53076394,2026-08-05,2026-08-29T17:06:55,2
53076760,2026-08-05,2026-08-29T17:07:59,2
53079430,2026-08-05,2026-08-29T16:49:14,2
53079807,2026-08-29T16:50:57,2026-08-29T16:50:57,1
53081125,2026-08-29T16:50:57,2026-08-29T16:50:57,1
53081940,2026-08-05,2026-08-29T16:46:48,2
53082003,2026-08-05,2026-08-29T16:37:54,2
53082561,2026-08-05,2026-08-29T17:10:55,2
53082655,2026-08-05,2026-08-29T16:33:36,2
53082691,2026-08-05,2026-08-29T16:40:43,2
53082735,2026-08-05,2026-08-29T16:37:51,2
53082746,2026-08-05,2026-08-29T16:40:20,2
53082754,2026-08-05,2026-08-29T16:40:16,2
53082837,2026-08-05,2026-08-29T17:06:40,2
53083379,2026-08-29T16:36:54,2026-08-29T16:36:54,1
53083411,2026-08-05,2026-08-29T16:36:51,2
53083428,2026-08-05,2026-08-29T16:36:51,2
53083709,2026-08-05,2026-08-29T17:03:45,2
53083746,2026-08-05,2026-08-29T17:03:45,2
53085080,2026-08-05,2026-08-29T16:40:20,2
53085112,2026-08-05,2026-08-29T16:40:20,2
53085118,2026-08-05,2026-08-29T16:39:42,2
53085600,2026-08-05,2026-08-29T16:31:47,2
53086020,2026-08-29T16:37:51,2026-08-29T16:37:51,1
53086058,2026-08-05,2026-08-29T16:40:36,2
53086062,2026-08-05,2026-08-29T16:37:47,2
53086081,2026-08-05,2026-08-29T16:37:47,2
53086434,2026-08-05,2026-08-29T16:46:54,2
53086629,2026-08-05,2026-08-29T16:43:30,2
53086784,2026-08-29T16:59:20,2026-08-29T16:59:20,1
53086862,2026-08-05,2026-08-29T16:36:51,2
53086919,2026-08-29T16:40:20,2026-08-29T16:40:20,1
53087023,2026-08-05,2026-08-29T16:35:09,2
53087625,2026-08-29T16:59:20,2026-08-29T16:59:20,1
53087671,2026-08-29T16:37:47,2026-08-29T16:37:47,1
53088286,2026-08-05,2026-08-29T17:11:36,2
53089977,2026-08-05,2026-08-29T16:38:40,2
53090586,2026-08-29T16:35:47,2026-08-29T16:35:47,1
53091307,2026-08-05,2026-08-29T16:43:59,2
53091318,2026-08-05,2026-08-29T16:31:05,2
53091348,2026-08-05,2026-08-29T17:01:35,2
53092022,2026-08-29T17:03:33,2026-08-29T17:03:33,1
53095207,2026-08-05,2026-08-05,1
53096062,2026-08-29T16:58:46,2026-08-29T16:58:46,1
53096330,2026-08-05,2026-08-29T16:46:31,2
53098257,2026-08-05,2026-08-29T16:37:47,2
53099966,2026-08-29T16:28:45,2026-08-29T16:28:45,1
53100956,2026-08-05,2026-08-29T16:52:05,2
53101269,2026-08-05,2026-08-29T16:46:31,2
53102660,2026-08-05,2026-08-29T17:11:28,2
53105267,2026-08-05,2026-08-29T16:46:45,2
53105564,2026-08-29T16:50:57,2026-08-29T16:50:57,1
53106741,2026-08-05,2026-08-29T16:58:37,2
53107551,2026-08-29T16:56:08,2026-08-29T16:56:08,1
53107732,2026-08-29T16:36:42,2026-08-29T16:36:42,1
53107869,2026-08-29T16:55:15,2026-08-29T16:55:15,1
53110263,2026-08-05,2026-08-29T16:43:30,2
53110498,2026-08-29T16:50:57,2026-08-29T16:50:57,1
53110526,2026-08-29T16:50:57,2026-08-29T16:50:57,1
53110673,2026-08-29T16:50:57,2026-08-29T16:50:57,1
53112043,2026-08-05,2026-08-29T17:07:46,2
53114130,2026-08-05,2026-08-29T16:34:41,2
53115916,2026-08-05,2026-08-29T16:37:58,2
53116831,2026-08-05,2026-08-29T16:36:10,2
53116922,2026-08-05,2026-08-29T16:39:46,2
53117227,2026-08-29T16:50:08,2026-08-29T16:50:08,1
53117966,2026-08-29T16:39:26,2026-08-29T16:39:26,1
53118661,2026-08-29T16:58:59,2026-08-29T16:58:59,1
53119876,2026-08-29T17:04:37,2026-08-29T17:04:37,1
53120146,2026-08-05,2026-08-29T16:47:34,2
53121104,2026-08-29T16:50:57,2026-08-29T16:50:57,1
53123740,2026-08-29T16:44:32,2026-08-29T16:44:32,1
53123753,2026-08-05,2026-08-29T16:33:46,2
53123786,2026-08-29T16:54:48,2026-08-29T16:54:48,1
53123855,2026-08-05,2026-08-29T16:32:26,2
53126813,2026-08-05,2026-08-29T16:32:26,2
53127507,2026-08-05,2026-08-29T16:34:44,2
53129742,2026-08-05,2026-08-05,1
53130082,2026-08-29T16:52:58,2026-08-29T16:52:58,1
53130475,2026-08-05,2026-08-29T17:11:11,2
53134114,2026-08-05,2026-08-29T17:02:02,2
53135968,2026-08-05,2026-08-05,1
53136950,2026-08-29T16:39:26,2026-08-29T16:39:26,1
53136953,2026-08-29T16:35:13,2026-08-29T16:35:13,1
53137838,2026-08-05,2026-08-05,1
53140178,2026-08-29T16:50:57,2026-08-29T16:50:57,1
53140580,2026-08-29T16:31:09,2026-08-29T16:31:09,1
53141805,2026-08-05,2026-08-29T17:01:41,2
53141895,2026-08-05,2026-08-29T16:49:23,2
53143317,2026-08-29T16:57:12,2026-08-29T16:57:12,1
53143745,2026-08-05,2026-08-29T17:01:41,2
53145237,2026-08-05,2026-08-29T17:10:27,2
53145383,2026-08-29T16:58:30,2026-08-29T16:58:30,1
53145440,2026-08-05,2026-08-29T17:10:27,2
53145636,2026-08-05,2026-08-29T17:10:27,2
53145645,2026-08-05,2026-08-29T16:36:28,2
53146008,2026-08-29T16:34:16,2026-08-29T16:34:16,1
53146074,2026-08-05,2026-08-29T16:50:44,2
53146126,2026-08-05,2026-08-29T16:34:05,2
53146531,2026-08-05,2026-08-29T16:40:02,2
53146920,2026-08-29T16:43:36,2026-08-29T16:43:36,1
53147057,2026-08-29T17:04:52,2026-08-29T17:04:52,1
53148171,2026-08-05,2026-08-29T17:01:41,2
53148984,2026-08-05,2026-08-29T16:42:20,2
53149440,2026-08-05,2026-08-29T16:31:51,2
53149631,2026-08-29T16:56:46,2026-08-29T16:56:46,1
53149893,2026-08-05,2026-08-29T17:10:27,2
53149939,2026-08-05,2026-08-29T17:10:27,2
53150043,2026-08-05,2026-08-29T17:10:27,2
53150069,2026-08-05,2026-08-29T17:10:27,2
53150087,2026-08-05,2026-08-29T17:10:31,2
53150249,2026-08-05,2026-08-29T16:28:45,2
53150326,2026-08-29T16:57:52,2026-08-29T16:57:52,1
53150540,2026-08-05,2026-08-29T16:42:16,2
53151118,2026-08-05,2026-08-29T16:48:59,2
53151183,2026-08-05,2026-08-29T16:48:59,2
53151795,2026-08-05,2026-08-29T16:57:28,2
53151855,2026-08-05,2026-08-29T16:48:46,2
53152299,2026-08-29T16:29:28,2026-08-29T16:29:28,1
53152425,2026-08-29T17:04:31,2026-08-29T17:04:31,1
53152823,2026-08-05,2026-08-29T16:51:20,2
53152843,2026-08-05,2026-08-29T16:51:20,2
53152850,2026-08-05,2026-08-29T16:55:49,2
53152888,2026-08-05,2026-08-29T16:33:33,2
53153561,2026-08-05,2026-08-29T17:10:31,2
53153675,2026-08-05,2026-08-29T17:11:42,2
53153794,2026-08-05,2026-08-29T17:10:31,2
53153962,2026-08-05,2026-08-29T17:10:31,2
53154094,2026-08-05,2026-08-29T17:07:10,2
53154430,2026-08-05,2026-08-05,1
53155305,2026-08-05,2026-08-29T16:48:46,2
53155318,2026-08-05,2026-08-29T16:48:46,2
53156013,2026-08-29T16:52:29,2026-08-29T16:52:29,1
53158119,2026-08-05,2026-08-29T17:01:35,2
53160174,2026-08-05,2026-08-05,1
53160591,2026-08-29T16:56:46,2026-08-29T16:56:46,1
53161543,2026-08-05,2026-08-29T17:10:03,2
53164294,2026-08-29T16:35:47,2026-08-29T16:35:47,1
53165525,2026-08-29T16:57:06,2026-08-29T16:57:06,1
53165629,2026-08-05,2026-08-29T17:07:07,2
53165693,2026-08-29T16:32:38,2026-08-29T16:32:38,1
53165765,2026-08-29T16:49:30,2026-08-29T16:49:30,1
53165807,2026-08-29T16:32:38,2026-08-29T16:32:38,1
53165809,2026-08-29T16:32:38,2026-08-29T16:32:38,1
53165810,2026-08-29T16:32:38,2026-08-29T16:32:38,1
53165910,2026-08-29T16:32:38,2026-08-29T16:32:38,1
53166072,2026-08-29T16:32:35,2026-08-29T16:32:35,1
53166234,2026-08-29T16:39:55,2026-08-29T16:39:55,1
53167548,2026-08-05,2026-08-29T17:09:37,2
53167788,2026-08-29T16:58:09,2026-08-29T16:58:09,1
53168982,2026-08-05,2026-08-29T16:31:30,2
53169451,2026-08-29T16:45:49,2026-08-29T16:45:49,1
53171260,2026-08-05,2026-08-29T17:10:31,2
53171282,2026-08-05,2026-08-29T17:10:31,2
53171302,2026-08-05,2026-08-29T17:10:27,2
53172175,2026-08-29T17:04:31,2026-08-29T17:04:31,1
53172181,2026-08-05,2026-08-29T16:47:25,2
53172361,2026-08-05,2026-08-29T17:01:38,2
53172977,2026-08-29T16:55:34,2026-08-29T16:55:34,1
53173692,2026-08-05,2026-08-29T16:45:46,2
53174142,2026-08-29T16:36:37,2026-08-29T16:36:37,1
53174535,2026-08-05,2026-08-29T16:51:32,2
53174649,2026-08-29T16:57:46,2026-08-29T16:57:46,1
53175703,2026-08-05,2026-08-29T17:10:27,2
53175883,2026-08-05,2026-08-05,1
53175941,2026-08-29T17:03:19,2026-08-29T17:03:19,1
53176342,2026-08-29T16:35:51,2026-08-29T16:35:51,1
53178069,2026-08-05,2026-08-29T17:10:31,2
53178122,2026-08-05,2026-08-29T16:37:28,2
53178311,2026-08-05,2026-08-29T16:51:23,2
53178493,2026-08-05,2026-08-29T17:10:55,2
53178731,2026-08-05,2026-08-29T16:29:59,2
53178744,2026-08-05,2026-08-29T16:56:02,2
53179224,2026-08-05,2026-08-29T17:10:31,2
53179414,2026-08-05,2026-08-29T17:10:31,2
53179852,2026-08-29T17:03:19,2026-08-29T17:03:19,1
53179985,2026-08-05,2026-08-29T16:55:59,2
53180055,2026-08-05,2026-08-29T16:34:36,2
53181171,2026-08-05,2026-08-29T16:50:54,2
53181669,2026-08-05,2026-08-29T16:30:45,2
53183046,2026-08-29T16:53:05,2026-08-29T16:53:05,1
53183154,2026-08-29T16:29:55,2026-08-29T16:29:55,1
53183423,2026-08-05,2026-08-29T16:30:34,2
53183624,2026-08-05,2026-08-29T16:38:44,2
53184714,2026-08-05,2026-08-29T16:43:33,2
53184915,2026-08-29T17:03:57,2026-08-29T17:03:57,1
53185004,2026-08-29T16:43:30,2026-08-29T16:43:30,1
53186485,2026-08-29T16:53:35,2026-08-29T16:53:35,1
53186759,2026-08-05,2026-08-29T16:36:28,2
53190026,2026-08-29T16:50:57,2026-08-29T16:50:57,1
53191325,2026-08-05,2026-08-29T16:40:54,2
53191921,2026-08-05,2026-08-29T16:32:53,2
53194882,2026-08-05,2026-08-29T16:32:56,2
53194937,2026-08-05,2026-08-29T16:33:19,2
53194997,2026-08-05,2026-08-29T16:42:45,2
53195206,2026-08-29T16:33:19,2026-08-29T16:33:19,1
53195265,2026-08-05,2026-08-29T17:09:41,2
53195272,2026-08-29T16:33:19,2026-08-29T16:33:19,1
53195400,2026-08-05,2026-08-29T16:33:08,2
53196179,2026-08-05,2026-08-29T17:01:17,2
53196243,2026-08-05,2026-08-29T17:01:17,2
53196335,2026-08-05,2026-08-29T16:40:07,2
53196338,2026-08-05,2026-08-29T16:42:20,2
53196791,2026-08-05,2026-08-29T17:09:41,2
53196925,2026-08-05,2026-08-29T17:01:38,2
53197119,2026-08-29T16:54:25,2026-08-29T16:54:25,1
53198366,2026-08-29T16:35:09,2026-08-29T16:35:09,1
53198392,2026-08-29T16:39:26,2026-08-29T16:39:26,1
53198400,2026-08-29T16:39:26,2026-08-29T16:39:26,1
53198431,2026-08-29T16:35:09,2026-08-29T16:35:09,1
53199705,2026-08-05,2026-08-05,1
53199772,2026-08-29T16:40:20,2026-08-29T16:40:20,1
53199802,2026-08-05,2026-08-29T16:29:11,2
53200109,2026-08-29T16:58:01,2026-08-29T16:58:01,1
53200270,2026-08-29T16:56:46,2026-08-29T16:56:46,1
53200525,2026-08-29T16:50:57,2026-08-29T16:50:57,1
53204636,2026-08-05,2026-08-29T16:48:46,2
53205560,2026-08-05,2026-08-29T16:46:01,2
53206378,2026-08-05,2026-08-29T16:41:14,2
53208330,2026-08-29T16:55:22,2026-08-29T16:55:22,1
53209431,2026-08-29T16:56:43,2026-08-29T16:56:43,1
53210915,2026-08-05,2026-08-29T16:34:47,2
53211036,2026-08-29T16:43:20,2026-08-29T16:43:20,1
53213663,2026-08-29T16:35:16,2026-08-29T16:35:16,1
53214430,2026-08-05,2026-08-29T16:41:22,2
53214624,2026-08-29T16:39:58,2026-08-29T16:39:58,1
53215012,2026-08-29T16:44:53,2026-08-29T16:44:53,1
53215517,2026-08-05,2026-08-29T16:44:56,2
53215610,2026-08-29T16:44:53,2026-08-29T16:44:53,1
53216074,2026-08-29T16:44:56,2026-08-29T16:44:56,1
53216092,2026-08-05,2026-08-29T17:08:50,2
53216156,2026-08-05,2026-08-05,1
53217694,2026-08-05,2026-08-29T16:28:45,2
53217778,2026-08-05,2026-08-29T16:32:12,2
53219203,2026-08-29T16:40:54,2026-08-29T16:40:54,1
53221038,2026-08-05,2026-08-05,1
53221222,2026-08-29T17:04:52,2026-08-29T17:04:52,1
53221424,2026-08-05,2026-08-29T16:37:21,2
53222325,2026-08-05,2026-08-29T17:05:33,2
53224271,2026-08-29T17:04:55,2026-08-29T17:04:55,1
53225107,2026-08-05,2026-08-29T16:38:20,2
53226882,2026-08-29T16:51:00,2026-08-29T16:51:00,1
53226964,2026-08-29T17:00:23,2026-08-29T17:00:23,1
53227252,2026-08-05,2026-08-29T17:07:10,2
53227510,2026-08-29T17:04:58,2026-08-29T17:04:58,1
53227517,2026-08-29T16:38:20,2026-08-29T16:38:20,1
53228036,2026-08-05,2026-08-29T17:11:36,2
53229362,2026-08-05,2026-08-29T17:10:31,2
53229364,2026-08-05,2026-08-29T17:11:42,2
53229388,2026-08-05,2026-08-29T16:44:53,2
53229470,2026-08-05,2026-08-29T17:10:31,2
53229471,2026-08-05,2026-08-29T17:10:31,2
53229588,2026-08-05,2026-08-29T17:11:28,2
53230105,2026-08-29T16:38:44,2026-08-29T16:38:44,1
53230602,2026-08-05,2026-08-29T16:51:20,2
53230657,2026-08-05,2026-08-29T16:44:40,2
53230892,2026-08-29T16:54:02,2026-08-29T16:54:02,1
53231004,2026-08-05,2026-08-29T16:46:48,2
53231682,2026-08-05,2026-08-29T17:11:28,2
53231683,2026-08-05,2026-08-29T17:11:28,2
53231710,2026-08-05,2026-08-29T17:11:28,2
53231712,2026-08-05,2026-08-29T17:11:28,2
53231742,2026-08-05,2026-08-29T17:11:28,2
53235023,2026-08-05,2026-08-29T16:48:31,2
53235107,2026-08-29T16:40:20,2026-08-29T16:40:20,1
53235332,2026-08-05,2026-08-29T16:38:44,2
53235763,2026-08-05,2026-08-29T16:42:39,2
53236172,2026-08-05,2026-08-29T16:46:31,2
53237304,2026-08-05,2026-08-29T17:08:50,2
53237530,2026-08-05,2026-08-29T17:00:50,2
53237624,2026-08-05,2026-08-29T16:34:02,2
53239809,2026-08-05,2026-08-29T16:47:07,2
53240172,2026-08-05,2026-08-29T17:11:28,2
53240259,2026-08-05,2026-08-29T17:11:28,2
53240260,2026-08-05,2026-08-29T17:11:28,2
53240261,2026-08-05,2026-08-29T17:11:28,2
53240389,2026-08-05,2026-08-29T17:10:31,2
53240415,2026-08-05,2026-08-29T17:01:17,2
53240960,2026-08-05,2026-08-29T16:42:49,2
53240965,2026-08-29T16:57:46,2026-08-29T16:57:46,1
53241173,2026-08-05,2026-08-29T16:29:17,2
53241428,2026-08-05,2026-08-29T16:46:13,2
53241643,2026-08-05,2026-08-29T16:43:07,2
53242215,2026-08-05,2026-08-29T16:30:19,2
53242423,2026-08-05,2026-08-29T17:09:17,2
53243367,2026-08-05,2026-08-29T16:46:13,2
53243415,2026-08-29T17:03:12,2026-08-29T17:03:12,1
53243424,2026-08-05,2026-08-29T16:33:19,2
53243755,2026-08-29T16:46:10,2026-08-29T16:46:10,1
53244309,2026-08-29T16:53:44,2026-08-29T16:53:44,1
53244558,2026-08-05,2026-08-05,1
53244586,2026-08-05,2026-08-05,1
53245197,2026-08-29T16:51:29,2026-08-29T16:51:29,1
53245198,2026-08-29T16:52:22,2026-08-29T16:52:22,1
53245200,2026-08-05,2026-08-29T16:37:24,2
53245873,2026-08-29T16:38:20,2026-08-29T16:38:20,1
53245889,2026-08-29T16:39:34,2026-08-29T16:39:34,1
53245949,2026-08-29T17:03:30,2026-08-29T17:03:30,1
53247533,2026-08-29T16:53:47,2026-08-29T16:53:47,1
53247683,2026-08-29T16:51:39,2026-08-29T16:51:39,1
53250199,2026-08-05,2026-08-29T17:11:15,2
53251133,2026-08-29T16:46:10,2026-08-29T16:46:10,1
53251232,2026-08-29T16:51:00,2026-08-29T16:51:00,1
53251341,2026-08-29T16:51:00,2026-08-29T16:51:00,1
53251354,2026-08-29T16:51:00,2026-08-29T16:51:00,1
53251470,2026-08-29T16:56:46,2026-08-29T16:56:46,1
53251519,2026-08-29T16:57:46,2026-08-29T16:57:46,1
53252073,2026-08-29T17:03:33,2026-08-29T17:03:33,1
53252299,2026-08-05,2026-08-29T16:29:20,2
53252893,2026-08-29T16:57:55,2026-08-29T16:57:55,1
53252905,2026-08-29T16:57:55,2026-08-29T16:57:55,1
53252921,2026-08-29T16:57:55,2026-08-29T16:57:55,1
53252938,2026-08-05,2026-08-29T17:11:49,2
53255295,2026-08-05,2026-08-29T16:35:59,2
53255885,2026-08-29T16:51:29,2026-08-29T16:51:29,1
53255886,2026-08-29T16:43:33,2026-08-29T16:43:33,1
53258611,2026-08-29T16:40:16,2026-08-29T16:40:16,1
53258631,2026-08-29T16:36:07,2026-08-29T16:36:07,1
53259519,2026-08-29T16:44:47,2026-08-29T16:44:47,1
53259525,2026-08-29T16:44:47,2026-08-29T16:44:47,1
53259556,2026-08-05,2026-08-29T17:10:27,2
53259625,2026-08-29T16:44:47,2026-08-29T16:44:47,1
53259628,2026-08-29T16:44:47,2026-08-29T16:44:47,1
53259631,2026-08-05,2026-08-29T16:48:46,2
53260011,2026-08-29T16:38:59,2026-08-29T16:38:59,1
53260498,2026-08-29T17:04:34,2026-08-29T17:04:34,1
53260516,2026-08-29T17:04:37,2026-08-29T17:04:37,1
53261035,2026-08-05,2026-08-29T16:28:42,2
53262051,2026-08-05,2026-08-29T16:46:01,2
53262188,2026-08-05,2026-08-29T16:51:20,2
53262356,2026-08-05,2026-08-29T17:00:44,2
53262598,2026-08-05,2026-08-29T17:11:36,2
53264907,2026-08-29T16:38:51,2026-08-29T16:38:51,1
53265047,2026-08-29T17:03:24,2026-08-29T17:03:24,1
53265348,2026-08-29T16:46:10,2026-08-29T16:46:10,1
53265353,2026-08-29T16:46:10,2026-08-29T16:46:10,1
53265444,2026-08-05,2026-08-29T16:34:41,2
53265563,2026-08-05,2026-08-29T16:33:30,2
53265857,2026-08-29T16:59:58,2026-08-29T16:59:58,1
53265874,2026-08-05,2026-08-29T16:28:42,2
53266218,2026-08-05,2026-08-29T16:31:30,2
53266450,2026-08-05,2026-08-29T16:38:55,2
53267028,2026-08-29T16:43:33,2026-08-29T16:43:33,1
53267107,2026-08-05,2026-08-29T16:36:07,2
53267426,2026-08-05,2026-08-29T17:10:52,2
53267515,2026-08-05,2026-08-29T17:09:48,2
53267866,2026-08-29T16:58:28,2026-08-29T16:58:28,1
53268019,2026-08-05,2026-08-29T17:05:57,2
53269555,2026-08-29T16:57:46,2026-08-29T16:57:46,1
53269662,2026-08-29T16:48:14,2026-08-29T16:48:14,1
53269707,2026-08-05,2026-08-29T17:01:38,2
53270019,2026-08-05,2026-08-29T16:33:30,2
53270025,2026-08-05,2026-08-29T17:09:51,2
53270129,2026-08-05,2026-08-29T16:33:39,2
53270306,2026-08-05,2026-08-29T16:46:45,2
53272203,2026-08-05,2026-08-29T16:52:02,2
53272475,2026-08-29T16:58:07,2026-08-29T16:58:07,1
53275532,2026-08-29T16:53:35,2026-08-29T16:53:35,1
53276156,2026-08-29T16:59:52,2026-08-29T16:59:52,1
53276180,2026-08-05,2026-08-29T16:32:53,2
53277257,2026-08-29T16:57:55,2026-08-29T16:57:55,1
53277382,2026-08-29T16:57:55,2026-08-29T16:57:55,1
53277602,2026-08-05,2026-08-29T16:43:49,2
53278122,2026-08-05,2026-08-05,1
53278902,2026-08-05,2026-08-29T16:39:18,2
53279849,2026-08-05,2026-08-29T16:48:49,2
53279916,2026-08-05,2026-08-05,1
53280517,2026-08-05,2026-08-29T16:42:59,2
53280669,2026-08-05,2026-08-29T16:40:40,2
53280723,2026-08-29T16:59:17,2026-08-29T16:59:17,1
53280880,2026-08-05,2026-08-29T16:46:31,2
53281157,2026-08-29T16:57:55,2026-08-29T16:57:55,1
53281225,2026-08-05,2026-08-29T16:44:35,2
53281539,2026-08-05,2026-08-29T16:47:10,2
53282128,2026-08-29T16:57:55,2026-08-29T16:57:55,1
53282183,2026-08-29T16:53:02,2026-08-29T16:53:02,1
53283394,2026-08-05,2026-08-29T16:45:49,2
53284299,2026-08-29T17:02:55,2026-08-29T17:02:55,1
53285343,2026-08-05,2026-08-05,1
53287233,2026-08-05,2026-08-29T16:29:20,2
53287724,2026-08-29T17:03:24,2026-08-29T17:03:24,1
53289814,2026-08-05,2026-08-29T16:28:42,2
53290111,2026-08-05,2026-08-29T17:10:34,2
53293363,2026-08-05,2026-08-29T16:50:15,2
53293427,2026-08-05,2026-08-29T17:08:50,2
53294355,2026-08-05,2026-08-29T17:08:50,2
53296663,2026-08-05,2026-08-29T17:06:43,2
53296791,2026-08-05,2026-08-29T17:02:52,2
53296983,2026-08-29T17:03:57,2026-08-29T17:03:57,1
53298118,2026-08-05,2026-08-29T16:35:09,2
53299615,2026-08-29T16:43:20,2026-08-29T16:43:20,1
53299785,2026-08-29T16:57:46,2026-08-29T16:57:46,1
53302531,2026-08-05,2026-08-29T17:01:41,2
53303897,2026-08-05,2026-08-29T16:42:32,2
53304049,2026-08-05,2026-08-05,1
53304088,2026-08-05,2026-08-05,1
53304183,2026-08-05,2026-08-05,1
53304339,2026-08-05,2026-08-29T17:06:43,2
53304417,2026-08-05,2026-08-29T17:06:46,2
53304432,2026-08-05,2026-08-05,1
53304453,2026-08-05,2026-08-29T17:08:50,2
53304528,2026-08-05,2026-08-29T17:08:50,2
53304618,2026-08-29T16:44:16,2026-08-29T16:44:16,1
53304740,2026-08-05,2026-08-29T16:43:13,2
53304835,2026-08-05,2026-08-29T16:42:35,2
53305440,2026-08-05,2026-08-29T17:08:50,2
53305470,2026-08-05,2026-08-29T17:08:50,2
53305499,2026-08-05,2026-08-29T17:06:43,2
53305811,2026-08-29T16:35:47,2026-08-29T16:35:47,1
53306203,2026-08-05,2026-08-29T16:43:33,2
53306749,2026-08-05,2026-08-29T17:05:45,2
53307008,2026-08-29T16:56:23,2026-08-29T16:56:23,1
53307009,2026-08-29T16:49:11,2026-08-29T16:49:11,1
53307194,2026-08-29T16:53:47,2026-08-29T16:53:47,1
53307385,2026-08-05,2026-08-29T17:10:24,2
53308094,2026-08-29T16:48:34,2026-08-29T16:48:34,1
53310582,2026-08-29T16:56:43,2026-08-29T16:56:43,1
53311055,2026-08-29T16:56:14,2026-08-29T16:56:14,1
53311060,2026-08-29T16:57:15,2026-08-29T16:57:15,1
53311447,2026-08-05,2026-08-05,1
53311607,2026-08-05,2026-08-29T16:37:43,2
53311623,2026-08-05,2026-08-29T16:58:07,2
53311902,2026-08-05,2026-08-29T16:39:42,2
53312016,2026-08-29T16:55:25,2026-08-29T16:55:25,1
53312551,2026-08-05,2026-08-05,1
53312812,2026-08-29T16:54:35,2026-08-29T16:54:35,1
53314485,2026-08-05,2026-08-29T17:06:40,2
53314803,2026-08-29T16:50:51,2026-08-29T16:50:51,1
53314900,2026-08-29T16:49:14,2026-08-29T16:49:14,1
53315174,2026-08-05,2026-08-29T16:48:43,2
53315196,2026-08-05,2026-08-29T16:50:24,2
53315373,2026-08-29T16:59:32,2026-08-29T16:59:32,1
53315376,2026-08-29T16:38:28,2026-08-29T16:38:28,1
53315514,2026-08-29T16:54:58,2026-08-29T16:54:58,1
53315653,2026-08-29T16:56:26,2026-08-29T16:56:26,1
53315873,2026-08-05,2026-08-29T16:33:59,2
53315890,2026-08-05,2026-08-29T16:33:19,2
53315975,2026-08-05,2026-08-29T16:58:12,2
53316008,2026-08-05,2026-08-29T16:58:09,2
53316019,2026-08-05,2026-08-29T16:43:04,2
53316037,2026-08-05,2026-08-29T16:59:39,2
53316051,2026-08-29T16:58:07,2026-08-29T16:58:07,1
53316067,2026-08-29T16:30:52,2026-08-29T16:30:52,1
53316089,2026-08-29T16:58:04,2026-08-29T16:58:04,1
53316166,2026-08-29T16:58:04,2026-08-29T16:58:04,1
53317854,2026-08-05,2026-08-29T17:08:50,2
53319091,2026-08-29T16:51:16,2026-08-29T16:51:16,1
53319930,2026-08-05,2026-08-29T16:44:53,2
53320315,2026-08-29T16:54:02,2026-08-29T16:54:02,1
53320359,2026-08-29T16:54:19,2026-08-29T16:54:19,1
53320581,2026-08-29T16:58:04,2026-08-29T16:58:04,1
53320622,2026-08-29T16:58:04,2026-08-29T16:58:04,1
53320650,2026-08-29T16:58:01,2026-08-29T16:58:01,1
53320680,2026-08-29T16:58:01,2026-08-29T16:58:01,1
53320710,2026-08-29T16:58:01,2026-08-29T16:58:01,1
53320731,2026-08-29T16:33:22,2026-08-29T16:33:22,1
53320797,2026-08-05,2026-08-29T16:33:05,2
53320838,2026-08-29T16:33:22,2026-08-29T16:33:22,1
53320947,2026-08-29T16:33:22,2026-08-29T16:33:22,1
53320964,2026-08-29T16:59:08,2026-08-29T16:59:08,1
53321014,2026-08-29T16:59:08,2026-08-29T16:59:08,1
53321036,2026-08-05,2026-08-05,1
53322255,2026-08-05,2026-08-29T16:49:27,2
53322472,2026-08-05,2026-08-29T17:01:35,2
53322841,2026-08-29T17:04:40,2026-08-29T17:04:40,1
53323414,2026-08-05,2026-08-29T17:12:03,2
53325045,2026-08-05,2026-08-29T16:37:32,2
53325621,2026-08-29T16:29:04,2026-08-29T16:29:04,1
53325645,2026-08-05,2026-08-29T16:29:04,2
53325801,2026-08-05,2026-08-29T16:29:04,2
53325884,2026-08-05,2026-08-29T16:57:46,2
53325922,2026-08-05,2026-08-29T16:57:43,2
53326202,2026-08-29T16:39:22,2026-08-29T16:39:22,1
53326203,2026-08-29T16:39:58,2026-08-29T16:39:58,1
53326211,2026-08-29T16:39:22,2026-08-29T16:39:22,1
53326488,2026-08-29T16:56:08,2026-08-29T16:56:08,1
53329204,2026-08-05,2026-08-29T17:10:47,2
53329781,2026-08-05,2026-08-29T17:11:31,2
53329792,2026-08-05,2026-08-29T17:10:47,2
53329915,2026-08-29T17:04:40,2026-08-29T17:04:40,1
53329958,2026-08-05,2026-08-29T17:01:02,2
53329976,2026-08-05,2026-08-29T16:40:07,2
53330222,2026-08-05,2026-08-29T16:29:55,2
53330223,2026-08-05,2026-08-29T17:11:49,2
53330253,2026-08-05,2026-08-29T17:11:39,2
53330425,2026-08-29T16:59:39,2026-08-29T16:59:39,1
53330464,2026-08-05,2026-08-29T16:55:52,2
53330521,2026-08-05,2026-08-29T16:57:43,2
53330585,2026-08-05,2026-08-29T16:33:27,2
53332911,2026-08-05,2026-08-29T16:41:30,2
53333287,2026-08-29T17:04:03,2026-08-29T17:04:03,1
53333525,2026-08-29T17:07:42,2026-08-29T17:07:42,1
53334413,2026-08-29T16:56:08,2026-08-29T16:56:08,1
53336138,2026-08-05,2026-08-05,1
53336279,2026-08-05,2026-08-29T17:12:09,2
53336290,2026-08-05,2026-08-29T16:39:38,2
53336563,2026-08-05,2026-08-29T16:33:30,2
53336610,2026-08-05,2026-08-29T16:50:08,2
53336648,2026-08-05,2026-08-29T16:56:23,2
53336703,2026-08-05,2026-08-29T17:00:47,2
53336727,2026-08-05,2026-08-29T16:40:58,2
53336741,2026-08-05,2026-08-29T16:33:33,2
53336754,2026-08-29T16:38:28,2026-08-29T16:38:28,1
53336811,2026-08-05,2026-08-29T16:55:46,2
53336884,2026-08-29T16:55:09,2026-08-29T16:55:09,1
53336885,2026-08-29T16:37:51,2026-08-29T16:37:51,1
53337102,2026-08-05,2026-08-29T16:36:54,2
53337143,2026-08-29T16:57:55,2026-08-29T16:57:55,1
53337184,2026-08-05,2026-08-29T16:33:30,2
53337634,2026-08-05,2026-08-29T16:43:20,2
53337645,2026-08-05,2026-08-29T16:43:33,2
53337704,2026-08-29T16:44:56,2026-08-29T16:44:56,1
53340142,2026-08-05,2026-08-29T17:00:44,2
53341608,2026-08-05,2026-08-29T16:58:15,2
53341990,2026-08-05,2026-08-29T16:41:30,2
53342036,2026-08-29T16:32:28,2026-08-29T16:32:28,1
53342545,2026-08-29T16:49:44,2026-08-29T16:49:44,1
53344396,2026-08-29T16:53:12,2026-08-29T16:53:12,1
53347025,2026-08-05,2026-08-29T16:46:45,2
53347335,2026-08-29T16:56:49,2026-08-29T16:56:49,1
53347395,2026-08-29T16:40:32,2026-08-29T16:40:32,1
53347791,2026-08-05,2026-08-29T17:10:58,2
53347806,2026-08-05,2026-08-29T17:10:58,2
53348908,2026-08-05,2026-08-29T16:36:47,2
53349448,2026-08-29T16:57:00,2026-08-29T16:57:00,1
53350597,2026-08-29T16:57:46,2026-08-29T16:57:46,1
53351488,2026-08-29T17:03:27,2026-08-29T17:03:27,1
53351758,2026-08-29T16:57:46,2026-08-29T16:57:46,1
53352643,2026-08-29T16:55:25,2026-08-29T16:55:25,1
53352667,2026-08-05,2026-08-29T16:47:46,2
53352718,2026-08-29T16:57:28,2026-08-29T16:57:28,1
53353031,2026-08-05,2026-08-29T17:06:03,2
53353101,2026-08-05,2026-08-29T16:42:04,2
53353133,2026-08-05,2026-08-29T16:49:33,2
53353456,2026-08-29T16:42:09,2026-08-29T16:42:09,1
53353487,2026-08-05,2026-08-29T16:47:25,2
53353504,2026-08-29T16:49:33,2026-08-29T16:49:33,1
53353596,2026-08-29T16:55:25,2026-08-29T16:55:25,1
53353664,2026-08-29T16:42:12,2026-08-29T16:42:12,1
53353723,2026-08-05,2026-08-29T16:43:42,2
53355123,2026-08-05,2026-08-29T16:48:08,2
53355251,2026-08-05,2026-08-29T16:32:47,2
53355722,2026-08-05,2026-08-29T16:32:26,2
53355934,2026-08-05,2026-08-29T16:43:26,2
53357214,2026-08-05,2026-08-29T17:11:15,2
53357290,2026-08-29T16:52:05,2026-08-29T16:52:05,1
53357541,2026-08-29T17:00:08,2026-08-29T17:00:08,1
53357783,2026-08-05,2026-08-29T17:00:32,2
53357787,2026-08-05,2026-08-29T17:11:31,2
53361168,2026-08-05,2026-08-29T17:09:55,2
53362056,2026-08-29T16:52:48,2026-08-29T16:52:48,1
53362372,2026-08-29T16:50:41,2026-08-29T16:50:41,1
53362609,2026-08-29T16:50:44,2026-08-29T16:50:44,1
53362644,2026-08-29T16:56:02,2026-08-29T16:56:02,1
53362720,2026-08-29T16:50:44,2026-08-29T16:50:44,1
53362736,2026-08-05,2026-08-29T16:35:59,2
53362744,2026-08-29T16:59:39,2026-08-29T16:59:39,1
53362776,2026-08-05,2026-08-29T16:35:55,2
53362793,2026-08-29T16:31:05,2026-08-29T16:31:05,1
53362800,2026-08-29T16:59:58,2026-08-29T16:59:58,1
53362806,2026-08-05,2026-08-29T16:43:42,2
53362808,2026-08-29T16:50:44,2026-08-29T16:50:44,1
53363360,2026-08-05,2026-08-29T16:30:34,2
53363925,2026-08-05,2026-08-29T16:48:46,2
53363943,2026-08-05,2026-08-29T16:44:40,2
53363984,2026-08-05,2026-08-29T16:44:53,2
53364120,2026-08-05,2026-08-29T16:32:38,2
53364247,2026-08-05,2026-08-29T16:28:42,2
53364391,2026-08-05,2026-08-29T16:28:42,2
53366573,2026-08-29T16:58:59,2026-08-29T16:58:59,1
53366637,2026-08-29T17:03:30,2026-08-29T17:03:30,1
53366814,2026-08-05,2026-08-29T16:34:26,2
53366909,2026-08-05,2026-08-29T16:49:36,2
53367485,2026-08-29T16:37:51,2026-08-29T16:37:51,1
53367486,2026-08-29T16:55:09,2026-08-29T16:55:09,1
53367849,2026-08-29T16:54:51,2026-08-29T16:54:51,1
53368394,2026-08-05,2026-08-29T16:32:41,2
53368626,2026-08-29T17:04:43,2026-08-29T17:04:43,1
53371780,2026-08-29T16:57:46,2026-08-29T16:57:46,1
53371953,2026-08-29T16:57:46,2026-08-29T16:57:46,1
53372658,2026-08-05,2026-08-29T16:38:44,2
53372958,2026-08-05,2026-08-29T16:41:22,2
53373148,2026-08-05,2026-08-29T16:49:11,2
53373813,2026-08-29T16:57:46,2026-08-29T16:57:46,1
53373827,2026-08-29T16:38:55,2026-08-29T16:38:55,1
53373928,2026-08-05,2026-08-29T17:02:04,2
53374570,2026-08-05,2026-08-29T16:38:44,2
53374833,2026-08-05,2026-08-29T17:07:39,2
53376085,2026-08-05,2026-08-29T17:11:02,2
53376823,2026-08-05,2026-08-29T17:01:41,2
53377227,2026-08-29T16:57:46,2026-08-29T16:57:46,1
53377571,2026-08-05,2026-08-29T17:01:02,2
53378280,2026-08-05,2026-08-29T17:11:53,2
53378430,2026-08-05,2026-08-29T17:02:25,2
53379327,2026-08-29T16:34:19,2026-08-29T16:34:19,1
53379635,2026-08-05,2026-08-29T16:55:12,2
53380815,2026-08-05,2026-08-29T16:50:54,2
53380857,2026-08-05,2026-08-29T17:02:04,2
53381966,2026-08-29T16:57:46,2026-08-29T16:57:46,1
53381994,2026-08-29T16:57:49,2026-08-29T16:57:49,1
53382776,2026-08-29T16:55:12,2026-08-29T16:55:12,1
53383348,2026-08-05,2026-08-29T16:42:39,2
53383544,2026-08-29T16:29:31,2026-08-29T16:29:31,1
53383878,2026-08-29T16:55:25,2026-08-29T16:55:25,1
53384308,2026-08-05,2026-08-29T17:11:36,2
53384374,2026-08-05,2026-08-29T16:43:20,2
53384424,2026-08-29T16:30:34,2026-08-29T16:30:34,1
53384655,2026-08-05,2026-08-29T16:42:42,2
53386759,2026-08-05,2026-08-29T16:34:50,2
53386762,2026-08-29T16:46:10,2026-08-29T16:46:10,1
53386860,2026-08-29T16:57:49,2026-08-29T16:57:49,1
53386922,2026-08-05,2026-08-29T16:38:44,2
53387648,2026-08-29T16:56:14,2026-08-29T16:56:14,1
53389168,2026-08-29T16:51:55,2026-08-29T16:51:55,1
53389529,2026-08-29T16:51:35,2026-08-29T16:51:35,1
53389828,2026-08-05,2026-08-29T16:42:42,2
53390068,2026-08-29T16:57:12,2026-08-29T16:57:12,1
53391650,2026-08-29T16:59:32,2026-08-29T16:59:32,1
53393136,2026-08-05,2026-08-29T16:28:42,2
53393433,2026-08-05,2026-08-29T16:42:35,2
53393465,2026-08-05,2026-08-29T17:10:27,2
53393751,2026-08-05,2026-08-29T16:43:46,2
53393849,2026-08-05,2026-08-29T16:41:22,2
53393966,2026-08-05,2026-08-29T16:44:02,2
53394015,2026-08-05,2026-08-29T16:42:12,2
53394044,2026-08-05,2026-08-29T16:41:27,2
53394651,2026-08-29T16:34:56,2026-08-29T16:34:56,1
53395153,2026-08-05,2026-08-29T17:05:13,2
53395181,2026-08-05,2026-08-05,1
53395824,2026-08-05,2026-08-29T17:08:56,2
53395844,2026-08-05,2026-08-29T16:40:16,2
53396883,2026-08-29T16:57:46,2026-08-29T16:57:46,1
53397639,2026-08-29T16:50:54,2026-08-29T16:50:54,1
53398212,2026-08-05,2026-08-29T16:32:50,2
53398626,2026-08-05,2026-08-29T17:11:36,2
53398790,2026-08-29T16:53:35,2026-08-29T16:53:35,1
53399200,2026-08-29T16:57:15,2026-08-29T16:57:15,1
53399690,2026-08-05,2026-08-29T17:06:12,2
53400651,2026-08-05,2026-08-05,1
53401207,2026-08-05,2026-08-05,1
53401711,2026-08-05,2026-08-29T16:37:43,2
53402039,2026-08-29T16:57:49,2026-08-29T16:57:49,1
53402230,2026-08-05,2026-08-29T16:28:53,2
53402406,2026-08-05,2026-08-29T16:29:35,2
53402467,2026-08-05,2026-08-29T16:42:12,2
53402539,2026-08-05,2026-08-29T16:42:12,2
53402731,2026-08-05,2026-08-29T16:29:35,2
53402785,2026-08-29T16:55:09,2026-08-29T16:55:09,1
53402864,2026-08-05,2026-08-29T16:28:42,2
53403003,2026-08-05,2026-08-29T16:28:53,2
53403152,2026-08-05,2026-08-29T16:41:14,2
53403282,2026-08-05,2026-08-29T17:01:17,2
53403409,2026-08-05,2026-08-29T16:35:27,2
53403882,2026-08-05,2026-08-29T17:07:56,2
53404784,2026-08-29T16:39:22,2026-08-29T16:39:22,1
53404789,2026-08-05,2026-08-29T16:35:06,2
53404796,2026-08-05,2026-08-29T16:42:53,2
53404807,2026-08-05,2026-08-29T16:29:20,2
53404855,2026-08-05,2026-08-29T16:42:49,2
53406898,2026-08-05,2026-08-29T16:42:39,2
53407949,2026-08-29T16:52:48,2026-08-29T16:52:48,1
53408571,2026-08-29T16:49:33,2026-08-29T16:49:33,1
53408850,2026-08-29T17:03:42,2026-08-29T17:03:42,1
53409540,2026-08-29T16:58:40,2026-08-29T16:58:40,1
53412691,2026-08-05,2026-08-29T16:30:45,2
53413026,2026-08-29T16:55:25,2026-08-29T16:55:25,1
53413197,2026-08-05,2026-08-29T16:45:25,2
53413376,2026-08-29T16:55:25,2026-08-29T16:55:25,1
53414151,2026-08-29T16:40:16,2026-08-29T16:40:16,1
53415420,2026-08-29T16:48:49,2026-08-29T16:48:49,1
53416477,2026-08-29T17:04:22,2026-08-29T17:04:22,1
53416567,2026-08-05,2026-08-29T16:45:25,2
53417000,2026-08-05,2026-08-29T16:34:26,2
53417659,2026-08-05,2026-08-29T16:36:33,2
53417721,2026-08-05,2026-08-29T16:45:09,2
53417834,2026-08-05,2026-08-29T16:29:48,2
53418257,2026-08-05,2026-08-29T16:49:44,2
53419148,2026-08-05,2026-08-29T16:43:20,2
53420349,2026-08-29T16:30:45,2026-08-29T16:30:45,1
53420833,2026-08-05,2026-08-29T17:10:34,2
53422094,2026-08-05,2026-08-29T16:36:28,2
53422389,2026-08-29T16:41:14,2026-08-29T16:41:14,1
53424047,2026-08-05,2026-08-05,1
53424325,2026-08-05,2026-08-29T17:08:09,2
53424378,2026-08-29T16:57:43,2026-08-29T16:57:43,1
53424811,2026-08-05,2026-08-05,1
53426668,2026-08-29T16:43:30,2026-08-29T16:43:30,1
53428246,2026-08-29T16:29:48,2026-08-29T16:29:48,1
53428443,2026-08-29T17:06:58,2026-08-29T17:06:58,1
53428947,2026-08-05,2026-08-29T17:11:19,2
53429388,2026-08-05,2026-08-29T16:50:21,2
53430417,2026-08-05,2026-08-29T16:47:59,2
53431362,2026-08-29T16:43:36,2026-08-29T16:43:36,1
53432775,2026-08-29T16:45:22,2026-08-29T16:45:22,1
53434210,2026-08-05,2026-08-29T16:32:59,2
53434339,2026-08-29T17:04:22,2026-08-29T17:04:22,1
53434347,2026-08-05,2026-08-29T16:33:22,2
53434372,2026-08-29T16:45:22,2026-08-29T16:45:22,1
53434489,2026-08-05,2026-08-29T16:42:42,2
53434572,2026-08-29T16:45:22,2026-08-29T16:45:22,1
53434934,2026-08-05,2026-08-29T17:07:13,2
53435334,2026-08-05,2026-08-29T16:33:12,2
53435405,2026-08-05,2026-08-29T17:00:53,2
53435670,2026-08-05,2026-08-29T16:33:12,2
53436416,2026-08-05,2026-08-29T17:08:20,2
53437778,2026-08-29T17:03:04,2026-08-29T17:03:04,1
53438836,2026-08-05,2026-08-29T17:07:13,2
53439708,2026-08-05,2026-08-29T16:42:42,2
53443304,2026-08-05,2026-08-29T16:40:07,2
53444678,2026-08-29T16:57:43,2026-08-29T16:57:43,1
53445296,2026-08-29T16:42:04,2026-08-29T16:42:04,1
53448914,2026-08-29T16:57:49,2026-08-29T16:57:49,1
53451648,2026-08-05,2026-08-29T17:03:39,2
53452486,2026-08-05,2026-08-29T17:11:46,2
53452822,2026-08-05,2026-08-29T16:43:10,2
53452869,2026-08-29T16:56:29,2026-08-29T16:56:29,1
53453887,2026-08-05,2026-08-29T17:07:39,2
53454486,2026-08-05,2026-08-29T17:10:31,2
53454892,2026-08-05,2026-08-29T17:07:49,2
53455144,2026-08-05,2026-08-29T16:33:39,2
53455520,2026-08-29T16:30:19,2026-08-29T16:30:19,1
53455897,2026-08-05,2026-08-29T16:35:06,2
53456048,2026-08-05,2026-08-29T16:36:14,2
53457353,2026-08-29T16:53:12,2026-08-29T16:53:12,1
53458925,2026-08-05,2026-08-29T16:48:14,2
53458928,2026-08-05,2026-08-29T16:48:14,2
53459463,2026-08-05,2026-08-29T16:47:31,2
53459741,2026-08-05,2026-08-29T16:35:16,2
53460939,2026-08-05,2026-08-29T16:59:11,2
53461283,2026-08-05,2026-08-29T16:35:03,2
53464015,2026-08-29T16:58:59,2026-08-29T16:58:59,1
53464406,2026-08-05,2026-08-29T16:31:05,2
53465382,2026-08-29T16:48:31,2026-08-29T16:48:31,1
53466171,2026-08-05,2026-08-29T16:47:53,2
53466766,2026-08-05,2026-08-29T17:00:50,2
53467424,2026-08-05,2026-08-29T16:58:15,2
53467523,2026-08-05,2026-08-29T16:45:05,2
53467921,2026-08-05,2026-08-29T16:32:16,2
53470744,2026-08-05,2026-08-29T17:06:46,2
53470819,2026-08-05,2026-08-29T17:07:39,2
53470984,2026-08-05,2026-08-29T17:05:30,2
53471122,2026-08-05,2026-08-29T16:34:26,2
53471126,2026-08-29T16:48:31,2026-08-29T16:48:31,1
53471546,2026-08-29T16:43:26,2026-08-29T16:43:26,1
53471666,2026-08-05,2026-08-05,1
53471835,2026-08-05,2026-08-05,1
53472539,2026-08-05,2026-08-29T16:48:56,2
53472920,2026-08-05,2026-08-05,1
53473902,2026-08-05,2026-08-29T16:31:38,2
53474803,2026-08-29T16:44:08,2026-08-29T16:44:08,1
53476191,2026-08-05,2026-08-05,1
53477459,2026-08-05,2026-08-29T16:58:01,2
53477950,2026-08-29T16:57:49,2026-08-29T16:57:49,1
53478121,2026-08-05,2026-08-29T16:39:42,2
53478204,2026-08-29T16:57:49,2026-08-29T16:57:49,1
53479764,2026-08-05,2026-08-05,1
53479963,2026-08-29T17:04:25,2026-08-29T17:04:25,1
53480010,2026-08-29T16:51:16,2026-08-29T16:51:16,1
53480160,2026-08-29T16:48:31,2026-08-29T16:48:31,1
53481971,2026-08-29T16:29:39,2026-08-29T16:29:39,1
53483264,2026-08-29T16:57:49,2026-08-29T16:57:49,1
53483447,2026-08-29T16:57:49,2026-08-29T16:57:49,1
53483756,2026-08-05,2026-08-29T16:33:52,2
53484125,2026-08-05,2026-08-29T16:46:01,2
53485323,2026-08-05,2026-08-05,1
53487436,2026-08-05,2026-08-29T16:47:34,2
53487440,2026-08-05,2026-08-29T16:47:25,2
53488991,2026-08-29T16:32:53,2026-08-29T16:32:53,1
53489769,2026-08-05,2026-08-29T16:45:30,2
53489806,2026-08-29T17:11:36,2026-08-29T17:11:36,1
53489880,2026-08-29T17:03:54,2026-08-29T17:03:54,1
53489884,2026-08-29T17:11:31,2026-08-29T17:11:31,1
53489932,2026-08-05,2026-08-29T16:51:39,2
53490940,2026-08-05,2026-08-29T16:35:59,2
53491643,2026-08-05,2026-08-05,1
53491702,2026-08-05,2026-08-29T16:32:06,2
53491835,2026-08-05,2026-08-29T16:32:06,2
53492084,2026-08-29T16:53:53,2026-08-29T16:53:53,1
53492512,2026-08-29T16:42:09,2026-08-29T16:42:09,1
53493106,2026-08-29T16:57:58,2026-08-29T16:57:58,1
53493599,2026-08-05,2026-08-29T17:11:36,2
53493613,2026-08-05,2026-08-29T17:11:31,2
53493646,2026-08-05,2026-08-29T17:11:31,2
53493657,2026-08-05,2026-08-29T17:11:31,2
53493744,2026-08-05,2026-08-29T16:33:33,2
53494408,2026-08-29T17:04:13,2026-08-29T17:04:13,1
53494496,2026-08-29T16:30:41,2026-08-29T16:30:41,1
53494498,2026-08-05,2026-08-29T16:56:02,2
53494918,2026-08-05,2026-08-29T16:52:05,2
53495552,2026-08-05,2026-08-29T17:11:42,2
53497503,2026-08-29T16:58:46,2026-08-29T16:58:46,1
53501337,2026-08-05,2026-08-29T16:33:33,2
53501546,2026-08-29T16:56:46,2026-08-29T16:56:46,1
53501884,2026-08-05,2026-08-29T16:43:33,2
53502009,2026-08-29T16:47:31,2026-08-29T16:47:31,1
53502207,2026-08-29T16:40:23,2026-08-29T16:40:23,1
53505077,2026-08-05,2026-08-29T16:35:09,2
53506391,2026-08-29T16:41:39,2026-08-29T16:41:39,1
53506392,2026-08-29T16:57:58,2026-08-29T16:57:58,1
53506740,2026-08-29T16:58:59,2026-08-29T16:58:59,1
53507833,2026-08-29T16:29:14,2026-08-29T16:29:14,1
53508327,2026-08-05,2026-08-05,1
53511353,2026-08-29T16:59:32,2026-08-29T16:59:32,1
53512499,2026-08-05,2026-08-29T16:36:22,2
53512575,2026-08-05,2026-08-29T16:45:30,2
53513548,2026-08-05,2026-08-29T16:51:55,2
53515784,2026-08-05,2026-08-29T16:43:59,2
53517400,2026-08-29T16:57:58,2026-08-29T16:57:58,1
53517430,2026-08-29T17:00:01,2026-08-29T17:00:01,1
53519515,2026-08-29T16:59:35,2026-08-29T16:59:35,1
53519921,2026-08-29T17:07:39,2026-08-29T17:07:39,1
53520186,2026-08-29T17:04:06,2026-08-29T17:04:06,1
53521013,2026-08-29T16:52:22,2026-08-29T16:52:22,1
53521137,2026-08-05,2026-08-29T16:34:33,2
53522389,2026-08-05,2026-08-29T17:10:39,2
53523463,2026-08-29T16:49:44,2026-08-29T16:49:44,1
53523611,2026-08-29T16:36:03,2026-08-29T16:36:03,1
53523806,2026-08-05,2026-08-29T16:33:15,2
53524342,2026-08-29T16:54:51,2026-08-29T16:54:51,1
53524570,2026-08-29T16:57:00,2026-08-29T16:57:00,1
53526996,2026-08-05,2026-08-29T16:33:19,2
53527530,2026-08-05,2026-08-29T16:37:32,2
53527565,2026-08-05,2026-08-29T16:45:09,2
53527607,2026-08-05,2026-08-29T16:37:32,2
53527641,2026-08-29T16:44:56,2026-08-29T16:44:56,1
53527651,2026-08-05,2026-08-29T16:36:33,2
53527671,2026-08-05,2026-08-29T16:37:54,2
53527933,2026-08-05,2026-08-29T17:09:41,2
53528013,2026-08-29T16:57:58,2026-08-29T16:57:58,1
53528120,2026-08-05,2026-08-29T16:30:12,2
53528132,2026-08-29T16:57:58,2026-08-29T16:57:58,1
53530409,2026-08-29T16:52:16,2026-08-29T16:52:16,1
53530601,2026-08-29T16:56:23,2026-08-29T16:56:23,1
53530608,2026-08-05,2026-08-29T16:36:18,2
53531331,2026-08-05,2026-08-29T16:58:15,2
53531644,2026-08-29T17:00:23,2026-08-29T17:00:23,1
53531739,2026-08-05,2026-08-29T16:36:33,2
53532128,2026-08-05,2026-08-29T16:45:09,2
53532647,2026-08-05,2026-08-29T16:32:00,2
53534099,2026-08-29T16:29:48,2026-08-29T16:29:48,1
53534962,2026-08-05,2026-08-29T17:08:50,2
53535190,2026-08-05,2026-08-29T16:30:41,2
53535211,2026-08-05,2026-08-29T16:37:32,2
53535539,2026-08-05,2026-08-29T16:45:09,2
53536027,2026-08-05,2026-08-29T16:39:22,2
53536039,2026-08-29T16:58:25,2026-08-29T16:58:25,1
53536059,2026-08-05,2026-08-29T16:36:33,2
53536817,2026-08-05,2026-08-29T16:48:08,2
53536824,2026-08-29T16:43:04,2026-08-29T16:43:04,1
53537345,2026-08-05,2026-08-29T16:29:55,2
53540535,2026-08-05,2026-08-29T16:46:31,2
53540822,2026-08-05,2026-08-29T16:33:15,2
53541004,2026-08-05,2026-08-29T16:44:29,2
53541359,2026-08-05,2026-08-29T16:59:14,2
53541733,2026-08-29T17:04:40,2026-08-29T17:04:40,1
53542093,2026-08-05,2026-08-29T16:40:16,2
53542233,2026-08-05,2026-08-29T16:40:16,2
53542628,2026-08-29T16:49:44,2026-08-29T16:49:44,1
53542851,2026-08-05,2026-08-29T17:10:47,2
53543990,2026-08-29T17:00:08,2026-08-29T17:00:08,1
53544128,2026-08-29T16:37:02,2026-08-29T16:37:02,1
53544141,2026-08-29T16:48:31,2026-08-29T16:48:31,1
53544148,2026-08-29T16:48:34,2026-08-29T16:48:34,1
53544168,2026-08-05,2026-08-29T16:29:28,2
53545319,2026-08-05,2026-08-29T17:10:15,2
53545426,2026-08-05,2026-08-29T16:29:55,2
53545786,2026-08-29T16:55:25,2026-08-29T16:55:25,1
53546565,2026-08-05,2026-08-29T17:00:47,2
53546639,2026-08-29T16:57:58,2026-08-29T16:57:58,1
53546867,2026-08-29T16:33:02,2026-08-29T16:33:02,1
53547041,2026-08-05,2026-08-29T16:46:16,2
53547427,2026-08-05,2026-08-29T16:37:02,2
53547443,2026-08-05,2026-08-29T16:41:02,2
53547648,2026-08-05,2026-08-29T17:02:34,2
53547745,2026-08-05,2026-08-29T16:28:42,2
53547878,2026-08-29T16:45:12,2026-08-29T16:45:12,1
53548226,2026-08-05,2026-08-29T16:32:16,2
53548653,2026-08-29T16:49:39,2026-08-29T16:49:39,1
53548727,2026-08-29T16:49:44,2026-08-29T16:49:44,1
53548744,2026-08-05,2026-08-29T16:29:52,2
53548939,2026-08-29T16:55:52,2026-08-29T16:55:52,1
53549552,2026-08-29T17:03:48,2026-08-29T17:03:48,1
53549712,2026-08-29T16:52:22,2026-08-29T16:52:22,1
53549724,2026-08-05,2026-08-29T16:38:51,2
53549942,2026-08-05,2026-08-29T16:35:59,2
53550148,2026-08-05,2026-08-29T16:47:10,2
53550150,2026-08-05,2026-08-29T16:47:10,2
53550477,2026-08-29T16:56:26,2026-08-29T16:56:26,1
53550480,2026-08-05,2026-08-29T17:02:13,2
53550494,2026-08-05,2026-08-29T17:02:13,2
53550509,2026-08-29T16:57:58,2026-08-29T16:57:58,1
53551488,2026-08-05,2026-08-29T16:40:16,2
53551733,2026-08-29T16:57:58,2026-08-29T16:57:58,1
53552045,2026-08-05,2026-08-29T17:01:41,2
53552409,2026-08-05,2026-08-29T16:29:17,2
53552445,2026-08-05,2026-08-29T17:01:41,2
53552573,2026-08-29T16:53:05,2026-08-29T16:53:05,1
53552590,2026-08-29T16:57:58,2026-08-29T16:57:58,1
53552685,2026-08-05,2026-08-29T16:33:33,2
53552744,2026-08-29T16:52:29,2026-08-29T16:52:29,1
53553000,2026-08-29T16:38:02,2026-08-29T16:38:02,1
53553074,2026-08-05,2026-08-29T17:11:36,2
53553200,2026-08-05,2026-08-29T16:37:36,2
53553781,2026-08-05,2026-08-29T16:48:28,2
53554248,2026-08-05,2026-08-29T16:46:01,2
53554249,2026-08-05,2026-08-29T17:01:41,2
53555195,2026-08-05,2026-08-29T17:01:41,2
53555436,2026-08-05,2026-08-29T16:43:13,2
53556654,2026-08-05,2026-08-29T17:10:47,2
53556666,2026-08-05,2026-08-29T17:06:00,2
53556694,2026-08-05,2026-08-29T17:08:24,2
53556735,2026-08-29T16:57:58,2026-08-29T16:57:58,1
53556800,2026-08-05,2026-08-29T16:36:42,2
53557411,2026-08-05,2026-08-29T16:31:30,2
53557483,2026-08-05,2026-08-05,1
53557761,2026-08-05,2026-08-29T16:34:02,2
53557960,2026-08-29T16:50:44,2026-08-29T16:50:44,1
53558697,2026-08-29T16:53:35,2026-08-29T16:53:35,1
53558731,2026-08-29T16:53:35,2026-08-29T16:53:35,1
53558741,2026-08-29T16:34:59,2026-08-29T16:34:59,1
53559056,2026-08-29T16:44:40,2026-08-29T16:44:40,1
53559201,2026-08-05,2026-08-29T17:01:41,2
53559368,2026-08-29T17:04:25,2026-08-29T17:04:25,1
53559574,2026-08-29T16:38:02,2026-08-29T16:38:02,1
53559757,2026-08-05,2026-08-29T16:29:55,2
53559773,2026-08-29T16:29:48,2026-08-29T16:29:48,1
53560281,2026-08-29T16:58:01,2026-08-29T16:58:01,1
53560548,2026-08-05,2026-08-29T17:07:46,2
53560595,2026-08-05,2026-08-29T17:06:46,2
53560877,2026-08-05,2026-08-29T16:34:16,2
53560979,2026-08-29T16:54:48,2026-08-29T16:54:48,1
53561104,2026-08-05,2026-08-29T16:47:50,2
53561234,2026-08-29T16:57:28,2026-08-29T16:57:28,1
53561279,2026-08-05,2026-08-29T16:44:16,2
53561614,2026-08-05,2026-08-29T17:01:41,2
53561615,2026-08-05,2026-08-29T17:01:41,2
53561963,2026-08-29T16:54:51,2026-08-29T16:54:51,1
53562222,2026-08-29T16:57:28,2026-08-29T16:57:28,1
53562348,2026-08-05,2026-08-29T16:47:50,2
53562457,2026-08-05,2026-08-29T16:46:54,2
53562549,2026-08-05,2026-08-05,1
53562860,2026-08-29T16:50:54,2026-08-29T16:50:54,1
53562914,2026-08-05,2026-08-29T17:10:55,2
53562983,2026-08-29T16:33:19,2026-08-29T16:33:19,1
53563010,2026-08-29T16:33:19,2026-08-29T16:33:19,1
53563117,2026-08-05,2026-08-29T16:40:02,2
53563417,2026-08-05,2026-08-29T16:34:53,2
53563631,2026-08-05,2026-08-29T16:39:58,2
53564226,2026-08-05,2026-08-29T16:31:09,2
53564599,2026-08-05,2026-08-05,1
53565063,2026-08-05,2026-08-29T16:38:51,2
53567216,2026-08-29T16:58:01,2026-08-29T16:58:01,1
53568012,2026-08-05,2026-08-29T16:37:36,2
53568051,2026-08-05,2026-08-29T16:40:10,2
53568075,2026-08-05,2026-08-29T16:40:10,2
53568196,2026-08-05,2026-08-29T16:43:30,2
53568520,2026-08-05,2026-08-29T16:41:02,2
53568669,2026-08-29T16:57:55,2026-08-29T16:57:55,1
53568720,2026-08-29T16:57:55,2026-08-29T16:57:55,1
53568868,2026-08-29T16:53:25,2026-08-29T16:53:25,1
53569033,2026-08-05,2026-08-29T17:10:15,2
53572021,2026-08-05,2026-08-29T17:09:41,2
53572034,2026-08-05,2026-08-29T16:39:10,2
53572041,2026-08-05,2026-08-29T16:45:05,2
53572971,2026-08-05,2026-08-29T16:36:42,2
53572987,2026-08-05,2026-08-29T16:29:59,2
53573006,2026-08-05,2026-08-29T17:10:47,2
53573103,2026-08-05,2026-08-29T16:33:22,2
53573120,2026-08-05,2026-08-29T17:10:47,2
53573352,2026-08-29T16:31:27,2026-08-29T16:31:27,1
53573395,2026-08-05,2026-08-29T16:30:45,2
53575910,2026-08-05,2026-08-29T17:09:27,2
53576256,2026-08-29T16:33:43,2026-08-29T16:33:43,1
53576942,2026-08-05,2026-08-05,1
53577070,2026-08-05,2026-08-29T17:00:35,2
53577293,2026-08-05,2026-08-29T16:30:49,2
53577557,2026-08-05,2026-08-29T16:31:38,2
53577625,2026-08-05,2026-08-29T16:30:52,2
53577717,2026-08-05,2026-08-29T16:31:38,2
53577820,2026-08-05,2026-08-29T16:29:59,2
53577904,2026-08-05,2026-08-29T16:29:59,2
53578197,2026-08-05,2026-08-29T16:56:26,2
53578217,2026-08-05,2026-08-29T17:00:44,2
53578232,2026-08-05,2026-08-29T17:01:14,2
53578249,2026-08-05,2026-08-29T17:01:11,2
53578524,2026-08-05,2026-08-29T16:32:16,2
53578525,2026-08-05,2026-08-05,1
53579955,2026-08-05,2026-08-29T16:41:52,2
53579965,2026-08-05,2026-08-29T16:46:34,2
53579979,2026-08-05,2026-08-29T16:41:06,2
53580006,2026-08-05,2026-08-29T16:46:38,2
53580074,2026-08-05,2026-08-29T17:05:48,2
53580139,2026-08-05,2026-08-29T16:46:34,2
53580238,2026-08-05,2026-08-29T17:06:46,2
53580286,2026-08-05,2026-08-29T17:09:41,2
53580351,2026-08-05,2026-08-29T16:34:41,2
53580353,2026-08-05,2026-08-29T17:08:53,2
53580801,2026-08-05,2026-08-29T16:33:33,2
53581055,2026-08-29T17:04:37,2026-08-29T17:04:37,1
53581126,2026-08-05,2026-08-29T16:42:45,2
53581245,2026-08-05,2026-08-29T16:42:45,2
53581457,2026-08-05,2026-08-29T17:10:58,2
53583277,2026-08-05,2026-08-29T17:10:39,2
53584372,2026-08-05,2026-08-29T16:36:42,2
53584778,2026-08-05,2026-08-29T16:46:13,2
53584905,2026-08-05,2026-08-05,1
53585058,2026-08-05,2026-08-29T16:34:59,2
53585158,2026-08-05,2026-08-29T16:41:14,2
53586168,2026-08-05,2026-08-29T16:40:02,2
53586172,2026-08-05,2026-08-29T16:42:39,2
53586175,2026-08-05,2026-08-29T16:33:22,2
53586177,2026-08-05,2026-08-29T16:41:02,2
53586179,2026-08-29T16:33:22,2026-08-29T16:33:22,1
53586182,2026-08-29T16:52:55,2026-08-29T16:52:55,1
53586189,2026-08-29T16:33:22,2026-08-29T16:33:22,1
53586983,2026-08-29T16:50:54,2026-08-29T16:50:54,1
53587098,2026-08-29T16:39:42,2026-08-29T16:39:42,1
53587175,2026-08-05,2026-08-29T16:52:05,2
53588115,2026-08-29T16:58:01,2026-08-29T16:58:01,1
53588162,2026-08-05,2026-08-29T16:36:22,2
53588658,2026-08-05,2026-08-29T16:44:26,2
53588827,2026-08-05,2026-08-29T16:51:16,2
53588999,2026-08-05,2026-08-29T16:46:57,2
53590319,2026-08-29T16:44:08,2026-08-29T16:44:08,1
53590836,2026-08-05,2026-08-29T17:09:37,2
53591074,2026-08-05,2026-08-29T16:34:13,2
53592298,2026-08-05,2026-08-29T17:02:25,2
53592870,2026-08-05,2026-08-29T16:55:06,2
53593689,2026-08-29T16:55:06,2026-08-29T16:55:06,1
53594890,2026-08-29T16:52:05,2026-08-29T16:52:05,1
53595071,2026-08-05,2026-08-29T16:39:18,2
53595194,2026-08-05,2026-08-29T16:37:51,2
53595210,2026-08-05,2026-08-29T16:39:26,2
53595352,2026-08-29T16:58:01,2026-08-29T16:58:01,1
53595357,2026-08-29T16:45:46,2026-08-29T16:45:46,1
53595410,2026-08-29T16:57:34,2026-08-29T16:57:34,1
53595416,2026-08-29T16:58:01,2026-08-29T16:58:01,1
53595563,2026-08-29T16:37:21,2026-08-29T16:37:21,1
53595799,2026-08-05,2026-08-29T16:39:06,2
53595907,2026-08-05,2026-08-29T16:49:36,2
53595927,2026-08-05,2026-08-29T16:44:47,2
53595948,2026-08-05,2026-08-29T16:48:59,2
53595977,2026-08-29T16:43:23,2026-08-29T16:43:23,1
53596102,2026-08-05,2026-08-29T16:48:59,2
53596256,2026-08-05,2026-08-29T16:44:19,2
53596462,2026-08-29T16:59:11,2026-08-29T16:59:11,1
53596548,2026-08-29T16:59:05,2026-08-29T16:59:05,1
53596675,2026-08-05,2026-08-29T16:36:14,2
53596844,2026-08-29T17:00:26,2026-08-29T17:00:26,1
53597182,2026-08-05,2026-08-29T16:34:44,2
53599574,2026-08-05,2026-08-29T16:35:35,2
53599577,2026-08-05,2026-08-29T16:50:02,2
53599907,2026-08-05,2026-08-29T16:32:28,2
53600045,2026-08-05,2026-08-29T16:51:16,2
53600171,2026-08-29T16:58:01,2026-08-29T16:58:01,1
53600402,2026-08-29T16:37:54,2026-08-29T16:37:54,1
53600444,2026-08-05,2026-08-29T17:10:31,2
53600447,2026-08-29T16:50:35,2026-08-29T16:50:35,1
53601160,2026-08-29T16:48:08,2026-08-29T16:48:08,1
53601240,2026-08-29T16:48:08,2026-08-29T16:48:08,1
53601247,2026-08-29T16:36:07,2026-08-29T16:36:07,1
53601408,2026-08-29T16:38:59,2026-08-29T16:38:59,1
53601417,2026-08-05,2026-08-29T16:43:13,2
53601464,2026-08-05,2026-08-05,1
53601473,2026-08-05,2026-08-05,1
53601516,2026-08-05,2026-08-05,1
53601612,2026-08-29T16:52:22,2026-08-29T16:52:22,1
53601785,2026-08-29T16:29:31,2026-08-29T16:29:31,1
53601901,2026-08-29T16:37:02,2026-08-29T16:37:02,1
53601911,2026-08-29T16:37:02,2026-08-29T16:37:02,1
53604085,2026-08-05,2026-08-29T16:47:13,2
53604394,2026-08-29T17:04:55,2026-08-29T17:04:55,1
53604786,2026-08-29T16:57:58,2026-08-29T16:57:58,1
53604816,2026-08-05,2026-08-29T17:01:41,2
53604928,2026-08-05,2026-08-29T16:45:05,2
53604933,2026-08-29T17:00:04,2026-08-29T17:00:04,1
53604958,2026-08-05,2026-08-29T16:39:55,2
53605319,2026-08-29T16:32:35,2026-08-29T16:32:35,1
53605359,2026-08-05,2026-08-05,1
53605369,2026-08-05,2026-08-05,1
53605396,2026-08-05,2026-08-05,1
53605571,2026-08-05,2026-08-29T17:01:41,2
53605747,2026-08-05,2026-08-05,1
53605852,2026-08-05,2026-08-29T16:32:06,2
53605904,2026-08-05,2026-08-29T16:50:08,2
53606141,2026-08-29T16:57:46,2026-08-29T16:57:46,1
53606181,2026-08-29T16:57:46,2026-08-29T16:57:46,1
53607212,2026-08-05,2026-08-29T16:40:02,2
53607214,2026-08-29T16:53:12,2026-08-29T16:53:12,1
53607216,2026-08-29T16:53:12,2026-08-29T16:53:12,1
53607550,2026-08-05,2026-08-29T16:37:13,2
53607930,2026-08-05,2026-08-29T16:32:56,2
53608076,2026-08-05,2026-08-29T16:28:49,2
53608121,2026-08-29T16:58:01,2026-08-29T16:58:01,1
53608302,2026-08-05,2026-08-29T16:50:02,2
53608342,2026-08-05,2026-08-29T16:41:14,2
53608412,2026-08-05,2026-08-29T17:01:11,2
53608451,2026-08-05,2026-08-29T17:01:14,2
53608471,2026-08-29T16:59:05,2026-08-29T16:59:05,1
53608572,2026-08-29T16:58:01,2026-08-29T16:58:01,1
53608656,2026-08-05,2026-08-29T17:01:14,2
53608988,2026-08-05,2026-08-29T16:58:01,2
53610163,2026-08-05,2026-08-29T17:01:41,2
53610166,2026-08-05,2026-08-29T17:01:41,2
53610167,2026-08-29T17:04:31,2026-08-29T17:04:31,1
53610493,2026-08-05,2026-08-29T16:38:40,2
53610494,2026-08-29T16:52:16,2026-08-29T16:52:16,1
53610496,2026-08-05,2026-08-29T16:38:40,2
53610503,2026-08-29T16:54:38,2026-08-29T16:54:38,1
53610507,2026-08-29T16:54:11,2026-08-29T16:54:11,1
53610527,2026-08-05,2026-08-29T16:38:40,2
53610607,2026-08-05,2026-08-29T16:30:45,2
53611748,2026-08-05,2026-08-29T17:01:14,2
53611779,2026-08-29T16:58:01,2026-08-29T16:58:01,1
53612249,2026-08-05,2026-08-29T17:05:28,2
53612341,2026-08-29T16:50:08,2026-08-29T16:50:08,1
53613149,2026-08-05,2026-08-29T16:44:16,2
53613295,2026-08-05,2026-08-05,1
53613380,2026-08-05,2026-08-29T16:50:35,2
53614125,2026-08-05,2026-08-29T16:38:40,2
53615000,2026-08-05,2026-08-29T16:57:12,2
53615133,2026-08-29T16:59:55,2026-08-29T16:59:55,1
53615226,2026-08-05,2026-08-29T17:00:44,2
53615301,2026-08-05,2026-08-29T16:42:16,2
53615333,2026-08-29T16:53:05,2026-08-29T16:53:05,1
53615359,2026-08-29T16:50:21,2026-08-29T16:50:21,1
53615383,2026-08-05,2026-08-29T16:45:30,2
53615470,2026-08-29T17:03:01,2026-08-29T17:03:01,1
53615565,2026-08-29T16:52:13,2026-08-29T16:52:13,1
53615577,2026-08-05,2026-08-29T16:43:59,2
53615640,2026-08-29T16:57:58,2026-08-29T16:57:58,1
53615674,2026-08-05,2026-08-29T16:29:20,2
53615747,2026-08-29T17:02:55,2026-08-29T17:02:55,1
53615759,2026-08-29T16:51:32,2026-08-29T16:51:32,1
53616186,2026-08-05,2026-08-29T16:40:16,2
53616353,2026-08-29T16:50:54,2026-08-29T16:50:54,1
53616612,2026-08-05,2026-08-29T16:33:02,2
53616663,2026-08-05,2026-08-29T16:51:20,2
53618854,2026-08-29T17:03:27,2026-08-29T17:03:27,1
53619091,2026-08-29T16:36:42,2026-08-29T16:36:42,1
53619206,2026-08-05,2026-08-29T17:01:08,2
53619309,2026-08-05,2026-08-29T16:49:08,2
53619325,2026-08-05,2026-08-29T16:40:02,2
53619397,2026-08-29T16:42:16,2026-08-29T16:42:16,1
53619574,2026-08-05,2026-08-29T17:01:56,2
53619794,2026-08-05,2026-08-29T16:40:43,2
53619863,2026-08-29T16:29:35,2026-08-29T16:29:35,1
53620343,2026-08-05,2026-08-29T16:47:59,2
53620410,2026-08-05,2026-08-05,1
53620511,2026-08-29T16:57:43,2026-08-29T16:57:43,1
53621377,2026-08-05,2026-08-29T16:42:39,2
53621565,2026-08-05,2026-08-29T16:51:23,2
53621621,2026-08-29T16:52:45,2026-08-29T16:52:45,1
53621661,2026-08-05,2026-08-29T17:02:25,2
53622242,2026-08-29T16:57:58,2026-08-29T16:57:58,1
53622270,2026-08-05,2026-08-29T16:34:44,2
53622487,2026-08-29T16:46:13,2026-08-29T16:46:13,1
53622510,2026-08-05,2026-08-29T16:34:44,2
53622716,2026-08-05,2026-08-29T16:34:44,2
53623433,2026-08-05,2026-08-05,1
53623446,2026-08-29T16:30:15,2026-08-29T16:30:15,1
53623504,2026-08-05,2026-08-29T16:34:56,2
53623588,2026-08-05,2026-08-29T17:09:23,2
53623996,2026-08-05,2026-08-29T16:55:40,2
53624046,2026-08-29T16:38:20,2026-08-29T16:38:20,1
53624116,2026-08-05,2026-08-05,1
53624150,2026-08-29T16:39:38,2026-08-29T16:39:38,1
53624916,2026-08-05,2026-08-29T16:33:43,2
53625443,2026-08-29T16:57:06,2026-08-29T16:57:06,1
53625781,2026-08-05,2026-08-29T16:36:14,2
53625810,2026-08-05,2026-08-29T17:06:36,2
53626522,2026-08-05,2026-08-29T16:34:26,2
53627821,2026-08-05,2026-08-29T16:39:58,2
53627843,2026-08-05,2026-08-29T16:39:22,2
53628023,2026-08-29T16:53:05,2026-08-29T16:53:05,1
53628240,2026-08-29T16:39:46,2026-08-29T16:39:46,1
53628270,2026-08-05,2026-08-29T16:31:17,2
53628289,2026-08-05,2026-08-29T16:41:02,2
53628344,2026-08-05,2026-08-29T16:41:22,2
53628366,2026-08-29T17:03:57,2026-08-29T17:03:57,1
53628453,2026-08-29T17:03:57,2026-08-29T17:03:57,1
53628642,2026-08-29T16:51:13,2026-08-29T16:51:13,1
53628721,2026-08-05,2026-08-29T16:51:13,2
53628741,2026-08-05,2026-08-29T16:49:54,2
53629051,2026-08-29T17:04:00,2026-08-29T17:04:00,1
53629167,2026-08-29T16:55:25,2026-08-29T16:55:25,1
53629736,2026-08-05,2026-08-29T16:46:22,2
53629785,2026-08-05,2026-08-29T16:47:22,2
53629787,2026-08-29T16:43:39,2026-08-29T16:43:39,1
53630409,2026-08-29T17:04:34,2026-08-29T17:04:34,1
53632993,2026-08-05,2026-08-29T16:46:22,2
53633047,2026-08-05,2026-08-29T16:34:26,2
53633122,2026-08-05,2026-08-29T16:35:03,2
53633206,2026-08-29T16:29:43,2026-08-29T16:29:43,1
53633264,2026-08-29T16:58:07,2026-08-29T16:58:07,1
53633386,2026-08-29T16:58:07,2026-08-29T16:58:07,1
53633776,2026-08-05,2026-08-29T16:46:34,2
53634413,2026-08-05,2026-08-29T16:45:09,2
53636395,2026-08-05,2026-08-29T16:34:44,2
53636444,2026-08-05,2026-08-29T16:34:44,2
53636455,2026-08-29T16:34:53,2026-08-29T16:34:53,1
53636460,2026-08-05,2026-08-29T16:34:50,2
53637897,2026-08-05,2026-08-29T17:11:53,2
53637898,2026-08-05,2026-08-29T17:11:53,2
53637899,2026-08-05,2026-08-29T17:11:53,2
53637900,2026-08-05,2026-08-29T17:11:53,2
53637902,2026-08-05,2026-08-29T17:11:53,2
53637903,2026-08-05,2026-08-29T17:10:31,2
53638082,2026-08-05,2026-08-29T16:45:58,2
53638152,2026-08-05,2026-08-29T16:45:58,2
53638258,2026-08-05,2026-08-29T16:45:58,2
53638356,2026-08-29T17:04:37,2026-08-29T17:04:37,1
53638511,2026-08-05,2026-08-29T16:45:58,2
53638992,2026-08-05,2026-08-29T16:46:48,2
53639292,2026-08-05,2026-08-29T16:44:53,2
53639514,2026-08-29T16:58:07,2026-08-29T16:58:07,1
53640794,2026-08-05,2026-08-29T16:54:55,2
53640818,2026-08-05,2026-08-29T16:58:30,2
53641005,2026-08-05,2026-08-05,1
53641037,2026-08-05,2026-08-29T16:46:16,2
53641058,2026-08-29T17:03:21,2026-08-29T17:03:21,1
53641239,2026-08-05,2026-08-29T16:56:14,2
53642146,2026-08-29T16:53:35,2026-08-29T16:53:35,1
53642162,2026-08-29T16:53:12,2026-08-29T16:53:12,1
53644007,2026-08-05,2026-08-29T16:35:16,2
53644573,2026-08-05,2026-08-29T17:06:52,2
53644607,2026-08-05,2026-08-29T17:06:52,2
53644878,2026-08-05,2026-08-29T16:33:12,2
53645311,2026-08-05,2026-08-29T16:46:07,2
53645459,2026-08-29T16:58:07,2026-08-29T16:58:07,1
53646072,2026-08-05,2026-08-29T16:47:55,2
53646375,2026-08-29T16:58:01,2026-08-29T16:58:01,1
53647454,2026-08-29T16:53:22,2026-08-29T16:53:22,1
53647574,2026-08-29T16:53:12,2026-08-29T16:53:12,1
53648385,2026-08-05,2026-08-29T17:10:31,2
53648442,2026-08-05,2026-08-29T17:10:39,2
53648644,2026-08-29T16:34:53,2026-08-29T16:34:53,1
53648701,2026-08-05,2026-08-29T16:29:35,2
53648783,2026-08-29T16:58:01,2026-08-29T16:58:01,1
53648903,2026-08-05,2026-08-29T16:46:54,2
53649743,2026-08-29T16:58:46,2026-08-29T16:58:46,1
53649755,2026-08-05,2026-08-29T16:39:51,2
53650265,2026-08-29T16:51:16,2026-08-29T16:51:16,1
53650438,2026-08-29T16:45:25,2026-08-29T16:45:25,1
53651541,2026-08-05,2026-08-29T17:10:58,2
53651984,2026-08-05,2026-08-29T17:01:29,2
53652088,2026-08-29T17:04:40,2026-08-29T17:04:40,1
53653277,2026-08-05,2026-08-29T16:55:18,2
53654545,2026-08-05,2026-08-29T17:07:01,2
53654796,2026-08-05,2026-08-29T16:41:02,2
53655100,2026-08-05,2026-08-29T16:55:18,2
53655742,2026-08-29T16:59:55,2026-08-29T16:59:55,1
53656168,2026-08-29T16:58:01,2026-08-29T16:58:01,1
53656433,2026-08-05,2026-08-29T16:51:26,2
53657289,2026-08-05,2026-08-29T16:29:17,2
53657486,2026-08-05,2026-08-29T16:51:20,2
53658063,2026-08-05,2026-08-29T16:43:39,2
53658459,2026-08-05,2026-08-29T16:43:36,2
53658460,2026-08-29T16:43:39,2026-08-29T16:43:39,1
53661368,2026-08-29T17:03:48,2026-08-29T17:03:48,1
53661375,2026-08-05,2026-08-29T16:32:22,2
53661378,2026-08-05,2026-08-29T16:37:36,2
53661380,2026-08-05,2026-08-29T16:30:37,2
53661804,2026-08-29T16:55:12,2026-08-29T16:55:12,1
53662009,2026-08-29T16:55:12,2026-08-29T16:55:12,1
53662529,2026-08-05,2026-08-29T16:29:20,2
53662668,2026-08-05,2026-08-29T16:30:41,2
53662829,2026-08-29T16:45:15,2026-08-29T16:45:15,1
53663136,2026-08-29T16:29:52,2026-08-29T16:29:52,1
53663151,2026-08-29T16:52:52,2026-08-29T16:52:52,1
53663154,2026-08-05,2026-08-29T17:01:32,2
53663269,2026-08-05,2026-08-29T16:34:02,2
53663303,2026-08-05,2026-08-29T16:46:57,2
53663405,2026-08-29T17:02:49,2026-08-29T17:02:49,1
53664675,2026-08-05,2026-08-29T17:06:46,2
53665987,2026-08-05,2026-08-29T16:32:16,2
53667262,2026-08-05,2026-08-29T17:09:14,2
53667263,2026-08-05,2026-08-29T17:09:27,2
53667264,2026-08-05,2026-08-29T17:09:27,2
53667574,2026-08-05,2026-08-29T16:33:33,2
53668425,2026-08-29T16:31:27,2026-08-29T16:31:27,1
53668481,2026-08-05,2026-08-29T17:10:47,2
53668931,2026-08-05,2026-08-29T16:28:42,2
53669229,2026-08-05,2026-08-29T17:06:12,2
53669331,2026-08-05,2026-08-29T16:37:02,2
53669593,2026-08-05,2026-08-29T16:37:43,2
53669605,2026-08-05,2026-08-29T16:47:13,2
53670290,2026-08-29T16:40:36,2026-08-29T16:40:36,1
53673993,2026-08-05,2026-08-29T16:39:58,2
53674017,2026-08-05,2026-08-29T16:39:58,2
53674113,2026-08-29T16:44:50,2026-08-29T16:44:50,1
53674259,2026-08-29T16:54:45,2026-08-29T16:54:45,1
53674387,2026-08-05,2026-08-29T17:01:59,2
53675826,2026-08-29T16:37:13,2026-08-29T16:37:13,1
53676034,2026-08-05,2026-08-05,1
53676510,2026-08-29T16:57:06,2026-08-29T16:57:06,1
53676578,2026-08-05,2026-08-29T17:09:37,2
53677236,2026-08-05,2026-08-29T16:38:40,2
53678538,2026-08-05,2026-08-29T17:06:40,2
53678724,2026-08-29T16:37:32,2026-08-29T16:37:32,1
53679100,2026-08-05,2026-08-05,1
53679178,2026-08-05,2026-08-05,1
53679190,2026-08-29T16:55:12,2026-08-29T16:55:12,1
53680027,2026-08-29T16:56:08,2026-08-29T16:56:08,1
53680125,2026-08-05,2026-08-05,1
53680177,2026-08-29T16:32:44,2026-08-29T16:32:44,1
53680373,2026-08-29T16:29:48,2026-08-29T16:29:48,1
53680549,2026-08-05,2026-08-29T16:36:03,2
53680561,2026-08-29T17:04:00,2026-08-29T17:04:00,1
53680791,2026-08-29T16:31:27,2026-08-29T16:31:27,1
53680849,2026-08-05,2026-08-29T16:36:18,2
53681386,2026-08-29T16:55:25,2026-08-29T16:55:25,1
53681463,2026-08-05,2026-08-29T16:35:59,2
53681483,2026-08-05,2026-08-29T16:36:18,2
53681541,2026-08-29T16:36:03,2026-08-29T16:36:03,1
53681591,2026-08-29T17:04:00,2026-08-29T17:04:00,1
53681613,2026-08-29T17:04:00,2026-08-29T17:04:00,1
53681641,2026-08-29T16:49:44,2026-08-29T16:49:44,1
53682098,2026-08-05,2026-08-29T16:33:12,2
53682599,2026-08-05,2026-08-29T17:06:29,2
53683164,2026-08-05,2026-08-29T16:47:55,2
53683232,2026-08-05,2026-08-29T16:47:55,2
53683513,2026-08-05,2026-08-29T16:34:41,2
53684097,2026-08-05,2026-08-29T17:06:24,2
53684194,2026-08-05,2026-08-29T16:43:39,2
53685071,2026-08-05,2026-08-29T16:36:22,2
53685106,2026-08-05,2026-08-29T16:43:23,2
53685155,2026-08-05,2026-08-29T16:44:44,2
53685218,2026-08-29T17:03:27,2026-08-29T17:03:27,1
53685252,2026-08-29T16:38:59,2026-08-29T16:38:59,1
53685361,2026-08-05,2026-08-29T16:49:11,2
53686524,2026-08-05,2026-08-05,1
53686722,2026-08-05,2026-08-29T16:36:03,2
53687030,2026-08-05,2026-08-29T16:28:53,2
53687326,2026-08-05,2026-08-29T16:41:02,2
53687596,2026-08-29T16:53:02,2026-08-29T16:53:02,1
53688112,2026-08-29T16:57:43,2026-08-29T16:57:43,1
53688169,2026-08-05,2026-08-29T16:30:12,2
53688919,2026-08-29T16:40:10,2026-08-29T16:40:10,1
53691363,2026-08-05,2026-08-29T17:10:34,2
53692302,2026-08-29T16:29:48,2026-08-29T16:29:48,1
53692357,2026-08-29T16:29:48,2026-08-29T16:29:48,1
53692386,2026-08-05,2026-08-29T16:46:04,2
53692598,2026-08-29T16:32:22,2026-08-29T16:32:22,1
53692879,2026-08-29T16:55:12,2026-08-29T16:55:12,1
53693170,2026-08-05,2026-08-29T16:43:39,2
53693424,2026-08-29T16:59:20,2026-08-29T16:59:20,1
53693659,2026-08-29T16:59:20,2026-08-29T16:59:20,1
53693744,2026-08-05,2026-08-29T16:38:51,2
53693840,2026-08-05,2026-08-29T17:06:06,2
53694248,2026-08-05,2026-08-29T16:44:35,2
53694399,2026-08-29T16:49:14,2026-08-29T16:49:14,1
53694996,2026-08-29T16:55:09,2026-08-29T16:55:09,1
53699771,2026-08-05,2026-08-29T16:36:22,2
53700009,2026-08-05,2026-08-29T17:10:27,2
53700330,2026-08-05,2026-08-29T17:08:09,2
53700471,2026-08-05,2026-08-29T16:29:48,2
53700565,2026-08-29T17:03:45,2026-08-29T17:03:45,1
53700579,2026-08-29T16:44:53,2026-08-29T16:44:53,1
53700845,2026-08-29T16:30:15,2026-08-29T16:30:15,1
53700959,2026-08-05,2026-08-29T16:42:45,2
53702594,2026-08-29T16:38:14,2026-08-29T16:38:14,1
53703910,2026-08-05,2026-08-05,1
53704124,2026-08-05,2026-08-29T16:40:43,2
53704619,2026-08-29T16:29:48,2026-08-29T16:29:48,1
53705037,2026-08-05,2026-08-05,1
53705366,2026-08-05,2026-08-29T16:55:22,2
53705689,2026-08-05,2026-08-29T16:46:01,2
53705945,2026-08-29T16:59:20,2026-08-29T16:59:20,1
53706131,2026-08-29T17:02:46,2026-08-29T17:02:46,1
53706367,2026-08-05,2026-08-29T16:36:03,2
53706397,2026-08-29T16:29:48,2026-08-29T16:29:48,1
53706439,2026-08-29T16:57:55,2026-08-29T16:57:55,1
53706478,2026-08-29T16:38:14,2026-08-29T16:38:14,1
53706551,2026-08-29T16:59:35,2026-08-29T16:59:35,1
53707108,2026-08-05,2026-08-29T17:11:02,2
53707111,2026-08-05,2026-08-29T16:47:07,2
53707128,2026-08-05,2026-08-29T17:07:10,2
53707201,2026-08-05,2026-08-29T17:10:06,2
53707231,2026-08-05,2026-08-29T17:07:59,2
53707641,2026-08-05,2026-08-29T16:34:41,2
53709933,2026-08-05,2026-08-29T16:50:02,2
53710041,2026-08-05,2026-08-05,1
53710148,2026-08-29T16:50:41,2026-08-29T16:50:41,1
53710276,2026-08-29T16:40:16,2026-08-29T16:40:16,1
53710305,2026-08-05,2026-08-05,1
53710718,2026-08-29T16:29:48,2026-08-29T16:29:48,1
53710788,2026-08-05,2026-08-29T16:54:45,2
53710789,2026-08-29T16:54:45,2026-08-29T16:54:45,1
53710792,2026-08-05,2026-08-29T16:54:45,2
53711010,2026-08-29T16:48:08,2026-08-29T16:48:08,1
53711637,2026-08-29T16:51:09,2026-08-29T16:51:09,1
53711659,2026-08-05,2026-08-29T16:29:20,2
53711770,2026-08-05,2026-08-29T16:51:42,2
53711803,2026-08-29T16:57:43,2026-08-29T16:57:43,1
53711975,2026-08-29T17:06:43,2026-08-29T17:06:43,1
53712073,2026-08-29T16:59:49,2026-08-29T16:59:49,1
53712169,2026-08-05,2026-08-29T17:12:03,2
53712531,2026-08-29T16:51:55,2026-08-29T16:51:55,1
53712552,2026-08-29T16:51:55,2026-08-29T16:51:55,1
53712859,2026-08-05,2026-08-29T16:43:39,2
53713586,2026-08-29T16:37:54,2026-08-29T16:37:54,1
53713598,2026-08-05,2026-08-29T17:09:27,2
53716326,2026-08-29T16:29:43,2026-08-29T16:29:43,1
53716366,2026-08-29T16:51:49,2026-08-29T16:51:49,1
53716891,2026-08-05,2026-08-29T17:05:45,2
53716920,2026-08-05,2026-08-29T17:07:13,2
53717008,2026-08-05,2026-08-29T17:07:13,2
53717188,2026-08-05,2026-08-29T17:07:49,2
53717297,2026-08-05,2026-08-29T17:07:13,2
53717432,2026-08-05,2026-08-29T16:36:22,2
53717717,2026-08-29T17:03:48,2026-08-29T17:03:48,1
53717751,2026-08-05,2026-08-29T16:43:36,2
53718030,2026-08-05,2026-08-05,1
53718845,2026-08-05,2026-08-29T17:06:43,2
53719098,2026-08-05,2026-08-29T17:10:55,2
53720136,2026-08-05,2026-08-05,1
53720947,2026-08-29T16:37:54,2026-08-29T16:37:54,1
53721014,2026-08-05,2026-08-29T16:43:36,2
53721035,2026-08-05,2026-08-29T16:43:39,2
53721925,2026-08-05,2026-08-29T16:45:52,2
53722459,2026-08-05,2026-08-29T17:06:43,2
53722819,2026-08-05,2026-08-29T16:35:23,2
53722829,2026-08-05,2026-08-29T17:04:25,2
53723309,2026-08-05,2026-08-29T16:30:19,2
53723326,2026-08-29T16:31:05,2026-08-29T16:31:05,1
53723893,2026-08-05,2026-08-29T16:51:26,2
53723956,2026-08-29T16:54:35,2026-08-29T16:54:35,1
53724028,2026-08-29T16:51:52,2026-08-29T16:51:52,1
53724044,2026-08-05,2026-08-29T16:51:26,2
53724278,2026-08-29T16:43:04,2026-08-29T16:43:04,1
53724750,2026-08-05,2026-08-29T16:50:24,2
53724886,2026-08-05,2026-08-29T17:10:55,2
53725157,2026-08-05,2026-08-05,1
53725828,2026-08-05,2026-08-29T17:05:19,2
53725837,2026-08-05,2026-08-29T16:48:43,2
53727325,2026-08-29T16:44:32,2026-08-29T16:44:32,1
53727351,2026-08-05,2026-08-29T16:46:01,2
53727410,2026-08-05,2026-08-29T16:46:25,2
53727507,2026-08-05,2026-08-29T17:07:17,2
53728322,2026-08-05,2026-08-29T16:35:23,2
53728808,2026-08-05,2026-08-29T16:33:08,2
53730189,2026-08-29T16:34:16,2026-08-29T16:34:16,1
53731314,2026-08-05,2026-08-29T16:34:22,2
53731615,2026-08-29T16:47:16,2026-08-29T16:47:16,1
53731669,2026-08-05,2026-08-29T16:29:43,2
53731779,2026-08-05,2026-08-29T17:10:44,2
53732500,2026-08-29T16:33:43,2026-08-29T16:33:43,1
53732943,2026-08-05,2026-08-29T16:48:59,2
53733090,2026-08-05,2026-08-29T17:07:17,2
53733685,2026-08-05,2026-08-29T17:10:34,2
53733732,2026-08-05,2026-08-29T17:08:44,2
53733776,2026-08-29T16:53:12,2026-08-29T16:53:12,1
53734468,2026-08-29T16:40:02,2026-08-29T16:40:02,1
53735444,2026-08-29T17:12:09,2026-08-29T17:12:09,1
53735924,2026-08-05,2026-08-29T16:42:39,2
53736109,2026-08-05,2026-08-29T17:05:30,2
53736697,2026-08-05,2026-08-29T17:01:02,2
53736760,2026-08-29T16:44:26,2026-08-29T16:44:26,1
53737085,2026-08-29T16:51:55,2026-08-29T16:51:55,1
53737225,2026-08-29T16:28:45,2026-08-29T16:28:45,1
53737315,2026-08-05,2026-08-29T16:30:07,2
53737817,2026-08-05,2026-08-29T16:49:47,2
53738051,2026-08-29T16:37:32,2026-08-29T16:37:32,1
53738187,2026-08-05,2026-08-29T16:42:45,2
53738376,2026-08-05,2026-08-29T16:46:04,2
53738789,2026-08-29T16:45:46,2026-08-29T16:45:46,1
53740144,2026-08-29T16:53:15,2026-08-29T16:53:15,1
53741021,2026-08-05,2026-08-29T17:09:23,2
53741435,2026-08-05,2026-08-29T17:01:29,2
53741816,2026-08-05,2026-08-29T17:01:08,2
53741876,2026-08-29T16:59:11,2026-08-29T16:59:11,1
53742015,2026-08-29T16:51:06,2026-08-29T16:51:06,1
53742087,2026-08-05,2026-08-29T16:30:19,2
53742614,2026-08-05,2026-08-29T16:45:09,2
53742790,2026-08-05,2026-08-29T16:44:53,2
53742816,2026-08-05,2026-08-29T16:36:28,2
53742883,2026-08-29T16:48:43,2026-08-29T16:48:43,1
53742922,2026-08-29T16:29:20,2026-08-29T16:29:20,1
53742932,2026-08-05,2026-08-29T16:42:59,2
53742961,2026-08-05,2026-08-29T16:44:44,2
53742975,2026-08-05,2026-08-29T16:49:02,2
53743014,2026-08-29T16:56:46,2026-08-29T16:56:46,1
53743065,2026-08-05,2026-08-29T16:32:56,2
53743555,2026-08-05,2026-08-29T17:07:17,2
53744467,2026-08-05,2026-08-29T16:55:18,2
53745165,2026-08-05,2026-08-29T17:06:49,2
53745698,2026-08-05,2026-08-29T16:48:24,2
53745710,2026-08-05,2026-08-29T16:48:24,2
53745773,2026-08-05,2026-08-29T16:48:52,2
53746264,2026-08-29T16:45:22,2026-08-29T16:45:22,1
53746276,2026-08-05,2026-08-29T17:07:17,2
53746542,2026-08-05,2026-08-29T17:10:34,2
53747312,2026-08-05,2026-08-29T16:37:13,2
53747381,2026-08-05,2026-08-29T16:37:17,2
53747424,2026-08-05,2026-08-05,1
53748035,2026-08-05,2026-08-29T16:48:20,2
53748074,2026-08-05,2026-08-29T16:36:28,2
53748392,2026-08-05,2026-08-29T16:42:35,2
53748456,2026-08-29T16:31:27,2026-08-29T16:31:27,1
53749231,2026-08-05,2026-08-29T16:31:57,2
53749298,2026-08-05,2026-08-29T17:08:53,2
53749352,2026-08-05,2026-08-29T16:51:13,2
53749679,2026-08-29T16:52:10,2026-08-29T16:52:10,1
53749916,2026-08-05,2026-08-29T17:06:58,2
53749917,2026-08-05,2026-08-29T17:06:58,2
53750112,2026-08-05,2026-08-29T16:47:03,2
53750221,2026-08-05,2026-08-29T16:46:45,2
53750367,2026-08-05,2026-08-29T17:10:24,2
53750448,2026-08-05,2026-08-29T17:11:42,2
53750617,2026-08-05,2026-08-29T16:45:49,2
53750739,2026-08-05,2026-08-29T16:48:49,2
53751182,2026-08-05,2026-08-29T17:08:56,2
53751935,2026-08-05,2026-08-29T17:11:25,2
53752741,2026-08-05,2026-08-29T16:48:49,2
53752783,2026-08-05,2026-08-05,1
53752860,2026-08-29T16:57:03,2026-08-29T16:57:03,1
53753161,2026-08-29T16:51:16,2026-08-29T16:51:16,1
53753549,2026-08-05,2026-08-29T16:45:52,2
53753649,2026-08-05,2026-08-29T16:46:19,2
53754574,2026-08-05,2026-08-29T16:48:49,2
53754606,2026-08-29T16:53:02,2026-08-29T16:53:02,1
53755026,2026-08-05,2026-08-29T16:36:54,2
53755066,2026-08-05,2026-08-29T16:42:35,2
53755154,2026-08-05,2026-08-29T17:08:13,2
53755545,2026-08-05,2026-08-29T16:34:19,2
53755637,2026-08-05,2026-08-05,1
53755660,2026-08-05,2026-08-29T16:45:36,2
53756154,2026-08-05,2026-08-29T16:44:05,2
53756467,2026-08-29T16:59:55,2026-08-29T16:59:55,1
53756882,2026-08-29T17:03:57,2026-08-29T17:03:57,1
53756931,2026-08-05,2026-08-29T16:52:22,2
53757546,2026-08-29T17:00:11,2026-08-29T17:00:11,1
53757783,2026-08-05,2026-08-29T16:47:44,2
53758635,2026-08-05,2026-08-29T17:07:07,2
53758860,2026-08-29T16:32:32,2026-08-29T16:32:32,1
53758938,2026-08-29T16:56:17,2026-08-29T16:56:17,1
53759094,2026-08-29T16:57:18,2026-08-29T16:57:18,1
53759369,2026-08-05,2026-08-29T16:35:09,2
53760012,2026-08-05,2026-08-29T16:30:55,2
53760235,2026-08-29T16:53:53,2026-08-29T16:53:53,1
53760251,2026-08-05,2026-08-05,1
53760460,2026-08-05,2026-08-29T17:12:09,2
53760632,2026-08-05,2026-08-29T16:37:13,2
53760663,2026-08-29T16:30:07,2026-08-29T16:30:07,1
53760734,2026-08-29T16:53:31,2026-08-29T16:53:31,1
53760938,2026-08-05,2026-08-05,1
53761884,2026-08-29T17:04:49,2026-08-29T17:04:49,1
53764036,2026-08-05,2026-08-05,1
53765239,2026-08-05,2026-08-05,1
53765935,2026-08-05,2026-08-29T16:48:52,2
53765986,2026-08-05,2026-08-29T16:49:23,2
53765996,2026-08-05,2026-08-29T16:48:49,2
53766230,2026-08-05,2026-08-29T16:37:13,2
53766515,2026-08-05,2026-08-29T17:07:01,2
53768429,2026-08-05,2026-08-29T16:34:22,2
53768502,2026-08-05,2026-08-29T16:34:22,2
53768535,2026-08-29T16:34:19,2026-08-29T16:34:19,1
53768564,2026-08-05,2026-08-29T16:32:19,2
53769048,2026-08-29T17:04:28,2026-08-29T17:04:28,1
53769964,2026-08-29T17:04:52,2026-08-29T17:04:52,1
53770002,2026-08-05,2026-08-29T17:07:07,2
53770459,2026-08-29T17:04:52,2026-08-29T17:04:52,1
53770969,2026-08-05,2026-08-29T17:01:47,2
53771509,2026-08-05,2026-08-29T17:06:21,2
53771528,2026-08-05,2026-08-29T17:06:21,2
53771639,2026-08-05,2026-08-29T17:02:22,2
53772049,2026-08-05,2026-08-05,1
53772582,2026-08-29T16:35:39,2026-08-29T16:35:39,1
53773154,2026-08-05,2026-08-29T16:45:49,2
53773706,2026-08-05,2026-08-29T16:33:19,2
53773777,2026-08-05,2026-08-05,1
53774355,2026-08-05,2026-08-29T16:51:20,2
53774842,2026-08-05,2026-08-29T16:43:10,2
53775057,2026-08-05,2026-08-05,1
53776449,2026-08-05,2026-08-29T17:09:02,2
53777239,2026-08-05,2026-08-29T17:06:46,2
53777449,2026-08-05,2026-08-29T16:43:10,2
53777465,2026-08-05,2026-08-29T16:42:04,2
53778132,2026-08-05,2026-08-29T17:08:50,2
53779809,2026-08-29T17:03:48,2026-08-29T17:03:48,1
53780044,2026-08-29T17:03:27,2026-08-29T17:03:27,1
53783530,2026-08-05,2026-08-29T17:08:02,2
53783722,2026-08-05,2026-08-29T16:42:32,2
53785467,2026-08-05,2026-08-29T16:48:49,2
53785669,2026-08-05,2026-08-29T16:34:56,2
53786767,2026-08-29T16:30:12,2026-08-29T16:30:12,1
53788062,2026-08-29T16:55:59,2026-08-29T16:55:59,1
53788374,2026-08-05,2026-08-29T16:32:53,2
53788678,2026-08-05,2026-08-29T16:50:21,2
53788932,2026-08-05,2026-08-29T17:01:02,2
53789928,2026-08-05,2026-08-29T16:41:57,2
53790099,2026-08-29T16:44:02,2026-08-29T16:44:02,1
53790166,2026-08-05,2026-08-29T16:48:52,2
53792166,2026-08-05,2026-08-29T17:12:12,2
53792217,2026-08-29T17:04:34,2026-08-29T17:04:34,1
53792607,2026-08-05,2026-08-29T17:09:23,2
53792693,2026-08-05,2026-08-29T16:39:55,2
53793121,2026-08-05,2026-08-29T17:07:13,2
53793170,2026-08-05,2026-08-29T17:05:48,2
53793615,2026-08-05,2026-08-29T16:42:45,2
53793744,2026-08-05,2026-08-29T16:41:22,2
53793857,2026-08-05,2026-08-29T16:41:22,2
53793896,2026-08-05,2026-08-29T16:31:17,2
53793921,2026-08-05,2026-08-29T16:41:22,2
53794251,2026-08-29T17:03:27,2026-08-29T17:03:27,1
53794272,2026-08-29T17:03:27,2026-08-29T17:03:27,1
53794295,2026-08-29T17:03:27,2026-08-29T17:03:27,1
53794308,2026-08-29T17:03:27,2026-08-29T17:03:27,1
53794331,2026-08-29T17:03:27,2026-08-29T17:03:27,1
53794357,2026-08-29T17:03:27,2026-08-29T17:03:27,1
53794412,2026-08-29T17:03:27,2026-08-29T17:03:27,1
53794451,2026-08-05,2026-08-29T17:05:45,2
53794454,2026-08-29T17:03:27,2026-08-29T17:03:27,1
53794491,2026-08-29T17:03:27,2026-08-29T17:03:27,1
53794520,2026-08-29T17:03:27,2026-08-29T17:03:27,1
53794536,2026-08-05,2026-08-29T17:06:32,2
53794559,2026-08-29T17:05:45,2026-08-29T17:05:45,1
53794575,2026-08-29T17:03:27,2026-08-29T17:03:27,1
53794593,2026-08-29T17:03:27,2026-08-29T17:03:27,1
53794610,2026-08-29T17:03:27,2026-08-29T17:03:27,1
53794637,2026-08-29T17:03:27,2026-08-29T17:03:27,1
53794647,2026-08-05,2026-08-29T17:05:57,2
53794690,2026-08-29T17:05:04,2026-08-29T17:05:04,1
53794718,2026-08-29T17:03:24,2026-08-29T17:03:24,1
53794803,2026-08-05,2026-08-29T16:42:42,2
53794833,2026-08-05,2026-08-29T16:55:09,2
53794874,2026-08-05,2026-08-05,1
53794911,2026-08-05,2026-08-29T16:42:42,2
53794922,2026-08-05,2026-08-29T16:42:45,2
53798157,2026-08-05,2026-08-29T16:46:01,2
53798316,2026-08-05,2026-08-29T17:06:12,2
53798329,2026-08-05,2026-08-29T16:34:19,2
53798445,2026-08-05,2026-08-29T16:35:16,2
53798452,2026-08-05,2026-08-29T16:31:21,2
53798483,2026-08-05,2026-08-29T16:37:47,2
53798740,2026-08-29T17:05:57,2026-08-29T17:05:57,1
53798749,2026-08-29T17:03:24,2026-08-29T17:03:24,1
53798760,2026-08-29T17:03:24,2026-08-29T17:03:24,1
53798790,2026-08-29T17:03:24,2026-08-29T17:03:24,1
53798827,2026-08-29T17:03:24,2026-08-29T17:03:24,1
53798839,2026-08-29T17:04:58,2026-08-29T17:04:58,1
53798868,2026-08-29T17:05:04,2026-08-29T17:05:04,1
53798882,2026-08-29T17:04:52,2026-08-29T17:04:52,1
53798928,2026-08-05,2026-08-29T16:47:34,2
53798950,2026-08-05,2026-08-29T16:47:34,2
53799003,2026-08-29T17:03:24,2026-08-29T17:03:24,1
53799041,2026-08-29T17:05:04,2026-08-29T17:05:04,1
53799061,2026-08-29T17:05:04,2026-08-29T17:05:04,1
53799546,2026-08-05,2026-08-29T17:10:03,2
53799573,2026-08-05,2026-08-29T17:10:03,2
53800181,2026-08-29T16:55:56,2026-08-29T16:55:56,1
53800494,2026-08-29T16:48:37,2026-08-29T16:48:37,1
53800630,2026-08-29T17:00:01,2026-08-29T17:00:01,1
53801869,2026-08-29T17:04:28,2026-08-29T17:04:28,1
53802685,2026-08-05,2026-08-29T16:45:36,2
53803216,2026-08-29T16:51:32,2026-08-29T16:51:32,1
53804059,2026-08-05,2026-08-29T17:09:44,2
53804115,2026-08-05,2026-08-29T17:09:55,2
53804405,2026-08-05,2026-08-29T16:45:42,2
53804557,2026-08-29T17:03:24,2026-08-29T17:03:24,1
53804713,2026-08-05,2026-08-29T16:31:17,2
53805776,2026-08-05,2026-08-29T17:02:37,2
53805930,2026-08-05,2026-08-29T16:32:56,2
53806045,2026-08-05,2026-08-29T16:40:20,2
53806273,2026-08-05,2026-08-29T16:40:20,2
53806284,2026-08-05,2026-08-29T16:42:42,2
53806636,2026-08-05,2026-08-29T16:42:42,2
53806694,2026-08-05,2026-08-29T16:40:43,2
53806917,2026-08-05,2026-08-29T16:49:44,2
53807204,2026-08-05,2026-08-29T17:10:47,2
53808156,2026-08-05,2026-08-29T17:10:55,2
53808283,2026-08-05,2026-08-29T17:10:39,2
53809896,2026-08-05,2026-08-29T16:29:48,2
53810396,2026-08-29T16:51:06,2026-08-29T16:51:06,1
53810695,2026-08-05,2026-08-29T17:07:10,2
53810699,2026-08-29T16:51:03,2026-08-29T16:51:03,1
53810700,2026-08-29T16:51:03,2026-08-29T16:51:03,1
53811609,2026-08-05,2026-08-29T16:51:00,2
53812472,2026-08-29T17:04:28,2026-08-29T17:04:28,1
53812895,2026-08-05,2026-08-29T16:43:07,2
53813542,2026-08-05,2026-08-05,1
53813571,2026-08-05,2026-08-29T16:33:46,2
53813573,2026-08-05,2026-08-05,1
53813803,2026-08-05,2026-08-29T16:47:44,2
53814801,2026-08-05,2026-08-29T16:48:24,2
53814826,2026-08-29T16:53:44,2026-08-29T16:53:44,1
53814838,2026-08-05,2026-08-05,1
53814974,2026-08-05,2026-08-29T16:36:14,2
53815019,2026-08-05,2026-08-29T16:48:08,2
53815049,2026-08-05,2026-08-29T16:47:46,2
53815135,2026-08-05,2026-08-29T16:47:03,2
53815315,2026-08-05,2026-08-29T16:46:16,2
53815393,2026-08-05,2026-08-29T16:40:48,2
53815588,2026-08-05,2026-08-29T17:06:03,2
53815757,2026-08-29T16:59:20,2026-08-29T16:59:20,1
53816094,2026-08-29T16:53:44,2026-08-29T16:53:44,1
53816178,2026-08-05,2026-08-29T16:31:05,2
53816227,2026-08-29T16:53:44,2026-08-29T16:53:44,1
53816489,2026-08-29T16:53:44,2026-08-29T16:53:44,1
53817376,2026-08-05,2026-08-29T17:06:00,2
53817860,2026-08-05,2026-08-29T17:07:10,2
53818134,2026-08-05,2026-08-29T17:01:35,2
53818863,2026-08-29T16:59:14,2026-08-29T16:59:14,1
53818873,2026-08-29T16:40:16,2026-08-29T16:40:16,1
53819062,2026-08-05,2026-08-29T17:00:50,2
53819608,2026-08-05,2026-08-29T16:29:24,2
53819655,2026-08-29T17:03:45,2026-08-29T17:03:45,1
53819916,2026-08-05,2026-08-29T16:33:39,2
53819944,2026-08-05,2026-08-29T16:42:45,2
53820859,2026-08-05,2026-08-29T17:07:22,2
53820893,2026-08-29T17:03:57,2026-08-29T17:03:57,1
53822178,2026-08-05,2026-08-29T16:32:59,2
53822994,2026-08-05,2026-08-05,1
53823187,2026-08-05,2026-08-05,1
53823773,2026-08-05,2026-08-29T16:42:32,2
53823921,2026-08-05,2026-08-29T16:49:20,2
53823968,2026-08-29T16:31:09,2026-08-29T16:31:09,1
53824169,2026-08-29T16:35:16,2026-08-29T16:35:16,1
53824295,2026-08-29T16:52:16,2026-08-29T16:52:16,1
53824482,2026-08-05,2026-08-29T16:46:04,2
53824701,2026-08-05,2026-08-29T16:34:41,2
53825293,2026-08-05,2026-08-05,1
53825492,2026-08-05,2026-08-29T16:41:18,2
53825577,2026-08-05,2026-08-29T16:42:04,2
53826357,2026-08-29T16:55:52,2026-08-29T16:55:52,1
53826770,2026-08-05,2026-08-29T16:46:01,2
53826898,2026-08-29T17:11:36,2026-08-29T17:11:36,1
53826943,2026-08-05,2026-08-29T16:55:52,2
53828327,2026-08-05,2026-08-29T17:12:09,2
53828491,2026-08-29T16:53:47,2026-08-29T16:53:47,1
53828883,2026-08-05,2026-08-29T17:00:29,2
53828939,2026-08-05,2026-08-29T16:37:47,2
53828994,2026-08-05,2026-08-29T16:43:16,2
53830636,2026-08-05,2026-08-29T16:29:07,2
53831004,2026-08-29T16:53:47,2026-08-29T16:53:47,1
53831110,2026-08-05,2026-08-29T16:43:36,2
53831453,2026-08-05,2026-08-29T16:33:52,2
53831491,2026-08-05,2026-08-29T16:37:36,2
53831494,2026-08-05,2026-08-29T16:37:36,2
53831589,2026-08-05,2026-08-29T16:37:36,2
53831617,2026-08-05,2026-08-29T16:34:56,2
53831621,2026-08-05,2026-08-29T16:33:27,2
53831628,2026-08-05,2026-08-29T16:49:33,2
53831642,2026-08-05,2026-08-29T16:31:54,2
53831658,2026-08-05,2026-08-29T16:48:49,2
53831730,2026-08-05,2026-08-29T16:32:06,2
53831754,2026-08-29T17:05:57,2026-08-29T17:05:57,1
53831914,2026-08-05,2026-08-29T16:47:46,2
53831969,2026-08-05,2026-08-29T16:32:59,2
53831980,2026-08-29T16:33:05,2026-08-29T16:33:05,1
53832235,2026-08-29T16:57:12,2026-08-29T16:57:12,1
53832246,2026-08-29T16:34:30,2026-08-29T16:34:30,1
53832466,2026-08-29T17:04:22,2026-08-29T17:04:22,1
53832520,2026-08-05,2026-08-29T17:06:32,2
53833909,2026-08-05,2026-08-29T16:34:30,2
53833924,2026-08-05,2026-08-29T16:49:17,2
53835784,2026-08-05,2026-08-29T16:43:39,2
53835901,2026-08-05,2026-08-29T16:38:14,2
53836304,2026-08-05,2026-08-29T17:10:15,2
53836716,2026-08-29T16:40:28,2026-08-29T16:40:28,1
53836750,2026-08-05,2026-08-29T16:51:26,2
53836845,2026-08-05,2026-08-29T17:07:07,2
53837194,2026-08-05,2026-08-29T16:36:54,2
53837214,2026-08-05,2026-08-29T16:47:46,2
53837453,2026-08-05,2026-08-29T17:10:15,2
53837903,2026-08-05,2026-08-29T17:06:46,2
53838057,2026-08-05,2026-08-29T16:38:44,2
53838514,2026-08-05,2026-08-05,1
53838789,2026-08-05,2026-08-29T17:06:09,2
53839509,2026-08-29T16:40:54,2026-08-29T16:40:54,1
53839582,2026-08-29T16:53:35,2026-08-29T16:53:35,1
53839584,2026-08-29T16:53:35,2026-08-29T16:53:35,1
53839587,2026-08-29T16:53:35,2026-08-29T16:53:35,1
53839983,2026-08-29T16:29:35,2026-08-29T16:29:35,1
53840331,2026-08-05,2026-08-29T16:40:43,2
53840375,2026-08-29T16:55:12,2026-08-29T16:55:12,1
53840679,2026-08-05,2026-08-29T16:58:21,2
53840778,2026-08-05,2026-08-29T16:44:08,2
53840782,2026-08-29T16:53:35,2026-08-29T16:53:35,1
53840981,2026-08-29T16:39:42,2026-08-29T16:39:42,1
53842030,2026-08-05,2026-08-29T17:11:25,2
53842069,2026-08-05,2026-08-29T17:10:15,2
53842214,2026-08-29T16:35:16,2026-08-29T16:35:16,1
53842230,2026-08-05,2026-08-29T16:46:01,2
53842247,2026-08-29T16:35:19,2026-08-29T16:35:19,1
53842582,2026-08-05,2026-08-29T16:46:41,2
53843792,2026-08-29T16:55:43,2026-08-29T16:55:43,1
53843844,2026-08-05,2026-08-05,1
53843902,2026-08-29T16:55:43,2026-08-29T16:55:43,1
53844234,2026-08-05,2026-08-29T17:09:23,2
53844275,2026-08-05,2026-08-29T16:35:35,2
53845601,2026-08-05,2026-08-29T16:34:22,2
53846218,2026-08-29T16:59:11,2026-08-29T16:59:11,1
53846494,2026-08-05,2026-08-29T17:00:44,2
53846767,2026-08-05,2026-08-29T16:40:20,2
53847055,2026-08-05,2026-08-29T17:09:55,2
53847445,2026-08-29T16:46:22,2026-08-29T16:46:22,1
53847554,2026-08-05,2026-08-29T16:34:53,2
53847747,2026-08-29T16:46:25,2026-08-29T16:46:25,1
53848158,2026-08-05,2026-08-29T16:55:40,2
53848166,2026-08-05,2026-08-29T17:05:25,2
53848405,2026-08-05,2026-08-29T16:42:45,2
53848458,2026-08-05,2026-08-29T16:45:22,2
53849366,2026-08-05,2026-08-29T16:28:56,2
53849737,2026-08-29T17:11:36,2026-08-29T17:11:36,1
53849815,2026-08-05,2026-08-29T17:08:06,2
53850030,2026-08-05,2026-08-29T17:02:04,2
53850087,2026-08-05,2026-08-05,1
53850140,2026-08-29T16:53:05,2026-08-29T16:53:05,1
53850238,2026-08-05,2026-08-29T17:02:04,2
53850356,2026-08-29T16:52:58,2026-08-29T16:52:58,1
53850542,2026-08-05,2026-08-29T17:11:25,2
53850615,2026-08-05,2026-08-29T17:05:16,2
53850718,2026-08-05,2026-08-29T17:07:22,2
53851045,2026-08-05,2026-08-29T17:01:29,2
53851070,2026-08-05,2026-08-29T16:55:49,2
53851269,2026-08-05,2026-08-29T16:55:49,2
53851580,2026-08-29T16:56:14,2026-08-29T16:56:14,1
53852338,2026-08-05,2026-08-29T17:05:42,2
53852485,2026-08-29T16:55:09,2026-08-29T16:55:09,1
53852825,2026-08-29T16:56:39,2026-08-29T16:56:39,1
53852880,2026-08-05,2026-08-29T17:02:22,2
53852923,2026-08-05,2026-08-29T17:08:24,2
53853369,2026-08-05,2026-08-29T16:47:41,2
53853446,2026-08-29T17:04:43,2026-08-29T17:04:43,1
53853478,2026-08-29T16:44:44,2026-08-29T16:44:44,1
53853612,2026-08-05,2026-08-29T16:30:07,2
53853652,2026-08-05,2026-08-29T16:34:41,2
53853985,2026-08-05,2026-08-29T16:40:28,2
53853995,2026-08-29T16:34:30,2026-08-29T16:34:30,1
53854052,2026-08-05,2026-08-29T17:01:47,2
53854391,2026-08-05,2026-08-29T16:45:39,2
53854587,2026-08-05,2026-08-29T16:34:19,2
53856194,2026-08-05,2026-08-29T17:09:23,2
53856201,2026-08-05,2026-08-29T17:09:23,2
53856205,2026-08-05,2026-08-29T17:09:27,2
53856332,2026-08-05,2026-08-29T16:50:08,2
53856746,2026-08-05,2026-08-29T17:02:37,2
53857974,2026-08-29T16:55:12,2026-08-29T16:55:12,1
53857985,2026-08-05,2026-08-29T16:49:59,2
53858012,2026-08-05,2026-08-29T16:50:21,2
53859815,2026-08-05,2026-08-29T17:08:28,2
53860566,2026-08-29T16:45:28,2026-08-29T16:45:28,1
53861111,2026-08-05,2026-08-05,1
53861146,2026-08-05,2026-08-29T17:02:25,2
53861180,2026-08-05,2026-08-05,1
53861869,2026-08-29T16:44:35,2026-08-29T16:44:35,1
53862097,2026-08-29T17:00:08,2026-08-29T17:00:08,1
53862098,2026-08-05,2026-08-29T16:48:14,2
53862105,2026-08-05,2026-08-29T16:47:41,2
53863209,2026-08-05,2026-08-29T17:00:35,2
53863305,2026-08-05,2026-08-29T16:46:38,2
53863366,2026-08-05,2026-08-29T17:01:41,2
53864677,2026-08-29T16:54:19,2026-08-29T16:54:19,1
53864688,2026-08-29T16:52:52,2026-08-29T16:52:52,1
53864784,2026-08-05,2026-08-29T17:01:29,2
53865267,2026-08-05,2026-08-29T16:42:04,2
53866774,2026-08-05,2026-08-29T16:30:55,2
53866833,2026-08-05,2026-08-29T16:36:54,2
53867348,2026-08-05,2026-08-05,1
53867804,2026-08-05,2026-08-29T17:10:06,2
53868120,2026-08-29T17:04:22,2026-08-29T17:04:22,1
53868197,2026-08-05,2026-08-29T17:10:52,2
53868569,2026-08-05,2026-08-29T17:01:05,2
53868571,2026-08-29T17:05:39,2026-08-29T17:05:39,1
53868608,2026-08-29T17:06:03,2026-08-29T17:06:03,1
53868640,2026-08-29T17:05:39,2026-08-29T17:05:39,1
53868671,2026-08-29T17:07:22,2026-08-29T17:07:22,1
53869074,2026-08-05,2026-08-29T17:01:05,2
53869623,2026-08-29T17:00:04,2026-08-29T17:00:04,1
53869652,2026-08-29T17:05:10,2026-08-29T17:05:10,1
53869762,2026-08-05,2026-08-29T16:45:52,2
53870119,2026-08-05,2026-08-05,1
53870179,2026-08-05,2026-08-29T16:42:45,2
53870261,2026-08-05,2026-08-29T17:00:26,2
53870389,2026-08-05,2026-08-29T16:43:46,2
53870395,2026-08-05,2026-08-29T16:43:46,2
53870637,2026-08-05,2026-08-29T16:34:22,2
53870722,2026-08-05,2026-08-29T16:41:18,2
53870771,2026-08-05,2026-08-29T16:40:20,2
53871115,2026-08-29T16:55:18,2026-08-29T16:55:18,1
53871130,2026-08-05,2026-08-29T16:48:34,2
53871578,2026-08-05,2026-08-29T17:10:39,2
53871770,2026-08-05,2026-08-05,1
53873020,2026-08-05,2026-08-29T16:49:08,2
53873475,2026-08-05,2026-08-29T17:11:31,2
53873557,2026-08-05,2026-08-29T17:11:31,2
53873586,2026-08-05,2026-08-29T16:56:23,2
53873641,2026-08-05,2026-08-29T16:56:26,2
53873711,2026-08-05,2026-08-29T17:11:31,2
53873835,2026-08-05,2026-08-29T16:46:07,2
53873846,2026-08-05,2026-08-29T16:47:46,2
53874693,2026-08-05,2026-08-29T16:48:02,2
53874870,2026-08-05,2026-08-29T16:35:23,2
53875038,2026-08-05,2026-08-29T17:06:03,2
53875117,2026-08-05,2026-08-29T17:05:16,2
53875391,2026-08-29T16:47:44,2026-08-29T16:47:44,1
53876202,2026-08-05,2026-08-29T16:34:41,2
53876252,2026-08-05,2026-08-29T16:34:41,2
53876983,2026-08-29T16:55:52,2026-08-29T16:55:52,1
53876990,2026-08-29T16:55:43,2026-08-29T16:55:43,1
53877105,2026-08-05,2026-08-05,1
53877732,2026-08-05,2026-08-29T16:44:44,2
53877733,2026-08-29T16:45:33,2026-08-29T16:45:33,1
53878466,2026-08-05,2026-08-05,1
53878678,2026-08-29T16:53:47,2026-08-29T16:53:47,1
53878708,2026-08-29T16:56:08,2026-08-29T16:56:08,1
53879107,2026-08-05,2026-08-05,1
53880058,2026-08-05,2026-08-29T17:11:31,2
53880503,2026-08-05,2026-08-29T16:44:32,2
53880859,2026-08-05,2026-08-29T17:02:37,2
53881128,2026-08-29T16:45:05,2026-08-29T16:45:05,1
53881186,2026-08-05,2026-08-29T16:34:16,2
53881346,2026-08-05,2026-08-05,1
53882432,2026-08-29T16:56:17,2026-08-29T16:56:17,1
53882490,2026-08-05,2026-08-29T16:49:39,2
53882550,2026-08-29T16:56:17,2026-08-29T16:56:17,1
53882598,2026-08-05,2026-08-29T17:05:45,2
53882661,2026-08-05,2026-08-29T16:34:19,2
53882749,2026-08-05,2026-08-29T16:36:14,2
53882780,2026-08-05,2026-08-29T16:51:29,2
53882786,2026-08-05,2026-08-29T17:05:10,2
53883777,2026-08-29T16:57:03,2026-08-29T16:57:03,1
53883826,2026-08-05,2026-08-29T17:07:07,2
53884224,2026-08-05,2026-08-29T16:47:31,2
53885560,2026-08-05,2026-08-29T16:46:41,2
53885642,2026-08-05,2026-08-29T17:05:36,2
53885922,2026-08-29T16:48:49,2026-08-29T16:48:49,1
53886980,2026-08-05,2026-08-29T17:10:55,2
53887896,2026-08-05,2026-08-29T16:49:27,2
53889667,2026-08-05,2026-08-29T16:43:36,2
53889773,2026-08-05,2026-08-29T16:33:36,2
53889796,2026-08-29T17:05:13,2026-08-29T17:05:13,1
53889802,2026-08-05,2026-08-29T16:30:19,2
53889920,2026-08-05,2026-08-29T16:46:22,2
53890740,2026-08-05,2026-08-05,1
53891851,2026-08-05,2026-08-29T16:32:47,2
53892239,2026-08-05,2026-08-29T16:49:02,2
53893112,2026-08-05,2026-08-29T16:29:17,2
53893722,2026-08-05,2026-08-05,1
53894054,2026-08-05,2026-08-29T16:32:56,2
53894142,2026-08-29T16:30:12,2026-08-29T16:30:12,1
53894170,2026-08-05,2026-08-29T16:29:07,2
53894526,2026-08-29T16:59:55,2026-08-29T16:59:55,1
53894870,2026-08-29T16:55:43,2026-08-29T16:55:43,1
53894921,2026-08-29T16:55:52,2026-08-29T16:55:52,1
53894925,2026-08-05,2026-08-29T16:36:54,2
53896025,2026-08-29T16:45:28,2026-08-29T16:45:28,1
53896091,2026-08-05,2026-08-05,1
53896125,2026-08-05,2026-08-29T17:05:13,2
53896216,2026-08-05,2026-08-29T16:51:58,2
53896551,2026-08-05,2026-08-29T16:36:18,2
53896671,2026-08-29T17:04:22,2026-08-29T17:04:22,1
53896904,2026-08-05,2026-08-29T17:09:55,2
53897112,2026-08-29T16:59:17,2026-08-29T16:59:17,1
53897135,2026-08-05,2026-08-29T17:09:06,2
53897146,2026-08-05,2026-08-29T17:01:05,2
53897165,2026-08-05,2026-08-29T17:09:06,2
53897169,2026-08-05,2026-08-29T17:10:15,2
53897171,2026-08-05,2026-08-29T17:09:06,2
53897524,2026-08-29T16:56:43,2026-08-29T16:56:43,1
53899528,2026-08-05,2026-08-29T16:56:26,2
53899946,2026-08-05,2026-08-29T16:43:39,2
53899952,2026-08-05,2026-08-29T16:43:36,2
53899976,2026-08-05,2026-08-29T16:43:39,2
53900376,2026-08-05,2026-08-29T16:42:29,2
53900423,2026-08-29T16:29:59,2026-08-29T16:29:59,1
53900518,2026-08-05,2026-08-29T17:07:59,2
53901963,2026-08-05,2026-08-29T17:10:06,2
53902210,2026-08-05,2026-08-29T16:49:44,2
53902264,2026-08-29T16:52:16,2026-08-29T16:52:16,1
53902517,2026-08-05,2026-08-29T16:43:36,2
53903375,2026-08-05,2026-08-29T17:01:56,2
53903971,2026-08-29T16:54:08,2026-08-29T16:54:08,1
53904142,2026-08-05,2026-08-29T16:44:22,2
53904812,2026-08-29T16:50:51,2026-08-29T16:50:51,1
53905129,2026-08-29T16:55:12,2026-08-29T16:55:12,1
53905299,2026-08-05,2026-08-29T16:47:50,2
53905916,2026-08-05,2026-08-29T17:07:22,2
53905946,2026-08-29T16:55:12,2026-08-29T16:55:12,1
53905990,2026-08-29T16:45:19,2026-08-29T16:45:19,1
53906166,2026-08-05,2026-08-29T17:00:41,2
53906201,2026-08-29T16:35:51,2026-08-29T16:35:51,1
53906357,2026-08-05,2026-08-05,1
53907055,2026-08-29T16:38:10,2026-08-29T16:38:10,1
53907220,2026-08-05,2026-08-29T16:47:50,2
53907296,2026-08-29T17:04:40,2026-08-29T17:04:40,1
53907817,2026-08-05,2026-08-29T16:32:44,2
53907840,2026-08-05,2026-08-29T16:45:15,2
53908182,2026-08-29T16:37:13,2026-08-29T16:37:13,1
53908183,2026-08-29T16:37:17,2026-08-29T16:37:17,1
53908292,2026-08-05,2026-08-29T17:01:05,2
53909156,2026-08-05,2026-08-29T16:30:19,2
53909433,2026-08-29T16:55:22,2026-08-29T16:55:22,1
53909841,2026-08-05,2026-08-29T17:09:14,2
53909971,2026-08-29T16:44:08,2026-08-29T16:44:08,1
53910046,2026-08-05,2026-08-29T16:45:42,2
53910060,2026-08-05,2026-08-29T17:06:18,2
53910121,2026-08-05,2026-08-29T17:11:06,2
53910367,2026-08-05,2026-08-29T17:00:44,2
53910474,2026-08-05,2026-08-05,1
53910475,2026-08-05,2026-08-29T16:45:39,2
53910671,2026-08-05,2026-08-29T17:00:41,2
53911707,2026-08-05,2026-08-29T17:08:56,2
53911731,2026-08-29T17:04:58,2026-08-29T17:04:58,1
53911771,2026-08-05,2026-08-05,1
53911998,2026-08-29T16:44:44,2026-08-29T16:44:44,1
53912630,2026-08-29T16:51:09,2026-08-29T16:51:09,1
53912759,2026-08-05,2026-08-05,1
53912830,2026-08-05,2026-08-05,1
53913044,2026-08-05,2026-08-05,1
53913068,2026-08-29T16:35:51,2026-08-29T16:35:51,1
53913283,2026-08-05,2026-08-29T16:43:36,2
53913694,2026-08-05,2026-08-29T16:50:08,2
53913721,2026-08-05,2026-08-05,1
53913806,2026-08-05,2026-08-29T16:33:30,2
53913976,2026-08-05,2026-08-29T16:49:23,2
53914054,2026-08-29T17:00:11,2026-08-29T17:00:11,1
53914114,2026-08-29T16:59:05,2026-08-29T16:59:05,1
53915155,2026-08-29T16:46:45,2026-08-29T16:46:45,1
53915272,2026-08-05,2026-08-29T16:44:44,2
53915915,2026-08-05,2026-08-29T16:34:16,2
53916229,2026-08-29T16:45:25,2026-08-29T16:45:25,1
53916234,2026-08-05,2026-08-05,1
53916244,2026-08-29T16:32:59,2026-08-29T16:32:59,1
53916250,2026-08-05,2026-08-29T16:42:20,2
53916742,2026-08-29T16:39:34,2026-08-29T16:39:34,1
53916834,2026-08-05,2026-08-29T17:07:42,2
53917591,2026-08-05,2026-08-29T17:11:25,2
53917703,2026-08-05,2026-08-29T17:11:11,2
53917906,2026-08-05,2026-08-29T16:49:27,2
53918354,2026-08-29T17:04:34,2026-08-29T17:04:34,1
53918922,2026-08-05,2026-08-29T16:49:14,2
53919081,2026-08-29T16:39:58,2026-08-29T16:39:58,1
53919390,2026-08-29T16:55:12,2026-08-29T16:55:12,1
53919496,2026-08-05,2026-08-29T16:34:19,2
53919706,2026-08-05,2026-08-05,1
53919999,2026-08-05,2026-08-29T16:48:11,2
53920007,2026-08-05,2026-08-05,1
53920147,2026-08-05,2026-08-29T17:12:09,2
53920230,2026-08-05,2026-08-29T17:09:14,2
53920513,2026-08-29T16:53:09,2026-08-29T16:53:09,1
53920540,2026-08-29T16:51:32,2026-08-29T16:51:32,1
53920910,2026-08-29T16:40:43,2026-08-29T16:40:43,1
53921088,2026-08-05,2026-08-29T17:06:52,2
53921360,2026-08-29T16:56:20,2026-08-29T16:56:20,1
53921372,2026-08-05,2026-08-29T16:30:26,2
53921685,2026-08-05,2026-08-29T16:41:22,2
53921691,2026-08-05,2026-08-29T16:28:42,2
53921885,2026-08-29T16:37:17,2026-08-29T16:37:17,1
53921892,2026-08-29T16:37:17,2026-08-29T16:37:17,1
53921900,2026-08-29T16:37:17,2026-08-29T16:37:17,1
53921908,2026-08-29T16:37:17,2026-08-29T16:37:17,1
53921917,2026-08-29T16:37:17,2026-08-29T16:37:17,1
53921926,2026-08-29T16:37:17,2026-08-29T16:37:17,1
53921931,2026-08-29T16:37:17,2026-08-29T16:37:17,1
53921937,2026-08-29T16:37:21,2026-08-29T16:37:21,1
53921939,2026-08-29T16:37:13,2026-08-29T16:37:13,1
53921949,2026-08-29T16:37:10,2026-08-29T16:37:10,1
53921953,2026-08-29T16:37:10,2026-08-29T16:37:10,1
53921958,2026-08-29T16:37:13,2026-08-29T16:37:13,1
53921965,2026-08-29T16:37:13,2026-08-29T16:37:13,1
53921970,2026-08-29T16:37:13,2026-08-29T16:37:13,1
53921976,2026-08-29T16:37:13,2026-08-29T16:37:13,1
53921993,2026-08-29T16:37:10,2026-08-29T16:37:10,1
53923364,2026-08-05,2026-08-05,1
53923584,2026-08-05,2026-08-05,1
53923791,2026-08-05,2026-08-05,1
53923909,2026-08-29T16:53:35,2026-08-29T16:53:35,1
53924185,2026-08-05,2026-08-05,1
53924213,2026-08-05,2026-08-05,1
53924229,2026-08-29T16:48:34,2026-08-29T16:48:34,1
53924446,2026-08-29T16:32:03,2026-08-29T16:32:03,1
53924626,2026-08-29T16:32:47,2026-08-29T16:32:47,1
53924740,2026-08-29T17:02:52,2026-08-29T17:02:52,1
53924770,2026-08-05,2026-08-29T16:29:04,2
53925023,2026-08-05,2026-08-29T16:40:07,2
53925086,2026-08-29T17:04:06,2026-08-29T17:04:06,1
53925256,2026-08-05,2026-08-29T17:10:09,2
53925359,2026-08-05,2026-08-29T17:06:18,2
53925391,2026-08-05,2026-08-29T16:43:10,2
53925402,2026-08-05,2026-08-29T17:06:21,2
53925448,2026-08-05,2026-08-29T16:42:39,2
53925462,2026-08-05,2026-08-29T17:02:02,2
53925661,2026-08-05,2026-08-29T17:06:21,2
53925728,2026-08-05,2026-08-29T17:06:21,2
53926504,2026-08-29T17:04:06,2026-08-29T17:04:06,1
53926543,2026-08-29T16:37:13,2026-08-29T16:37:13,1
53926548,2026-08-29T16:37:13,2026-08-29T16:37:13,1
53927121,2026-08-29T16:59:49,2026-08-29T16:59:49,1
53927122,2026-08-29T16:33:15,2026-08-29T16:33:15,1
53927340,2026-08-29T16:37:06,2026-08-29T16:37:06,1
53927341,2026-08-29T16:37:06,2026-08-29T16:37:06,1
53927342,2026-08-29T16:37:06,2026-08-29T16:37:06,1
53927343,2026-08-29T16:37:06,2026-08-29T16:37:06,1
53927344,2026-08-29T16:37:06,2026-08-29T16:37:06,1
53927345,2026-08-29T16:37:10,2026-08-29T16:37:10,1
53928050,2026-08-29T16:37:10,2026-08-29T16:37:10,1
53928591,2026-08-05,2026-08-29T17:01:35,2
53928593,2026-08-05,2026-08-29T17:01:35,2
53929596,2026-08-05,2026-08-29T16:45:30,2
53929696,2026-08-05,2026-08-29T17:11:11,2
53929888,2026-08-05,2026-08-29T17:10:34,2
53930064,2026-08-05,2026-08-29T16:44:19,2
53930565,2026-08-29T16:55:09,2026-08-29T16:55:09,1
53931048,2026-08-05,2026-08-29T17:05:13,2
53931121,2026-08-05,2026-08-29T17:11:11,2
53931162,2026-08-05,2026-08-29T16:49:39,2
53931250,2026-08-05,2026-08-29T17:06:00,2
53931458,2026-08-29T16:37:10,2026-08-29T16:37:10,1
53931459,2026-08-29T16:37:10,2026-08-29T16:37:10,1
53931461,2026-08-29T16:37:10,2026-08-29T16:37:10,1
53931464,2026-08-29T16:37:02,2026-08-29T16:37:02,1
53933046,2026-08-29T17:03:04,2026-08-29T17:03:04,1
53933182,2026-08-29T17:03:04,2026-08-29T17:03:04,1
53933340,2026-08-05,2026-08-29T16:48:34,2
53933607,2026-08-29T17:04:16,2026-08-29T17:04:16,1
53933854,2026-08-29T17:04:28,2026-08-29T17:04:28,1
53934182,2026-08-05,2026-08-29T17:09:55,2
53934269,2026-08-29T16:51:55,2026-08-29T16:51:55,1
53934293,2026-08-29T16:58:43,2026-08-29T16:58:43,1
53934501,2026-08-05,2026-08-29T17:06:18,2
53934753,2026-08-05,2026-08-29T17:10:58,2
53934762,2026-08-05,2026-08-29T17:11:31,2
53935526,2026-08-05,2026-08-29T17:08:24,2
53935678,2026-08-05,2026-08-29T17:10:06,2
53935698,2026-08-29T16:55:52,2026-08-29T16:55:52,1
53935903,2026-08-29T16:52:45,2026-08-29T16:52:45,1
53937427,2026-08-29T17:04:40,2026-08-29T17:04:40,1
53937430,2026-08-29T17:04:40,2026-08-29T17:04:40,1
53938490,2026-08-05,2026-08-05,1
53938599,2026-08-29T17:02:49,2026-08-29T17:02:49,1
53939075,2026-08-05,2026-08-05,1
53939312,2026-08-29T16:42:04,2026-08-29T16:42:04,1
53939457,2026-08-05,2026-08-29T16:43:07,2
53939910,2026-08-29T16:55:56,2026-08-29T16:55:56,1
53939993,2026-08-05,2026-08-29T16:42:04,2
53940043,2026-08-05,2026-08-29T16:43:49,2
53940175,2026-08-05,2026-08-29T17:02:25,2
53940305,2026-08-05,2026-08-29T16:36:03,2
53940322,2026-08-29T17:03:01,2026-08-29T17:03:01,1
53940637,2026-08-05,2026-08-29T16:44:56,2
53940769,2026-08-05,2026-08-29T17:09:09,2
53940775,2026-08-05,2026-08-29T16:51:29,2
53940890,2026-08-05,2026-08-29T17:11:25,2
53940940,2026-08-05,2026-08-29T17:07:35,2
53941082,2026-08-29T16:50:41,2026-08-29T16:50:41,1
53941136,2026-08-29T16:50:41,2026-08-29T16:50:41,1
53941290,2026-08-29T16:42:12,2026-08-29T16:42:12,1
53941319,2026-08-29T16:41:30,2026-08-29T16:41:30,1
53941355,2026-08-29T16:37:02,2026-08-29T16:37:02,1
53941365,2026-08-29T16:37:02,2026-08-29T16:37:02,1
53941371,2026-08-29T16:37:02,2026-08-29T16:37:02,1
53941375,2026-08-05,2026-08-29T17:11:31,2
53941859,2026-08-05,2026-08-29T17:01:35,2
53942265,2026-08-29T16:52:42,2026-08-29T16:52:42,1
53942513,2026-08-29T16:54:48,2026-08-29T16:54:48,1
53942525,2026-08-29T16:37:02,2026-08-29T16:37:02,1
53942600,2026-08-05,2026-08-29T16:41:30,2
53943084,2026-08-05,2026-08-29T16:50:41,2
53943167,2026-08-05,2026-08-29T16:41:09,2
53943387,2026-08-05,2026-08-29T16:41:06,2
53943421,2026-08-05,2026-08-29T17:11:39,2
53944225,2026-08-05,2026-08-29T16:31:21,2
53945251,2026-08-05,2026-08-29T16:50:18,2
53947022,2026-08-29T16:43:33,2026-08-29T16:43:33,1
53947025,2026-08-29T16:56:02,2026-08-29T16:56:02,1
53947329,2026-08-05,2026-08-29T16:42:39,2
53947471,2026-08-29T16:54:48,2026-08-29T16:54:48,1
53947514,2026-08-29T16:57:03,2026-08-29T16:57:03,1
53947754,2026-08-29T16:41:27,2026-08-29T16:41:27,1
53948631,2026-08-29T16:52:02,2026-08-29T16:52:02,1
53948727,2026-08-05,2026-08-29T16:36:28,2
53949317,2026-08-05,2026-08-05,1
53950183,2026-08-05,2026-08-29T16:34:19,2
53950186,2026-08-05,2026-08-29T16:33:08,2
53950190,2026-08-05,2026-08-29T16:42:49,2
53950449,2026-08-29T16:34:16,2026-08-29T16:34:16,1
53950450,2026-08-05,2026-08-29T16:34:16,2
53950451,2026-08-29T16:34:16,2026-08-29T16:34:16,1
53950455,2026-08-05,2026-08-29T17:00:29,2
53950685,2026-08-29T17:03:01,2026-08-29T17:03:01,1
53950779,2026-08-29T16:53:56,2026-08-29T16:53:56,1
53950948,2026-08-05,2026-08-29T16:33:08,2
53950959,2026-08-29T16:56:32,2026-08-29T16:56:32,1
53950961,2026-08-29T16:52:02,2026-08-29T16:52:02,1
53950964,2026-08-05,2026-08-29T16:34:13,2
53950971,2026-08-05,2026-08-29T16:34:13,2
53950979,2026-08-05,2026-08-29T16:34:13,2
53950982,2026-08-05,2026-08-29T16:55:37,2
53950988,2026-08-29T17:03:30,2026-08-29T17:03:30,1
53950997,2026-08-29T16:55:37,2026-08-29T16:55:37,1
53951020,2026-08-05,2026-08-29T16:34:10,2
53951027,2026-08-05,2026-08-29T16:43:16,2
53951029,2026-08-05,2026-08-29T17:00:29,2
53951030,2026-08-05,2026-08-29T16:37:47,2
53951032,2026-08-29T16:34:10,2026-08-29T16:34:10,1
53951241,2026-08-05,2026-08-29T16:36:47,2
53952095,2026-08-05,2026-08-29T17:02:07,2
53952232,2026-08-29T17:02:46,2026-08-29T17:02:46,1
53952747,2026-08-05,2026-08-29T17:05:36,2
53954541,2026-08-29T17:03:04,2026-08-29T17:03:04,1
53955117,2026-08-05,2026-08-29T16:45:33,2
53955207,2026-08-29T16:40:40,2026-08-29T16:40:40,1
53955225,2026-08-29T16:57:43,2026-08-29T16:57:43,1
53955787,2026-08-05,2026-08-29T17:10:34,2
53955950,2026-08-05,2026-08-29T17:09:14,2
53956155,2026-08-05,2026-08-29T16:48:14,2
53956745,2026-08-05,2026-08-29T17:06:43,2
53956818,2026-08-29T16:55:18,2026-08-29T16:55:18,1
53956902,2026-08-05,2026-08-29T16:46:07,2
53957243,2026-08-29T17:00:01,2026-08-29T17:00:01,1
53957248,2026-08-29T17:00:01,2026-08-29T17:00:01,1
53957799,2026-08-05,2026-08-29T16:46:57,2
53957820,2026-08-05,2026-08-29T16:46:57,2
53958404,2026-08-05,2026-08-29T16:34:10,2
53958407,2026-08-29T16:34:10,2026-08-29T16:34:10,1
53958448,2026-08-05,2026-08-29T16:43:16,2
53958460,2026-08-05,2026-08-29T16:34:05,2
53958464,2026-08-29T16:34:05,2026-08-29T16:34:05,1
53958466,2026-08-05,2026-08-29T16:50:38,2
53958468,2026-08-05,2026-08-29T16:43:16,2
53958684,2026-08-05,2026-08-29T16:53:25,2
53958883,2026-08-05,2026-08-29T17:11:25,2
53959999,2026-08-05,2026-08-29T16:46:13,2
53960250,2026-08-29T17:02:55,2026-08-29T17:02:55,1
53961152,2026-08-29T16:34:56,2026-08-29T16:34:56,1
53961575,2026-08-05,2026-08-29T17:02:07,2
53961623,2026-08-05,2026-08-29T17:02:07,2
53961630,2026-08-05,2026-08-29T16:29:59,2
53961641,2026-08-05,2026-08-29T17:02:07,2
53961647,2026-08-05,2026-08-29T17:02:07,2
53961657,2026-08-05,2026-08-29T17:02:07,2
53961665,2026-08-05,2026-08-29T17:02:07,2
53961679,2026-08-05,2026-08-29T17:02:07,2
53962070,2026-08-29T16:55:12,2026-08-29T16:55:12,1
53962207,2026-08-05,2026-08-29T17:02:07,2
53962219,2026-08-05,2026-08-29T17:02:07,2
53962772,2026-08-29T16:55:52,2026-08-29T16:55:52,1
53964387,2026-08-05,2026-08-29T17:01:47,2
53965582,2026-08-05,2026-08-29T16:46:41,2
53965632,2026-08-29T16:53:44,2026-08-29T16:53:44,1
53965638,2026-08-29T16:59:20,2026-08-29T16:59:20,1
53967055,2026-08-29T16:54:11,2026-08-29T16:54:11,1
53967403,2026-08-29T16:41:27,2026-08-29T16:41:27,1
53967799,2026-08-05,2026-08-29T17:02:02,2
53969573,2026-08-05,2026-08-29T17:01:50,2
53969603,2026-08-05,2026-08-29T17:02:28,2
53969969,2026-08-29T16:53:50,2026-08-29T16:53:50,1
53970026,2026-08-05,2026-08-05,1
53970073,2026-08-05,2026-08-29T17:09:17,2
53970239,2026-08-29T16:53:25,2026-08-29T16:53:25,1
53970436,2026-08-05,2026-08-05,1
53970501,2026-08-29T16:55:12,2026-08-29T16:55:12,1
53970904,2026-08-05,2026-08-29T16:59:02,2
53971073,2026-08-29T17:00:08,2026-08-29T17:00:08,1
53971105,2026-08-29T17:05:01,2026-08-29T17:05:01,1
53971133,2026-08-05,2026-08-29T17:09:09,2
53971283,2026-08-05,2026-08-29T17:00:26,2
53971287,2026-08-05,2026-08-29T17:08:38,2
53971532,2026-08-05,2026-08-29T17:09:37,2
53972053,2026-08-29T16:54:11,2026-08-29T16:54:11,1
53972480,2026-08-05,2026-08-29T17:06:21,2
53972792,2026-08-29T16:59:14,2026-08-29T16:59:14,1
53972815,2026-08-29T16:31:00,2026-08-29T16:31:00,1
53973120,2026-08-29T16:55:12,2026-08-29T16:55:12,1
53973144,2026-08-29T17:03:48,2026-08-29T17:03:48,1
53973403,2026-08-29T17:03:36,2026-08-29T17:03:36,1
53975023,2026-08-29T16:55:18,2026-08-29T16:55:18,1
53975273,2026-08-29T16:56:43,2026-08-29T16:56:43,1
53975279,2026-08-29T16:58:21,2026-08-29T16:58:21,1
53975281,2026-08-05,2026-08-29T16:43:33,2
53975284,2026-08-29T16:35:13,2026-08-29T16:35:13,1
53975294,2026-08-05,2026-08-29T16:43:33,2
53975472,2026-08-29T16:47:44,2026-08-29T16:47:44,1
53975485,2026-08-05,2026-08-29T17:02:28,2
53975491,2026-08-05,2026-08-29T16:35:19,2
53976644,2026-08-05,2026-08-29T17:10:06,2
53976729,2026-08-29T16:30:19,2026-08-29T16:30:19,1
53977019,2026-08-05,2026-08-29T16:59:02,2
53977121,2026-08-05,2026-08-29T16:32:38,2
53977340,2026-08-05,2026-08-29T16:49:20,2
53978477,2026-08-05,2026-08-29T16:50:21,2
53978846,2026-08-05,2026-08-29T16:46:29,2
53979023,2026-08-29T17:03:36,2026-08-29T17:03:36,1
53979039,2026-08-05,2026-08-29T17:07:17,2
53979228,2026-08-05,2026-08-29T17:02:07,2
53979731,2026-08-05,2026-08-29T16:34:50,2
53979963,2026-08-05,2026-08-29T16:50:21,2
53979964,2026-08-29T16:57:15,2026-08-29T16:57:15,1
53979965,2026-08-05,2026-08-29T16:50:15,2
53979966,2026-08-05,2026-08-29T16:44:35,2
53980114,2026-08-05,2026-08-29T17:06:43,2
53980342,2026-08-05,2026-08-29T17:02:07,2
53980393,2026-08-05,2026-08-29T17:02:37,2
53980399,2026-08-05,2026-08-29T17:02:34,2
53980407,2026-08-05,2026-08-29T17:02:37,2
53982843,2026-08-05,2026-08-05,1
53984506,2026-08-05,2026-08-29T17:10:03,2
53984611,2026-08-05,2026-08-29T16:46:10,2
53984794,2026-08-05,2026-08-29T17:02:07,2
53984941,2026-08-05,2026-08-29T17:02:07,2
53985002,2026-08-05,2026-08-29T17:02:07,2
53985553,2026-08-29T16:30:30,2026-08-29T16:30:30,1
53985597,2026-08-29T16:51:09,2026-08-29T16:51:09,1
53985696,2026-08-29T16:51:09,2026-08-29T16:51:09,1
53985700,2026-08-05,2026-08-05,1
53985715,2026-08-29T16:51:09,2026-08-29T16:51:09,1
53985735,2026-08-05,2026-08-29T16:37:58,2
53985739,2026-08-05,2026-08-29T17:11:53,2
53985745,2026-08-05,2026-08-29T17:11:49,2
53985761,2026-08-29T16:30:26,2026-08-29T16:30:26,1
53985782,2026-08-05,2026-08-29T16:51:09,2
53985954,2026-08-05,2026-08-29T17:06:32,2
53985986,2026-08-05,2026-08-29T17:01:32,2
53986283,2026-08-05,2026-08-29T16:29:43,2
53986459,2026-08-05,2026-08-29T17:09:23,2
53986696,2026-08-05,2026-08-29T16:42:16,2
53986754,2026-08-29T16:54:14,2026-08-29T16:54:14,1
53986812,2026-08-29T16:36:22,2026-08-29T16:36:22,1
53986996,2026-08-05,2026-08-29T16:46:13,2
53987048,2026-08-05,2026-08-29T16:55:49,2
53987068,2026-08-29T16:30:12,2026-08-29T16:30:12,1
53987109,2026-08-29T16:30:12,2026-08-29T16:30:12,1
53987212,2026-08-05,2026-08-29T17:00:50,2
53987219,2026-08-29T16:57:58,2026-08-29T16:57:58,1
53987274,2026-08-29T16:52:05,2026-08-29T16:52:05,1
53987537,2026-08-05,2026-08-29T16:48:59,2
53988129,2026-08-05,2026-08-29T16:49:02,2
53988347,2026-08-29T17:04:13,2026-08-29T17:04:13,1
53988971,2026-08-05,2026-08-29T16:43:49,2
53988983,2026-08-05,2026-08-05,1
53989017,2026-08-05,2026-08-29T17:11:06,2
53989031,2026-08-05,2026-08-29T17:11:31,2
53989046,2026-08-05,2026-08-29T17:11:31,2
53989097,2026-08-05,2026-08-29T17:02:02,2
53989373,2026-08-05,2026-08-29T16:45:58,2
53990894,2026-08-05,2026-08-29T17:02:37,2
53990924,2026-08-29T16:39:46,2026-08-29T16:39:46,1
53991055,2026-08-05,2026-08-29T16:39:10,2
53991105,2026-08-05,2026-08-29T16:37:24,2
53991137,2026-08-05,2026-08-05,1
53991228,2026-08-05,2026-08-29T16:33:19,2
53991260,2026-08-05,2026-08-29T17:10:09,2
53991262,2026-08-05,2026-08-29T17:10:09,2
53991270,2026-08-05,2026-08-05,1
53991295,2026-08-05,2026-08-29T16:46:41,2
53991299,2026-08-05,2026-08-29T16:46:38,2
53991361,2026-08-05,2026-08-29T17:08:31,2
53991375,2026-08-05,2026-08-29T16:46:54,2
53991382,2026-08-05,2026-08-29T17:08:31,2
53991415,2026-08-05,2026-08-05,1
53991824,2026-08-05,2026-08-29T17:00:32,2
53992792,2026-08-29T16:38:14,2026-08-29T16:38:14,1
53993162,2026-08-05,2026-08-29T16:35:09,2
53993500,2026-08-05,2026-08-05,1
53993502,2026-08-05,2026-08-29T16:42:01,2
53994668,2026-08-05,2026-08-29T16:40:16,2
53994938,2026-08-05,2026-08-29T16:47:41,2
53994974,2026-08-29T17:04:28,2026-08-29T17:04:28,1
53994987,2026-08-05,2026-08-05,1
53994994,2026-08-05,2026-08-05,1
53995212,2026-08-05,2026-08-29T16:39:55,2
53995345,2026-08-05,2026-08-29T17:10:15,2
53995742,2026-08-05,2026-08-29T16:30:15,2
53996358,2026-08-05,2026-08-05,1
53996647,2026-08-29T16:57:43,2026-08-29T16:57:43,1
53996653,2026-08-29T17:04:13,2026-08-29T17:04:13,1
53996702,2026-08-05,2026-08-29T16:29:35,2
53996788,2026-08-05,2026-08-29T16:29:28,2
53996923,2026-08-05,2026-08-29T17:02:28,2
53997011,2026-08-29T16:57:34,2026-08-29T16:57:34,1
53997202,2026-08-29T16:36:42,2026-08-29T16:36:42,1
53997646,2026-08-05,2026-08-29T16:38:14,2
53997771,2026-08-05,2026-08-29T16:32:53,2
53997944,2026-08-05,2026-08-29T17:02:02,2
53997975,2026-08-05,2026-08-29T17:02:02,2
53998027,2026-08-29T17:04:43,2026-08-29T17:04:43,1
53998581,2026-08-29T17:04:13,2026-08-29T17:04:13,1
53998886,2026-08-05,2026-08-29T16:30:15,2
53999305,2026-08-29T17:04:06,2026-08-29T17:04:06,1
53999989,2026-08-29T16:30:07,2026-08-29T16:30:07,1
54000408,2026-08-29T16:52:52,2026-08-29T16:52:52,1
54000580,2026-08-05,2026-08-29T17:07:22,2
54001079,2026-08-29T16:29:20,2026-08-29T16:29:20,1
54001292,2026-08-29T16:40:07,2026-08-29T16:40:07,1
54001299,2026-08-05,2026-08-29T17:06:06,2
54001672,2026-08-05,2026-08-29T16:45:49,2
54001677,2026-08-29T16:59:20,2026-08-29T16:59:20,1
54001952,2026-08-29T16:55:06,2026-08-29T16:55:06,1
54001953,2026-08-29T16:42:12,2026-08-29T16:42:12,1
54001954,2026-08-29T16:54:58,2026-08-29T16:54:58,1
54001959,2026-08-05,2026-08-29T16:29:35,2
54002104,2026-08-05,2026-08-29T17:00:44,2
54002621,2026-08-05,2026-08-29T17:10:58,2
54002869,2026-08-29T16:58:33,2026-08-29T16:58:33,1
54002986,2026-08-05,2026-08-29T16:49:56,2
54003040,2026-08-05,2026-08-29T17:10:58,2
54003487,2026-08-05,2026-08-29T16:45:02,2
54004459,2026-08-29T16:56:36,2026-08-29T16:56:36,1
54004689,2026-08-29T16:58:15,2026-08-29T16:58:15,1
54004978,2026-08-05,2026-08-29T16:47:03,2
54005343,2026-08-29T16:30:07,2026-08-29T16:30:07,1
54005403,2026-08-05,2026-08-29T16:40:58,2
54005407,2026-08-05,2026-08-29T16:31:17,2
54005629,2026-08-29T16:30:07,2026-08-29T16:30:07,1
54005860,2026-08-05,2026-08-29T16:32:50,2
54006030,2026-08-05,2026-08-29T16:47:10,2
54006086,2026-08-05,2026-08-29T16:47:13,2
54006106,2026-08-05,2026-08-29T16:47:13,2
54006134,2026-08-05,2026-08-29T16:47:13,2
54006269,2026-08-05,2026-08-29T16:47:13,2
54006341,2026-08-05,2026-08-29T16:28:42,2
54006398,2026-08-05,2026-08-29T16:37:24,2
54006505,2026-08-05,2026-08-29T16:30:04,2
54006616,2026-08-29T16:30:30,2026-08-29T16:30:30,1
54006700,2026-08-29T16:30:30,2026-08-29T16:30:30,1
54006797,2026-08-29T16:58:52,2026-08-29T16:58:52,1
54006871,2026-08-29T17:00:26,2026-08-29T17:00:26,1
54007207,2026-08-05,2026-08-05,1
54007270,2026-08-05,2026-08-05,1
54007597,2026-08-05,2026-08-29T16:40:58,2
54007657,2026-08-05,2026-08-29T17:02:19,2
54007736,2026-08-05,2026-08-29T16:40:58,2
54007932,2026-08-05,2026-08-29T16:44:29,2
54008320,2026-08-05,2026-08-29T16:43:49,2
54008980,2026-08-05,2026-08-29T17:06:21,2
54009778,2026-08-05,2026-08-29T17:02:28,2
54010071,2026-08-29T16:59:14,2026-08-29T16:59:14,1
54010144,2026-08-29T16:59:14,2026-08-29T16:59:14,1
54010363,2026-08-29T16:59:14,2026-08-29T16:59:14,1
54010576,2026-08-05,2026-08-29T16:33:39,2
54010683,2026-08-05,2026-08-29T16:46:19,2
54010688,2026-08-05,2026-08-29T16:30:34,2
54010849,2026-08-05,2026-08-29T16:28:42,2
54010908,2026-08-05,2026-08-29T16:43:46,2
54010925,2026-08-05,2026-08-29T16:28:42,2
54010985,2026-08-05,2026-08-29T16:28:42,2
54011028,2026-08-05,2026-08-29T16:28:42,2
54011054,2026-08-05,2026-08-29T17:01:08,2
54011112,2026-08-05,2026-08-29T16:28:42,2
54011145,2026-08-05,2026-08-29T16:28:42,2
54011156,2026-08-05,2026-08-29T16:40:54,2
54011188,2026-08-05,2026-08-29T16:42:12,2
54011204,2026-08-29T16:39:51,2026-08-29T16:39:51,1
54011277,2026-08-29T16:40:54,2026-08-29T16:40:54,1
54011500,2026-08-05,2026-08-29T16:28:45,2
54011526,2026-08-05,2026-08-29T16:28:45,2
54011605,2026-08-05,2026-08-29T16:28:45,2
54011658,2026-08-05,2026-08-29T16:29:07,2
54011916,2026-08-05,2026-08-05,1
54012366,2026-08-05,2026-08-29T16:46:38,2
54012405,2026-08-05,2026-08-05,1
54013026,2026-08-05,2026-08-05,1
54013169,2026-08-29T16:42:16,2026-08-29T16:42:16,1
54013177,2026-08-05,2026-08-29T16:34:30,2
54013344,2026-08-05,2026-08-29T16:34:19,2
54013352,2026-08-05,2026-08-05,1
54013357,2026-08-05,2026-08-05,1
54013951,2026-08-05,2026-08-29T16:46:31,2
54014032,2026-08-05,2026-08-29T16:53:12,2
54014040,2026-08-05,2026-08-29T16:35:43,2
54014410,2026-08-29T16:37:02,2026-08-29T16:37:02,1
54014414,2026-08-29T16:37:02,2026-08-29T16:37:02,1
54014415,2026-08-29T16:37:06,2026-08-29T16:37:06,1
54014494,2026-08-29T16:58:28,2026-08-29T16:58:28,1
54014495,2026-08-29T16:56:20,2026-08-29T16:56:20,1
54014628,2026-08-05,2026-08-29T16:46:38,2
54014978,2026-08-29T17:04:40,2026-08-29T17:04:40,1
54015218,2026-08-29T17:03:48,2026-08-29T17:03:48,1
54015784,2026-08-05,2026-08-29T16:29:04,2
54015827,2026-08-05,2026-08-29T16:29:04,2
54015884,2026-08-05,2026-08-29T16:29:07,2
54015933,2026-08-05,2026-08-29T16:29:07,2
54015944,2026-08-05,2026-08-29T16:29:07,2
54015965,2026-08-05,2026-08-29T16:29:11,2
54016357,2026-08-29T17:03:24,2026-08-29T17:03:24,1
54016380,2026-08-29T17:03:24,2026-08-29T17:03:24,1
54016434,2026-08-29T16:51:29,2026-08-29T16:51:29,1
54016481,2026-08-29T17:03:24,2026-08-29T17:03:24,1
54016515,2026-08-29T17:03:24,2026-08-29T17:03:24,1
54016539,2026-08-29T17:03:24,2026-08-29T17:03:24,1
54016581,2026-08-29T17:03:24,2026-08-29T17:03:24,1
54016628,2026-08-29T17:03:24,2026-08-29T17:03:24,1
54016695,2026-08-05,2026-08-29T16:46:54,2
54016724,2026-08-29T17:03:24,2026-08-29T17:03:24,1
54016768,2026-08-29T16:42:16,2026-08-29T16:42:16,1
54016774,2026-08-29T17:03:24,2026-08-29T17:03:24,1
54016860,2026-08-29T17:03:24,2026-08-29T17:03:24,1
54017098,2026-08-29T16:42:12,2026-08-29T16:42:12,1
54018657,2026-08-29T16:53:02,2026-08-29T16:53:02,1
54018995,2026-08-05,2026-08-29T17:11:25,2
54019247,2026-08-05,2026-08-29T17:02:37,2
54019248,2026-08-05,2026-08-29T17:02:37,2
54019254,2026-08-05,2026-08-29T17:02:34,2
54019862,2026-08-05,2026-08-29T16:29:24,2
54019998,2026-08-05,2026-08-29T16:29:14,2
54020040,2026-08-05,2026-08-29T16:29:17,2
54020115,2026-08-05,2026-08-29T16:29:28,2
54020330,2026-08-05,2026-08-29T16:47:25,2
54020418,2026-08-29T16:59:58,2026-08-29T16:59:58,1
54020470,2026-08-05,2026-08-29T17:09:48,2
54020523,2026-08-29T16:46:13,2026-08-29T16:46:13,1
54020531,2026-08-05,2026-08-29T16:51:09,2
54020588,2026-08-29T17:02:55,2026-08-29T17:02:55,1
54020594,2026-08-05,2026-08-29T17:05:16,2
54020657,2026-08-05,2026-08-29T16:43:07,2
54020691,2026-08-05,2026-08-29T17:01:17,2
54020734,2026-08-29T16:59:14,2026-08-29T16:59:14,1
54020869,2026-08-05,2026-08-29T16:29:28,2
54021063,2026-08-29T17:03:42,2026-08-29T17:03:42,1
54021193,2026-08-05,2026-08-05,1
54021213,2026-08-05,2026-08-29T16:29:35,2
54021248,2026-08-05,2026-08-29T16:31:57,2
54021350,2026-08-05,2026-08-29T17:09:55,2
54021412,2026-08-05,2026-08-29T16:29:43,2
54021497,2026-08-29T16:55:56,2026-08-29T16:55:56,1
54021565,2026-08-29T16:48:08,2026-08-29T16:48:08,1
54021566,2026-08-29T16:33:27,2026-08-29T16:33:27,1
54021576,2026-08-05,2026-08-29T17:05:13,2
54021948,2026-08-29T17:03:42,2026-08-29T17:03:42,1
54022097,2026-08-05,2026-08-29T16:36:03,2
54022277,2026-08-05,2026-08-29T16:41:14,2
54022464,2026-08-05,2026-08-29T16:51:09,2
54022558,2026-08-05,2026-08-29T17:01:17,2
54022602,2026-08-05,2026-08-29T16:37:21,2
54022828,2026-08-05,2026-08-29T16:33:22,2
54022907,2026-08-05,2026-08-29T16:38:06,2
54023166,2026-08-05,2026-08-29T16:32:59,2
54023211,2026-08-05,2026-08-29T17:06:49,2
54023636,2026-08-05,2026-08-29T16:55:18,2
54023925,2026-08-29T17:03:01,2026-08-29T17:03:01,1
54023927,2026-08-29T16:58:21,2026-08-29T16:58:21,1
54024000,2026-08-05,2026-08-29T17:02:19,2
54024121,2026-08-29T17:02:55,2026-08-29T17:02:55,1
54024215,2026-08-29T16:55:56,2026-08-29T16:55:56,1
54024335,2026-08-29T16:53:12,2026-08-29T16:53:12,1
54024440,2026-08-29T16:35:51,2026-08-29T16:35:51,1
54024650,2026-08-29T16:38:44,2026-08-29T16:38:44,1
54025581,2026-08-05,2026-08-29T16:39:22,2
54025830,2026-08-29T16:46:16,2026-08-29T16:46:16,1
54025987,2026-08-05,2026-08-29T17:05:16,2
54026200,2026-08-05,2026-08-29T16:39:58,2
54026451,2026-08-29T16:56:05,2026-08-29T16:56:05,1
54026496,2026-08-29T16:39:30,2026-08-29T16:39:30,1
54027046,2026-08-05,2026-08-29T17:11:25,2
54027245,2026-08-05,2026-08-29T17:01:56,2
54027428,2026-08-05,2026-08-29T16:47:25,2
54027454,2026-08-05,2026-08-29T16:41:18,2
54028198,2026-08-29T16:59:05,2026-08-29T16:59:05,1
54028641,2026-08-05,2026-08-29T16:40:58,2
54028737,2026-08-29T16:52:02,2026-08-29T16:52:02,1
54028852,2026-08-05,2026-08-29T16:46:04,2
54028862,2026-08-29T16:51:32,2026-08-29T16:51:32,1
54028866,2026-08-29T16:30:12,2026-08-29T16:30:12,1
54028900,2026-08-29T16:51:32,2026-08-29T16:51:32,1
54029070,2026-08-29T16:53:12,2026-08-29T16:53:12,1
54029262,2026-08-29T16:55:15,2026-08-29T16:55:15,1
54029448,2026-08-05,2026-08-29T16:43:07,2
54029466,2026-08-05,2026-08-29T16:43:07,2
54029704,2026-08-05,2026-08-29T17:12:19,2
54029705,2026-08-05,2026-08-29T17:12:19,2
54029706,2026-08-05,2026-08-29T17:12:19,2
54029708,2026-08-05,2026-08-29T17:12:19,2
54030047,2026-08-05,2026-08-29T16:42:42,2
54030190,2026-08-29T17:00:08,2026-08-29T17:00:08,1
54030220,2026-08-29T16:59:55,2026-08-29T16:59:55,1
54030233,2026-08-29T17:03:45,2026-08-29T17:03:45,1
54030440,2026-08-05,2026-08-29T16:48:56,2
54030577,2026-08-05,2026-08-29T16:28:45,2
54030595,2026-08-05,2026-08-29T16:51:32,2
54030599,2026-08-05,2026-08-29T16:29:43,2
54030641,2026-08-05,2026-08-29T16:46:07,2
54030664,2026-08-05,2026-08-29T16:29:17,2
54030763,2026-08-05,2026-08-05,1
54031021,2026-08-05,2026-08-29T16:43:26,2
54031028,2026-08-29T16:58:33,2026-08-29T16:58:33,1
54031106,2026-08-29T16:55:34,2026-08-29T16:55:34,1
54031633,2026-08-05,2026-08-29T17:09:41,2
54031833,2026-08-05,2026-08-29T17:10:39,2
54031838,2026-08-05,2026-08-29T17:07:17,2
54032000,2026-08-29T16:39:14,2026-08-29T16:39:14,1
54032407,2026-08-05,2026-08-29T16:44:53,2
54032430,2026-08-05,2026-08-29T16:37:36,2
54032806,2026-08-05,2026-08-29T16:33:27,2
54032807,2026-08-29T16:53:02,2026-08-29T16:53:02,1
54032836,2026-08-05,2026-08-29T17:08:38,2
54033116,2026-08-05,2026-08-29T16:46:34,2
54033229,2026-08-29T16:39:14,2026-08-29T16:39:14,1
54033664,2026-08-05,2026-08-29T16:41:39,2
54033666,2026-08-05,2026-08-29T16:33:27,2
54034117,2026-08-05,2026-08-29T17:07:22,2
54034160,2026-08-05,2026-08-29T17:07:10,2
54034340,2026-08-29T16:57:12,2026-08-29T16:57:12,1
54034462,2026-08-05,2026-08-29T17:07:22,2
54034501,2026-08-05,2026-08-29T17:05:54,2
54035007,2026-08-05,2026-08-29T16:48:17,2
54035149,2026-08-05,2026-08-29T16:30:19,2
54035625,2026-08-29T16:53:38,2026-08-29T16:53:38,1
54035649,2026-08-05,2026-08-29T16:45:02,2
54035661,2026-08-05,2026-08-29T16:45:02,2
54035670,2026-08-05,2026-08-29T16:44:59,2
54035681,2026-08-05,2026-08-29T16:45:02,2
54035721,2026-08-05,2026-08-29T16:45:02,2
54035732,2026-08-29T16:52:52,2026-08-29T16:52:52,1
54035737,2026-08-05,2026-08-29T16:44:50,2
54035744,2026-08-05,2026-08-29T16:45:02,2
54035760,2026-08-05,2026-08-29T16:45:30,2
54035777,2026-08-05,2026-08-29T16:31:00,2
54036094,2026-08-05,2026-08-05,1
54036254,2026-08-05,2026-08-29T16:39:26,2
54036401,2026-08-29T16:59:05,2026-08-29T16:59:05,1
54036468,2026-08-05,2026-08-29T17:01:17,2
54036555,2026-08-05,2026-08-29T17:01:17,2
54036623,2026-08-05,2026-08-29T16:41:02,2
54036629,2026-08-29T16:51:09,2026-08-29T16:51:09,1
54037078,2026-08-29T16:31:17,2026-08-29T16:31:17,1
54037085,2026-08-05,2026-08-29T16:41:14,2
54037186,2026-08-05,2026-08-29T17:01:17,2
54037202,2026-08-29T16:53:05,2026-08-29T16:53:05,1
54037400,2026-08-05,2026-08-29T16:58:49,2
54037436,2026-08-05,2026-08-29T16:36:18,2
54037474,2026-08-05,2026-08-29T16:51:09,2
54037535,2026-08-29T16:37:06,2026-08-29T16:37:06,1
54038008,2026-08-05,2026-08-29T17:01:59,2
54038042,2026-08-29T16:59:02,2026-08-29T16:59:02,1
54038407,2026-08-05,2026-08-29T16:35:16,2
54038414,2026-08-05,2026-08-29T16:35:16,2
54038728,2026-08-29T16:59:14,2026-08-29T16:59:14,1
54038758,2026-08-05,2026-08-29T17:11:31,2
54039184,2026-08-05,2026-08-29T16:48:31,2
54039797,2026-08-29T17:00:17,2026-08-29T17:00:17,1
54039906,2026-08-05,2026-08-29T17:12:09,2
54040126,2026-08-05,2026-08-29T16:44:26,2
54040188,2026-08-05,2026-08-29T17:01:14,2
54040444,2026-08-05,2026-08-29T16:43:07,2
54040477,2026-08-05,2026-08-29T16:32:47,2
54040670,2026-08-29T16:59:05,2026-08-29T16:59:05,1
54040711,2026-08-05,2026-08-29T17:05:10,2
54040844,2026-08-05,2026-08-29T16:32:38,2
54040885,2026-08-05,2026-08-29T16:39:22,2
54040899,2026-08-05,2026-08-29T16:44:22,2
54040948,2026-08-05,2026-08-29T17:11:42,2
54041127,2026-08-05,2026-08-05,1
54041202,2026-08-29T16:50:44,2026-08-29T16:50:44,1
54041214,2026-08-05,2026-08-05,1
54041215,2026-08-05,2026-08-29T17:06:12,2
54041243,2026-08-29T16:59:58,2026-08-29T16:59:58,1
54041290,2026-08-05,2026-08-29T16:50:44,2
54041620,2026-08-29T17:04:37,2026-08-29T17:04:37,1
54041660,2026-08-05,2026-08-29T16:45:30,2
54041884,2026-08-05,2026-08-29T17:10:15,2
54042202,2026-08-05,2026-08-29T17:01:59,2
54042231,2026-08-29T17:04:19,2026-08-29T17:04:19,1
54042265,2026-08-29T17:03:33,2026-08-29T17:03:33,1
54042525,2026-08-05,2026-08-29T16:44:22,2
54042772,2026-08-05,2026-08-29T17:06:18,2
54042979,2026-08-29T16:29:43,2026-08-29T16:29:43,1
54042980,2026-08-05,2026-08-29T17:02:07,2
54043007,2026-08-05,2026-08-29T16:30:34,2
54043055,2026-08-05,2026-08-29T16:32:59,2
54043071,2026-08-05,2026-08-29T16:48:37,2
54043086,2026-08-29T16:51:32,2026-08-29T16:51:32,1
54043088,2026-08-05,2026-08-29T16:55:46,2
54043141,2026-08-05,2026-08-29T16:51:26,2
54043182,2026-08-29T16:52:05,2026-08-29T16:52:05,1
54043192,2026-08-29T16:32:59,2026-08-29T16:32:59,1
54043207,2026-08-05,2026-08-29T17:01:14,2
54043214,2026-08-05,2026-08-29T16:37:21,2
54043230,2026-08-29T16:33:05,2026-08-29T16:33:05,1
54043322,2026-08-05,2026-08-29T17:01:14,2
54043407,2026-08-05,2026-08-29T16:48:28,2
54043488,2026-08-05,2026-08-29T17:01:14,2
54043540,2026-08-05,2026-08-29T17:07:01,2
54043563,2026-08-05,2026-08-29T17:01:14,2
54044034,2026-08-05,2026-08-29T16:35:19,2
54044145,2026-08-05,2026-08-29T16:47:46,2
54044445,2026-08-05,2026-08-29T17:02:02,2
54044609,2026-08-05,2026-08-29T17:06:52,2
54044618,2026-08-05,2026-08-29T17:06:52,2
54044650,2026-08-05,2026-08-29T16:47:55,2
54044808,2026-08-05,2026-08-29T16:41:48,2
54045009,2026-08-05,2026-08-29T16:50:18,2
54045011,2026-08-05,2026-08-29T16:50:18,2
54045012,2026-08-05,2026-08-29T16:36:03,2
54045014,2026-08-05,2026-08-29T16:36:03,2
54045024,2026-08-05,2026-08-05,1
54045148,2026-08-05,2026-08-29T16:32:03,2
54045155,2026-08-05,2026-08-29T17:08:53,2
54045269,2026-08-05,2026-08-29T16:32:00,2
54045726,2026-08-05,2026-08-29T17:01:32,2
54045891,2026-08-05,2026-08-29T17:01:32,2
54045920,2026-08-05,2026-08-29T17:09:48,2
54045997,2026-08-05,2026-08-29T16:54:45,2
54046093,2026-08-29T16:51:09,2026-08-29T16:51:09,1
54046216,2026-08-05,2026-08-29T16:29:35,2
54046324,2026-08-29T17:03:42,2026-08-29T17:03:42,1
54046438,2026-08-05,2026-08-29T17:01:14,2
54046517,2026-08-29T16:51:09,2026-08-29T16:51:09,1
54046585,2026-08-05,2026-08-29T16:46:48,2
54046713,2026-08-29T16:32:35,2026-08-29T16:32:35,1
54046925,2026-08-29T16:51:06,2026-08-29T16:51:06,1
54047034,2026-08-05,2026-08-29T16:38:51,2
54047106,2026-08-05,2026-08-29T17:01:32,2
54047132,2026-08-05,2026-08-05,1
54047133,2026-08-29T16:51:06,2026-08-29T16:51:06,1
54047202,2026-08-05,2026-08-05,1
54047326,2026-08-05,2026-08-29T17:06:18,2
54047383,2026-08-05,2026-08-05,1
54047390,2026-08-05,2026-08-29T17:07:32,2
54047490,2026-08-05,2026-08-29T16:35:35,2
54047562,2026-08-05,2026-08-29T17:06:21,2
54047594,2026-08-05,2026-08-29T17:08:20,2
54047649,2026-08-05,2026-08-29T17:06:58,2
54047773,2026-08-29T17:02:46,2026-08-29T17:02:46,1
54047811,2026-08-05,2026-08-29T17:08:53,2
54047832,2026-08-29T16:35:31,2026-08-29T16:35:31,1
54047873,2026-08-05,2026-08-29T16:33:55,2
54047949,2026-08-29T16:55:09,2026-08-29T16:55:09,1
54047992,2026-08-29T16:59:05,2026-08-29T16:59:05,1
54048024,2026-08-29T17:03:42,2026-08-29T17:03:42,1
54048047,2026-08-05,2026-08-29T16:48:37,2
54048130,2026-08-29T16:55:15,2026-08-29T16:55:15,1
54048335,2026-08-29T16:45:19,2026-08-29T16:45:19,1
54048348,2026-08-05,2026-08-29T17:11:46,2
54048417,2026-08-29T17:00:08,2026-08-29T17:00:08,1
54048719,2026-08-05,2026-08-29T16:49:47,2
54048918,2026-08-05,2026-08-29T16:49:14,2
54049029,2026-08-05,2026-08-29T16:46:13,2
54049154,2026-08-29T16:59:29,2026-08-29T16:59:29,1
54049300,2026-08-05,2026-08-29T17:11:15,2
54049588,2026-08-29T16:44:32,2026-08-29T16:44:32,1
54049614,2026-08-05,2026-08-29T17:02:34,2
54049615,2026-08-05,2026-08-29T17:02:34,2
54049641,2026-08-05,2026-08-29T16:40:10,2
54050259,2026-08-29T17:04:19,2026-08-29T17:04:19,1
54050408,2026-08-05,2026-08-29T17:06:21,2
54050443,2026-08-05,2026-08-29T17:06:21,2
54050465,2026-08-05,2026-08-29T17:07:35,2
54050486,2026-08-05,2026-08-29T17:06:21,2
54050500,2026-08-05,2026-08-29T17:06:21,2
54050550,2026-08-05,2026-08-29T17:06:18,2
54050560,2026-08-05,2026-08-29T17:06:18,2
54050606,2026-08-05,2026-08-29T17:06:18,2
54051057,2026-08-05,2026-08-29T17:08:28,2
54051155,2026-08-05,2026-08-29T17:08:28,2
54051764,2026-08-29T17:03:33,2026-08-29T17:03:33,1
54051776,2026-08-05,2026-08-29T16:42:12,2
54051842,2026-08-29T16:32:53,2026-08-29T16:32:53,1
54051918,2026-08-05,2026-08-05,1
54052068,2026-08-29T16:45:12,2026-08-29T16:45:12,1
54052298,2026-08-29T17:03:33,2026-08-29T17:03:33,1
54052375,2026-08-05,2026-08-29T16:54:38,2
54052464,2026-08-05,2026-08-29T16:38:10,2
54052599,2026-08-05,2026-08-29T17:01:32,2
54052912,2026-08-29T16:58:04,2026-08-29T16:58:04,1
54052930,2026-08-29T16:44:44,2026-08-29T16:44:44,1
54053022,2026-08-05,2026-08-29T17:05:51,2
54053088,2026-08-29T16:52:05,2026-08-29T16:52:05,1
54053096,2026-08-05,2026-08-29T17:09:41,2
54053122,2026-08-29T16:58:46,2026-08-29T16:58:46,1
54053154,2026-08-29T17:03:45,2026-08-29T17:03:45,1
54053158,2026-08-29T16:52:05,2026-08-29T16:52:05,1
54053395,2026-08-05,2026-08-29T17:00:56,2
54053664,2026-08-05,2026-08-29T16:37:13,2
54053719,2026-08-05,2026-08-29T16:46:10,2
54053960,2026-08-05,2026-08-29T17:11:31,2
54054104,2026-08-05,2026-08-29T16:30:45,2
54054695,2026-08-05,2026-08-05,1
54054746,2026-08-05,2026-08-29T17:01:32,2
54054966,2026-08-05,2026-08-29T16:43:49,2
54055134,2026-08-05,2026-08-29T16:34:59,2
54055137,2026-08-05,2026-08-29T16:47:41,2
54055210,2026-08-05,2026-08-29T17:01:47,2
54055292,2026-08-05,2026-08-29T16:34:13,2
54055294,2026-08-05,2026-08-29T17:01:47,2
54055297,2026-08-05,2026-08-29T16:34:02,2
54055419,2026-08-29T17:04:16,2026-08-29T17:04:16,1
54055678,2026-08-05,2026-08-29T16:32:28,2
54055722,2026-08-05,2026-08-29T16:34:10,2
54055738,2026-08-05,2026-08-29T16:40:28,2
54055779,2026-08-05,2026-08-29T16:44:16,2
54055852,2026-08-05,2026-08-05,1
54056018,2026-08-29T16:45:52,2026-08-29T16:45:52,1
54056113,2026-08-05,2026-08-29T16:36:18,2
54056306,2026-08-29T16:58:07,2026-08-29T16:58:07,1
54056392,2026-08-29T17:02:49,2026-08-29T17:02:49,1
54056432,2026-08-29T16:51:58,2026-08-29T16:51:58,1
54056481,2026-08-29T17:02:49,2026-08-29T17:02:49,1
54056490,2026-08-29T17:03:33,2026-08-29T17:03:33,1
54056492,2026-08-05,2026-08-29T17:01:14,2
54056561,2026-08-05,2026-08-29T17:01:14,2
54056835,2026-08-05,2026-08-29T16:35:55,2
54056859,2026-08-05,2026-08-29T17:05:28,2
54056874,2026-08-05,2026-08-29T16:47:46,2
54056887,2026-08-29T17:04:40,2026-08-29T17:04:40,1
54056893,2026-08-05,2026-08-29T16:47:46,2
54056928,2026-08-05,2026-08-29T16:47:44,2
54057018,2026-08-29T16:57:55,2026-08-29T16:57:55,1
54057078,2026-08-29T16:29:52,2026-08-29T16:29:52,1
54057253,2026-08-05,2026-08-29T16:34:02,2
54057330,2026-08-05,2026-08-29T16:34:02,2
54057430,2026-08-05,2026-08-29T17:05:57,2
54057482,2026-08-29T17:03:42,2026-08-29T17:03:42,1
54057726,2026-08-05,2026-08-29T16:34:02,2
54057759,2026-08-05,2026-08-29T16:32:16,2
54058107,2026-08-29T16:35:35,2026-08-29T16:35:35,1
54058249,2026-08-05,2026-08-29T16:39:06,2
54058274,2026-08-05,2026-08-29T16:43:16,2
54058386,2026-08-05,2026-08-29T16:32:12,2
54058404,2026-08-05,2026-08-29T17:01:11,2
54058917,2026-08-05,2026-08-29T17:11:36,2
54059022,2026-08-05,2026-08-29T16:32:26,2
54059372,2026-08-05,2026-08-29T17:10:15,2
54059421,2026-08-29T16:58:15,2026-08-29T16:58:15,1
54059469,2026-08-05,2026-08-29T16:30:37,2
54059564,2026-08-29T16:57:12,2026-08-29T16:57:12,1
54059677,2026-08-05,2026-08-29T16:29:24,2
54059760,2026-08-05,2026-08-29T16:37:06,2
54059914,2026-08-05,2026-08-29T16:43:52,2
54060074,2026-08-29T16:59:20,2026-08-29T16:59:20,1
54060880,2026-08-05,2026-08-29T17:05:45,2
54061035,2026-08-29T17:04:58,2026-08-29T17:04:58,1
54061040,2026-08-05,2026-08-29T16:47:38,2
54061596,2026-08-05,2026-08-29T16:42:20,2
54061604,2026-08-05,2026-08-29T16:51:39,2
54061620,2026-08-05,2026-08-29T17:02:28,2
54062648,2026-08-05,2026-08-05,1
54063581,2026-08-05,2026-08-05,1
54063598,2026-08-05,2026-08-05,1
54063789,2026-08-05,2026-08-29T16:29:48,2
54063871,2026-08-05,2026-08-29T17:00:56,2
54063993,2026-08-05,2026-08-05,1
54064073,2026-08-29T16:30:12,2026-08-29T16:30:12,1
54064097,2026-08-05,2026-08-29T16:32:28,2
54064167,2026-08-05,2026-08-29T16:36:28,2
54064172,2026-08-05,2026-08-29T17:01:17,2
54064292,2026-08-05,2026-08-29T16:43:52,2
54064775,2026-08-05,2026-08-29T16:33:33,2
54065076,2026-08-05,2026-08-29T16:48:43,2
54065296,2026-08-05,2026-08-05,1
54065430,2026-08-05,2026-08-29T17:01:32,2
54065560,2026-08-29T16:44:29,2026-08-29T16:44:29,1
54065788,2026-08-05,2026-08-05,1
54065837,2026-08-05,2026-08-29T16:29:31,2
54065851,2026-08-29T16:32:22,2026-08-29T16:32:22,1
54065915,2026-08-05,2026-08-29T17:05:51,2
54065935,2026-08-05,2026-08-29T16:29:55,2
54065940,2026-08-05,2026-08-29T16:28:45,2
54065967,2026-08-05,2026-08-29T16:30:19,2
54066018,2026-08-05,2026-08-29T16:29:35,2
54066067,2026-08-05,2026-08-29T17:01:14,2
54066085,2026-08-05,2026-08-29T17:01:14,2
54066114,2026-08-05,2026-08-29T16:37:58,2
54066311,2026-08-05,2026-08-29T16:47:41,2
54066350,2026-08-29T16:53:15,2026-08-29T16:53:15,1
54066870,2026-08-05,2026-08-05,1
54067001,2026-08-05,2026-08-29T16:55:18,2
54067116,2026-08-05,2026-08-05,1
54067522,2026-08-05,2026-08-05,1
54067743,2026-08-05,2026-08-29T16:51:52,2
54067927,2026-08-05,2026-08-29T17:02:25,2
54068006,2026-08-05,2026-08-29T16:46:13,2
54068261,2026-08-05,2026-08-29T16:46:13,2
54068494,2026-08-05,2026-08-29T17:05:42,2
54068548,2026-08-29T16:50:38,2026-08-29T16:50:38,1
54068565,2026-08-05,2026-08-29T16:54:55,2
54068567,2026-08-05,2026-08-29T16:54:55,2
54068609,2026-08-29T16:50:38,2026-08-29T16:50:38,1
54068612,2026-08-05,2026-08-29T16:48:56,2
54068628,2026-08-29T16:50:38,2026-08-29T16:50:38,1
54068668,2026-08-29T16:30:04,2026-08-29T16:30:04,1
54068695,2026-08-05,2026-08-05,1
54068696,2026-08-29T16:50:38,2026-08-29T16:50:38,1
54068730,2026-08-05,2026-08-29T16:58:04,2
54068868,2026-08-05,2026-08-05,1
54068944,2026-08-05,2026-08-29T17:00:47,2
54069030,2026-08-05,2026-08-29T16:50:38,2
54069086,2026-08-29T16:52:02,2026-08-29T16:52:02,1
54069233,2026-08-05,2026-08-29T16:29:28,2
54069426,2026-08-05,2026-08-29T17:00:47,2
54069449,2026-08-05,2026-08-29T17:10:15,2
54069486,2026-08-05,2026-08-29T16:41:14,2
54069505,2026-08-05,2026-08-29T17:10:15,2
54069613,2026-08-05,2026-08-29T17:10:06,2
54069787,2026-08-05,2026-08-29T17:01:14,2
54069831,2026-08-29T16:59:39,2026-08-29T16:59:39,1
54069851,2026-08-05,2026-08-29T17:11:28,2
54069968,2026-08-29T16:53:05,2026-08-29T16:53:05,1
54070107,2026-08-05,2026-08-29T16:33:02,2
54070837,2026-08-05,2026-08-29T16:58:04,2
54070947,2026-08-05,2026-08-29T16:51:23,2
54071024,2026-08-29T16:51:06,2026-08-29T16:51:06,1
54071046,2026-08-05,2026-08-29T16:51:23,2
54071129,2026-08-29T16:51:06,2026-08-29T16:51:06,1
54071203,2026-08-05,2026-08-29T16:42:24,2
54071296,2026-08-05,2026-08-29T17:09:14,2
54071445,2026-08-05,2026-08-29T17:10:55,2
54071460,2026-08-05,2026-08-29T17:09:06,2
54071483,2026-08-05,2026-08-29T16:33:39,2
54071712,2026-08-05,2026-08-29T16:58:25,2
54072756,2026-08-05,2026-08-29T16:47:00,2
54073343,2026-08-05,2026-08-29T16:42:24,2
54073351,2026-08-05,2026-08-29T16:44:50,2
54073366,2026-08-29T16:57:31,2026-08-29T16:57:31,1
54073579,2026-08-29T16:58:09,2026-08-29T16:58:09,1
54073609,2026-08-29T16:50:38,2026-08-29T16:50:38,1
54073873,2026-08-05,2026-08-29T16:49:30,2
54074101,2026-08-05,2026-08-05,1
54074195,2026-08-05,2026-08-29T16:58:07,2
54074318,2026-08-29T16:53:12,2026-08-29T16:53:12,1
54074375,2026-08-29T17:03:01,2026-08-29T17:03:01,1
54074466,2026-08-05,2026-08-29T16:33:36,2
54074529,2026-08-29T16:59:26,2026-08-29T16:59:26,1
54074619,2026-08-05,2026-08-29T16:31:38,2
54074644,2026-08-29T16:38:14,2026-08-29T16:38:14,1
54074657,2026-08-29T16:30:30,2026-08-29T16:30:30,1
54074899,2026-08-05,2026-08-29T16:37:13,2
54074946,2026-08-05,2026-08-29T16:34:33,2
54075101,2026-08-05,2026-08-29T16:29:39,2
54075175,2026-08-05,2026-08-29T16:29:39,2
54075378,2026-08-29T16:40:23,2026-08-29T16:40:23,1
54075419,2026-08-05,2026-08-29T17:01:17,2
54075474,2026-08-05,2026-08-29T16:49:23,2
54075547,2026-08-29T16:57:43,2026-08-29T16:57:43,1
54075570,2026-08-05,2026-08-29T17:09:02,2
54075687,2026-08-29T16:37:06,2026-08-29T16:37:06,1
54075719,2026-08-29T16:36:54,2026-08-29T16:36:54,1
54075733,2026-08-29T16:36:58,2026-08-29T16:36:58,1
54075738,2026-08-29T16:36:58,2026-08-29T16:36:58,1
54075831,2026-08-29T16:36:58,2026-08-29T16:36:58,1
54076158,2026-08-05,2026-08-05,1
54076182,2026-08-05,2026-08-29T17:05:25,2
54076294,2026-08-05,2026-08-29T16:47:10,2
54076332,2026-08-05,2026-08-29T17:01:59,2
54076425,2026-08-05,2026-08-29T16:29:55,2
54077002,2026-08-05,2026-08-05,1
54077357,2026-08-29T16:54:11,2026-08-29T16:54:11,1
54077395,2026-08-05,2026-08-29T17:01:17,2
54077399,2026-08-29T17:02:37,2026-08-29T17:02:37,1
54077980,2026-08-05,2026-08-05,1
54078166,2026-08-05,2026-08-29T16:30:04,2
54078225,2026-08-29T16:55:25,2026-08-29T16:55:25,1
54078570,2026-08-29T16:31:44,2026-08-29T16:31:44,1
54078571,2026-08-29T16:40:36,2026-08-29T16:40:36,1
54078586,2026-08-29T16:52:42,2026-08-29T16:52:42,1
54078596,2026-08-05,2026-08-29T16:43:30,2
54078730,2026-08-05,2026-08-29T17:09:02,2
54079304,2026-08-05,2026-08-29T16:29:55,2
54079329,2026-08-29T16:58:15,2026-08-29T16:58:15,1
54079474,2026-08-05,2026-08-29T16:52:10,2
54079481,2026-08-05,2026-08-29T17:06:15,2
54079510,2026-08-05,2026-08-29T16:33:02,2
54079544,2026-08-05,2026-08-05,1
54079682,2026-08-29T16:55:12,2026-08-29T16:55:12,1
54079705,2026-08-29T16:55:12,2026-08-29T16:55:12,1
54079711,2026-08-05,2026-08-29T17:01:32,2
54079717,2026-08-29T16:30:30,2026-08-29T16:30:30,1
54079783,2026-08-29T16:52:39,2026-08-29T16:52:39,1
54079918,2026-08-05,2026-08-29T16:29:39,2
54079948,2026-08-05,2026-08-05,1
54079958,2026-08-05,2026-08-29T16:45:52,2
54080008,2026-08-05,2026-08-29T16:45:52,2
54080118,2026-08-29T16:43:30,2026-08-29T16:43:30,1
54080241,2026-08-05,2026-08-29T16:48:43,2
54080329,2026-08-05,2026-08-29T17:05:25,2
54080400,2026-08-29T16:39:51,2026-08-29T16:39:51,1
54080475,2026-08-05,2026-08-29T16:44:08,2
54080482,2026-08-05,2026-08-05,1
54080496,2026-08-05,2026-08-29T17:01:20,2
54080501,2026-08-05,2026-08-29T16:38:32,2
54080574,2026-08-05,2026-08-05,1
54080882,2026-08-05,2026-08-29T16:51:16,2
54080926,2026-08-29T16:52:10,2026-08-29T16:52:10,1
54080996,2026-08-05,2026-08-29T16:37:28,2
54081227,2026-08-05,2026-08-29T16:45:02,2
54081414,2026-08-05,2026-08-29T16:38:14,2
54081421,2026-08-05,2026-08-29T16:47:25,2
54081455,2026-08-29T16:55:34,2026-08-29T16:55:34,1
54081509,2026-08-05,2026-08-29T16:37:47,2
54081566,2026-08-29T16:56:11,2026-08-29T16:56:11,1
54081770,2026-08-05,2026-08-29T17:10:06,2
54081799,2026-08-05,2026-08-29T17:10:09,2
54081827,2026-08-29T16:59:26,2026-08-29T16:59:26,1
54082055,2026-08-05,2026-08-29T16:55:12,2
54082201,2026-08-29T16:51:16,2026-08-29T16:51:16,1
54082253,2026-08-05,2026-08-29T16:37:28,2
54082566,2026-08-05,2026-08-29T16:44:26,2
54082825,2026-08-29T16:31:41,2026-08-29T16:31:41,1
54082864,2026-08-05,2026-08-29T16:37:13,2
54082875,2026-08-05,2026-08-29T16:37:13,2
54082876,2026-08-05,2026-08-29T17:07:29,2
54083415,2026-08-05,2026-08-29T16:45:52,2
54084142,2026-08-05,2026-08-29T17:01:20,2
54084278,2026-08-05,2026-08-29T16:47:28,2
54084366,2026-08-29T16:39:06,2026-08-29T16:39:06,1
54084367,2026-08-29T16:39:06,2026-08-29T16:39:06,1
54084758,2026-08-29T16:39:14,2026-08-29T16:39:14,1
54084759,2026-08-29T17:02:37,2026-08-29T17:02:37,1
54085197,2026-08-29T16:55:06,2026-08-29T16:55:06,1
54085397,2026-08-29T16:56:05,2026-08-29T16:56:05,1
54085902,2026-08-05,2026-08-29T16:29:07,2
54086138,2026-08-05,2026-08-29T17:03:54,2
54086263,2026-08-05,2026-08-29T17:11:57,2
54086304,2026-08-05,2026-08-05,1
54086378,2026-08-05,2026-08-29T16:51:23,2
54086452,2026-08-05,2026-08-29T17:01:20,2
54086554,2026-08-05,2026-08-05,1
54086646,2026-08-05,2026-08-29T16:46:45,2
54086898,2026-08-29T16:51:09,2026-08-29T16:51:09,1
54086977,2026-08-05,2026-08-29T17:11:57,2
54087042,2026-08-05,2026-08-29T16:43:55,2
54087237,2026-08-29T16:48:34,2026-08-29T16:48:34,1
54087241,2026-08-29T17:03:42,2026-08-29T17:03:42,1
54087293,2026-08-05,2026-08-29T16:42:29,2
54087705,2026-08-29T17:02:52,2026-08-29T17:02:52,1
54088207,2026-08-05,2026-08-29T16:51:13,2
54088211,2026-08-05,2026-08-29T16:51:13,2
54088704,2026-08-05,2026-08-29T16:42:29,2
54088725,2026-08-29T16:55:37,2026-08-29T16:55:37,1
54088777,2026-08-05,2026-08-29T16:52:02,2
54088854,2026-08-05,2026-08-29T16:50:38,2
54088861,2026-08-05,2026-08-05,1
54088862,2026-08-29T16:51:09,2026-08-29T16:51:09,1
54088886,2026-08-05,2026-08-29T16:50:38,2
54088910,2026-08-05,2026-08-29T16:43:59,2
54088934,2026-08-05,2026-08-29T16:52:02,2
54088960,2026-08-29T16:56:32,2026-08-29T16:56:32,1
54088972,2026-08-05,2026-08-29T17:03:30,2
54089087,2026-08-05,2026-08-29T16:41:43,2
54089156,2026-08-05,2026-08-29T16:39:38,2
54089233,2026-08-29T16:51:09,2026-08-29T16:51:09,1
54089254,2026-08-05,2026-08-29T16:47:44,2
54089381,2026-08-05,2026-08-05,1
54089426,2026-08-05,2026-08-29T16:38:20,2
54089438,2026-08-05,2026-08-05,1
54089467,2026-08-29T16:57:15,2026-08-29T16:57:15,1
54089521,2026-08-05,2026-08-29T17:10:44,2
54089651,2026-08-05,2026-08-29T17:00:35,2
54089999,2026-08-05,2026-08-29T17:11:11,2
54090021,2026-08-05,2026-08-29T17:11:11,2
54090256,2026-08-29T16:57:52,2026-08-29T16:57:52,1
54090310,2026-08-05,2026-08-29T16:38:10,2
54090470,2026-08-05,2026-08-29T17:09:14,2
54090553,2026-08-05,2026-08-29T17:09:41,2
54090590,2026-08-05,2026-08-29T16:30:07,2
54090791,2026-08-05,2026-08-29T17:00:38,2
54090923,2026-08-29T16:51:26,2026-08-29T16:51:26,1
54091180,2026-08-05,2026-08-29T17:01:20,2
54091203,2026-08-29T16:55:06,2026-08-29T16:55:06,1
54091419,2026-08-05,2026-08-29T16:33:19,2
54091439,2026-08-29T16:52:52,2026-08-29T16:52:52,1
54091647,2026-08-05,2026-08-29T16:39:26,2
54091793,2026-08-29T16:55:46,2026-08-29T16:55:46,1
54091981,2026-08-29T17:02:37,2026-08-29T17:02:37,1
54093352,2026-08-29T16:34:05,2026-08-29T16:34:05,1
54093357,2026-08-29T16:31:57,2026-08-29T16:31:57,1
54093412,2026-08-05,2026-08-29T16:51:26,2
54093452,2026-08-05,2026-08-05,1
54093753,2026-08-29T16:59:55,2026-08-29T16:59:55,1
54093912,2026-08-05,2026-08-29T17:05:45,2
54093953,2026-08-05,2026-08-29T17:07:35,2
54094079,2026-08-29T16:59:52,2026-08-29T16:59:52,1
54094253,2026-08-05,2026-08-29T16:32:41,2
54094312,2026-08-29T16:51:29,2026-08-29T16:51:29,1
54094355,2026-08-05,2026-08-29T16:48:08,2
54094373,2026-08-05,2026-08-29T16:32:35,2
54094374,2026-08-05,2026-08-29T17:01:56,2
54094415,2026-08-29T17:02:37,2026-08-29T17:02:37,1
54094479,2026-08-05,2026-08-29T17:01:20,2
54094541,2026-08-05,2026-08-29T17:01:17,2
54094554,2026-08-05,2026-08-05,1
54094582,2026-08-29T17:04:03,2026-08-29T17:04:03,1
54094629,2026-08-05,2026-08-29T17:01:17,2
54094676,2026-08-29T17:04:13,2026-08-29T17:04:13,1
54094754,2026-08-05,2026-08-05,1
54094851,2026-08-29T17:04:03,2026-08-29T17:04:03,1
54095263,2026-08-05,2026-08-29T16:42:42,2
54095272,2026-08-05,2026-08-29T16:48:04,2
54095348,2026-08-05,2026-08-29T17:09:37,2
54095582,2026-08-05,2026-08-29T17:01:41,2
54095722,2026-08-29T17:04:19,2026-08-29T17:04:19,1
54095919,2026-08-29T16:36:58,2026-08-29T16:36:58,1
54095920,2026-08-29T16:36:58,2026-08-29T16:36:58,1
54095927,2026-08-29T16:36:58,2026-08-29T16:36:58,1
54095928,2026-08-29T16:36:58,2026-08-29T16:36:58,1
54095932,2026-08-29T16:36:58,2026-08-29T16:36:58,1
54095935,2026-08-29T16:37:02,2026-08-29T16:37:02,1
54095937,2026-08-29T16:36:51,2026-08-29T16:36:51,1
54095941,2026-08-29T16:36:51,2026-08-29T16:36:51,1
54095946,2026-08-29T16:36:51,2026-08-29T16:36:51,1
54095948,2026-08-29T16:36:54,2026-08-29T16:36:54,1
54095956,2026-08-29T16:36:54,2026-08-29T16:36:54,1
54095959,2026-08-29T16:36:54,2026-08-29T16:36:54,1
54095974,2026-08-05,2026-08-29T16:50:51,2
54096086,2026-08-29T16:58:28,2026-08-29T16:58:28,1
54096714,2026-08-29T16:59:08,2026-08-29T16:59:08,1
54096993,2026-08-05,2026-08-05,1
54097399,2026-08-05,2026-08-29T16:43:33,2
54097413,2026-08-05,2026-08-05,1
54097444,2026-08-05,2026-08-29T16:45:36,2
54097487,2026-08-05,2026-08-29T16:32:35,2
54097605,2026-08-05,2026-08-29T17:11:06,2
54097696,2026-08-05,2026-08-29T16:51:35,2
54098276,2026-08-05,2026-08-29T17:12:12,2
54098370,2026-08-05,2026-08-29T16:33:27,2
54098383,2026-08-05,2026-08-29T16:51:35,2
54098515,2026-08-05,2026-08-29T16:29:39,2
54098570,2026-08-05,2026-08-29T16:29:07,2
54098862,2026-08-29T16:31:54,2026-08-29T16:31:54,1
54099188,2026-08-29T17:00:08,2026-08-29T17:00:08,1
54099284,2026-08-29T16:45:52,2026-08-29T16:45:52,1
54099297,2026-08-05,2026-08-29T16:55:34,2
54099327,2026-08-05,2026-08-29T16:44:16,2
54099329,2026-08-29T16:32:53,2026-08-29T16:32:53,1
54099405,2026-08-29T16:56:14,2026-08-29T16:56:14,1
54099445,2026-08-29T16:51:52,2026-08-29T16:51:52,1
54099449,2026-08-29T17:03:04,2026-08-29T17:03:04,1
54099511,2026-08-05,2026-08-29T16:36:51,2
54099542,2026-08-05,2026-08-05,1
54099702,2026-08-05,2026-08-29T17:10:21,2
54099714,2026-08-05,2026-08-29T16:42:39,2
54099762,2026-08-29T17:04:13,2026-08-29T17:04:13,1
54099924,2026-08-05,2026-08-29T16:40:02,2
54100025,2026-08-05,2026-08-29T16:36:51,2
54100103,2026-08-05,2026-08-29T16:34:44,2
54100133,2026-08-29T16:30:37,2026-08-29T16:30:37,1
54100270,2026-08-05,2026-08-29T16:48:24,2
54100523,2026-08-29T16:58:59,2026-08-29T16:58:59,1
54101156,2026-08-05,2026-08-29T17:11:42,2
54101167,2026-08-05,2026-08-29T17:06:12,2
54101172,2026-08-05,2026-08-29T17:05:51,2
54101203,2026-08-05,2026-08-29T17:05:51,2
54101688,2026-08-05,2026-08-29T17:11:15,2
54101789,2026-08-29T16:59:55,2026-08-29T16:59:55,1
54101815,2026-08-05,2026-08-29T16:49:44,2
54101949,2026-08-29T16:53:15,2026-08-29T16:53:15,1
54101951,2026-08-29T16:35:27,2026-08-29T16:35:27,1
54101953,2026-08-29T16:35:31,2026-08-29T16:35:31,1
54102037,2026-08-29T16:53:12,2026-08-29T16:53:12,1
54102207,2026-08-05,2026-08-29T16:49:11,2
54102710,2026-08-05,2026-08-29T17:01:20,2
54102749,2026-08-05,2026-08-29T16:40:43,2
54102772,2026-08-05,2026-08-05,1
54102973,2026-08-29T16:54:11,2026-08-29T16:54:11,1
54102974,2026-08-29T16:54:11,2026-08-29T16:54:11,1
54102975,2026-08-29T16:54:11,2026-08-29T16:54:11,1
54102976,2026-08-29T16:54:11,2026-08-29T16:54:11,1
54102977,2026-08-29T16:54:11,2026-08-29T16:54:11,1
54103017,2026-08-05,2026-08-29T16:52:13,2
54103018,2026-08-05,2026-08-29T16:52:13,2
54103020,2026-08-05,2026-08-29T16:52:13,2
54103021,2026-08-29T16:54:11,2026-08-29T16:54:11,1
54103022,2026-08-05,2026-08-29T16:41:35,2
54103183,2026-08-29T16:52:45,2026-08-29T16:52:45,1
54103200,2026-08-05,2026-08-05,1
54103403,2026-08-05,2026-08-05,1
54103938,2026-08-29T16:58:28,2026-08-29T16:58:28,1
54104120,2026-08-05,2026-08-29T16:39:22,2
54104137,2026-08-29T16:59:58,2026-08-29T16:59:58,1
54104251,2026-08-05,2026-08-29T16:32:50,2
54104332,2026-08-05,2026-08-29T16:44:50,2
54104381,2026-08-05,2026-08-29T16:44:50,2
54104420,2026-08-05,2026-08-29T16:32:06,2
54104458,2026-08-05,2026-08-29T16:32:12,2
54105171,2026-08-05,2026-08-29T16:39:46,2
54105178,2026-08-05,2026-08-29T16:42:39,2
54105403,2026-08-05,2026-08-29T16:40:43,2
54105519,2026-08-05,2026-08-29T17:10:27,2
54106171,2026-08-29T16:33:15,2026-08-29T16:33:15,1
54106245,2026-08-05,2026-08-29T17:10:47,2
54107055,2026-08-29T16:50:57,2026-08-29T16:50:57,1
54107267,2026-08-05,2026-08-29T16:31:47,2
54107679,2026-08-05,2026-08-29T16:49:44,2
54107779,2026-08-05,2026-08-29T16:49:44,2
54107870,2026-08-29T16:28:53,2026-08-29T16:28:53,1
54107874,2026-08-29T16:57:40,2026-08-29T16:57:40,1
54108030,2026-08-05,2026-08-29T17:00:35,2
54108104,2026-08-05,2026-08-29T17:00:35,2
54108313,2026-08-29T16:56:20,2026-08-29T16:56:20,1
54108438,2026-08-29T16:51:49,2026-08-29T16:51:49,1
54108536,2026-08-05,2026-08-29T16:51:26,2
54108616,2026-08-29T17:04:03,2026-08-29T17:04:03,1
54108653,2026-08-05,2026-08-29T16:46:01,2
54108673,2026-08-05,2026-08-29T16:46:31,2
54109021,2026-08-05,2026-08-29T16:46:31,2
54109084,2026-08-05,2026-08-29T17:01:20,2
54109115,2026-08-05,2026-08-29T16:46:29,2
54109162,2026-08-05,2026-08-29T16:46:04,2
54109594,2026-08-05,2026-08-29T17:11:02,2
54109662,2026-08-05,2026-08-29T17:01:20,2
54109680,2026-08-29T17:04:13,2026-08-29T17:04:13,1
54109705,2026-08-05,2026-08-29T17:01:20,2
54109765,2026-08-05,2026-08-29T17:01:20,2
54109821,2026-08-29T16:40:48,2026-08-29T16:40:48,1
54109848,2026-08-05,2026-08-29T17:01:20,2
54109892,2026-08-05,2026-08-05,1
54109949,2026-08-05,2026-08-29T17:01:20,2
54110070,2026-08-05,2026-08-29T16:33:30,2
54110134,2026-08-29T16:59:17,2026-08-29T16:59:17,1
54110186,2026-08-05,2026-08-29T16:45:30,2
54110221,2026-08-05,2026-08-29T17:10:58,2
54110292,2026-08-05,2026-08-29T17:07:22,2
54110307,2026-08-05,2026-08-29T17:10:58,2
54110334,2026-08-05,2026-08-29T17:11:31,2
54111062,2026-08-29T17:02:46,2026-08-29T17:02:46,1
54111166,2026-08-05,2026-08-29T17:07:17,2
54111276,2026-08-05,2026-08-29T16:45:12,2
54111306,2026-08-29T16:59:20,2026-08-29T16:59:20,1
54111541,2026-08-05,2026-08-29T17:07:17,2
54112476,2026-08-05,2026-08-29T17:01:47,2
54112501,2026-08-05,2026-08-29T16:54:48,2
54112616,2026-08-05,2026-08-29T17:06:49,2
54112870,2026-08-05,2026-08-05,1
54112940,2026-08-05,2026-08-05,1
54112983,2026-08-29T16:51:16,2026-08-29T16:51:16,1
54113064,2026-08-05,2026-08-29T16:36:58,2
54113201,2026-08-05,2026-08-29T17:04:03,2
54113207,2026-08-05,2026-08-29T16:42:16,2
54113215,2026-08-29T16:34:05,2026-08-29T16:34:05,1
54113377,2026-08-05,2026-08-29T17:05:30,2
54113387,2026-08-05,2026-08-29T16:34:05,2
54113437,2026-08-05,2026-08-29T16:50:41,2
54113447,2026-08-29T16:42:16,2026-08-29T16:42:16,1
54113500,2026-08-05,2026-08-29T16:34:02,2
54113548,2026-08-05,2026-08-29T16:36:10,2
54113564,2026-08-05,2026-08-29T16:35:39,2
54113568,2026-08-05,2026-08-29T16:51:35,2
54113572,2026-08-05,2026-08-29T16:46:16,2
54113667,2026-08-05,2026-08-29T16:40:54,2
54113723,2026-08-29T16:58:33,2026-08-29T16:58:33,1
54113782,2026-08-29T16:58:33,2026-08-29T16:58:33,1
54113971,2026-08-05,2026-08-29T17:01:20,2
54114245,2026-08-29T16:52:52,2026-08-29T16:52:52,1
54114317,2026-08-05,2026-08-29T16:38:59,2
54114326,2026-08-29T16:51:39,2026-08-29T16:51:39,1
54114332,2026-08-29T16:33:52,2026-08-29T16:33:52,1
54114407,2026-08-29T16:28:56,2026-08-29T16:28:56,1
54114479,2026-08-29T16:39:38,2026-08-29T16:39:38,1
54114494,2026-08-05,2026-08-29T17:08:34,2
54114691,2026-08-05,2026-08-05,1
54114708,2026-08-05,2026-08-05,1
54114966,2026-08-05,2026-08-29T16:33:27,2
54114983,2026-08-05,2026-08-29T16:42:04,2
54115090,2026-08-05,2026-08-29T17:11:19,2
54115112,2026-08-05,2026-08-29T17:11:19,2
54115184,2026-08-05,2026-08-29T17:05:30,2
54115223,2026-08-29T16:56:39,2026-08-29T16:56:39,1
54115378,2026-08-05,2026-08-29T17:01:20,2
54115507,2026-08-05,2026-08-29T16:42:04,2
54115517,2026-08-05,2026-08-29T16:33:27,2
54115543,2026-08-05,2026-08-29T16:35:47,2
54115637,2026-08-29T16:59:17,2026-08-29T16:59:17,1
54115641,2026-08-29T17:02:49,2026-08-29T17:02:49,1
54115754,2026-08-29T16:59:55,2026-08-29T16:59:55,1
54115812,2026-08-05,2026-08-29T16:41:18,2
54115857,2026-08-05,2026-08-29T16:33:36,2
54116591,2026-08-29T16:59:52,2026-08-29T16:59:52,1
54116626,2026-08-05,2026-08-29T16:47:07,2
54116655,2026-08-05,2026-08-29T17:12:19,2
54116672,2026-08-05,2026-08-29T17:10:58,2
54116805,2026-08-05,2026-08-29T16:37:51,2
54116836,2026-08-05,2026-08-29T16:51:13,2
54117205,2026-08-29T16:48:49,2026-08-29T16:48:49,1
54117645,2026-08-05,2026-08-29T16:49:47,2
54118923,2026-08-05,2026-08-29T16:50:05,2
54118936,2026-08-05,2026-08-29T16:49:02,2
54119052,2026-08-05,2026-08-29T16:32:12,2
54119198,2026-08-05,2026-08-29T17:00:23,2
54119577,2026-08-29T16:47:55,2026-08-29T16:47:55,1
54119630,2026-08-05,2026-08-29T16:46:16,2
54119685,2026-08-05,2026-08-29T16:42:56,2
54119752,2026-08-05,2026-08-29T17:11:19,2
54119754,2026-08-05,2026-08-29T17:11:19,2
54119755,2026-08-05,2026-08-29T17:11:19,2
54119756,2026-08-05,2026-08-29T17:11:19,2
54119759,2026-08-05,2026-08-29T17:10:58,2
54119842,2026-08-05,2026-08-29T16:46:16,2
54119844,2026-08-05,2026-08-29T17:00:35,2
54120067,2026-08-05,2026-08-05,1
54120257,2026-08-05,2026-08-29T16:47:22,2
54120315,2026-08-05,2026-08-29T16:42:04,2
54120372,2026-08-05,2026-08-29T17:11:19,2
54120418,2026-08-05,2026-08-29T17:10:58,2
54120466,2026-08-05,2026-08-29T17:11:19,2
54121022,2026-08-05,2026-08-29T17:02:25,2
54121088,2026-08-29T16:37:54,2026-08-29T16:37:54,1
54121136,2026-08-29T17:02:52,2026-08-29T17:02:52,1
54121694,2026-08-05,2026-08-29T16:40:23,2
54122110,2026-08-05,2026-08-29T17:06:32,2
54122166,2026-08-29T16:34:02,2026-08-29T16:34:02,1
54122212,2026-08-29T16:56:14,2026-08-29T16:56:14,1
54122391,2026-08-29T16:35:43,2026-08-29T16:35:43,1
54122439,2026-08-05,2026-08-29T17:02:07,2
54122452,2026-08-05,2026-08-29T17:09:14,2
54122762,2026-08-05,2026-08-29T16:32:41,2
54123147,2026-08-05,2026-08-29T17:09:02,2
54123287,2026-08-29T16:58:33,2026-08-29T16:58:33,1
54123306,2026-08-05,2026-08-29T16:41:48,2
54123351,2026-08-05,2026-08-29T17:01:50,2
54123398,2026-08-05,2026-08-29T16:36:28,2
54123471,2026-08-05,2026-08-29T16:42:04,2
54123587,2026-08-05,2026-08-05,1
54123683,2026-08-05,2026-08-29T16:34:44,2
54123713,2026-08-05,2026-08-29T16:47:50,2
54123838,2026-08-05,2026-08-05,1
54123878,2026-08-29T16:36:54,2026-08-29T16:36:54,1
54124174,2026-08-05,2026-08-29T16:48:24,2
54124513,2026-08-05,2026-08-29T16:29:31,2
54124618,2026-08-05,2026-08-29T16:30:12,2
54124777,2026-08-05,2026-08-29T16:49:05,2
54124810,2026-08-05,2026-08-29T17:09:51,2
54124986,2026-08-05,2026-08-29T17:00:38,2
54124991,2026-08-29T16:56:46,2026-08-29T16:56:46,1
54125128,2026-08-05,2026-08-29T16:49:20,2
54125502,2026-08-29T16:40:40,2026-08-29T16:40:40,1
54125531,2026-08-05,2026-08-29T16:37:32,2
54125827,2026-08-05,2026-08-29T16:35:23,2
54125969,2026-08-29T17:04:58,2026-08-29T17:04:58,1
54125972,2026-08-05,2026-08-29T17:06:49,2
54126107,2026-08-05,2026-08-29T16:34:19,2
54126203,2026-08-05,2026-08-29T17:05:42,2
54126234,2026-08-05,2026-08-29T16:43:59,2
54126615,2026-08-05,2026-08-29T16:34:33,2
54126827,2026-08-29T16:52:55,2026-08-29T16:52:55,1
54127016,2026-08-29T16:30:12,2026-08-29T16:30:12,1
54127057,2026-08-05,2026-08-29T16:50:21,2
54127277,2026-08-05,2026-08-29T16:32:35,2
54127304,2026-08-29T17:03:36,2026-08-29T17:03:36,1
54127431,2026-08-05,2026-08-29T16:49:05,2
54127508,2026-08-05,2026-08-29T17:07:32,2
54127575,2026-08-05,2026-08-29T17:01:20,2
54127590,2026-08-05,2026-08-29T17:01:20,2
54127645,2026-08-05,2026-08-29T17:01:20,2
54128199,2026-08-05,2026-08-29T16:42:59,2
54128341,2026-08-05,2026-08-29T16:55:09,2
54128882,2026-08-05,2026-08-29T16:50:02,2
54128961,2026-08-05,2026-08-29T16:35:13,2
54128967,2026-08-05,2026-08-29T16:41:57,2
54128971,2026-08-29T16:58:40,2026-08-29T16:58:40,1
54128978,2026-08-05,2026-08-29T16:41:57,2
54128988,2026-08-29T16:36:54,2026-08-29T16:36:54,1
54128989,2026-08-29T16:36:54,2026-08-29T16:36:54,1
54128995,2026-08-29T16:36:54,2026-08-29T16:36:54,1
54128998,2026-08-29T16:36:54,2026-08-29T16:36:54,1
54129004,2026-08-29T16:36:47,2026-08-29T16:36:47,1
54129098,2026-08-05,2026-08-29T17:01:20,2
54129207,2026-08-05,2026-08-29T17:05:45,2
54129391,2026-08-29T16:56:11,2026-08-29T16:56:11,1
54129421,2026-08-05,2026-08-29T16:42:49,2
54129566,2026-08-05,2026-08-29T16:49:05,2
54129861,2026-08-05,2026-08-05,1
54129910,2026-08-29T16:52:02,2026-08-29T16:52:02,1
54129980,2026-08-29T16:55:28,2026-08-29T16:55:28,1
54130137,2026-08-05,2026-08-29T16:51:26,2
54130148,2026-08-05,2026-08-29T16:47:22,2
54130578,2026-08-05,2026-08-05,1
54130843,2026-08-05,2026-08-29T16:31:24,2
54130849,2026-08-05,2026-08-29T16:44:47,2
54131301,2026-08-05,2026-08-29T16:48:40,2
54131354,2026-08-05,2026-08-29T17:01:02,2
54131417,2026-08-29T17:04:43,2026-08-29T17:04:43,1
54131418,2026-08-29T17:03:54,2026-08-29T17:03:54,1
54131421,2026-08-29T17:03:54,2026-08-29T17:03:54,1
54131423,2026-08-29T17:03:54,2026-08-29T17:03:54,1
54131552,2026-08-29T16:55:22,2026-08-29T16:55:22,1
54131602,2026-08-05,2026-08-29T16:31:54,2
54131629,2026-08-05,2026-08-29T17:07:56,2
54131673,2026-08-29T16:55:22,2026-08-29T16:55:22,1
54131677,2026-08-05,2026-08-29T17:11:49,2
54131911,2026-08-05,2026-08-29T16:32:59,2
54132047,2026-08-05,2026-08-05,1
54132209,2026-08-29T16:56:02,2026-08-29T16:56:02,1
54132219,2026-08-05,2026-08-29T16:30:07,2
54132383,2026-08-05,2026-08-29T16:51:35,2
54132407,2026-08-29T16:53:31,2026-08-29T16:53:31,1
54132412,2026-08-05,2026-08-29T16:51:32,2
54132448,2026-08-05,2026-08-29T16:52:22,2
54132558,2026-08-29T16:54:02,2026-08-29T16:54:02,1
54132691,2026-08-05,2026-08-05,1
54132775,2026-08-29T16:53:31,2026-08-29T16:53:31,1
54132821,2026-08-29T16:31:47,2026-08-29T16:31:47,1
54132987,2026-08-05,2026-08-29T16:42:29,2
54133081,2026-08-29T16:59:39,2026-08-29T16:59:39,1
54133113,2026-08-05,2026-08-29T17:05:33,2
54133602,2026-08-05,2026-08-29T16:39:55,2
54133636,2026-08-05,2026-08-29T16:43:20,2
54133729,2026-08-29T16:40:16,2026-08-29T16:40:16,1
54134120,2026-08-05,2026-08-29T16:43:49,2
54134243,2026-08-29T17:04:40,2026-08-29T17:04:40,1
54134245,2026-08-29T17:04:40,2026-08-29T17:04:40,1
54134258,2026-08-05,2026-08-29T16:47:25,2
54135264,2026-08-05,2026-08-29T16:43:23,2
54135268,2026-08-05,2026-08-29T16:28:42,2
54135286,2026-08-29T16:51:39,2026-08-29T16:51:39,1
54135692,2026-08-05,2026-08-29T16:45:52,2
54135992,2026-08-05,2026-08-29T16:32:12,2
54136223,2026-08-05,2026-08-29T16:52:02,2
54136812,2026-08-05,2026-08-05,1
54136911,2026-08-05,2026-08-29T16:47:50,2
54136944,2026-08-05,2026-08-29T16:33:39,2
54137313,2026-08-29T16:56:26,2026-08-29T16:56:26,1
54137560,2026-08-05,2026-08-05,1
54137793,2026-08-05,2026-08-29T16:47:50,2
54137795,2026-08-05,2026-08-29T16:44:05,2
54137811,2026-08-05,2026-08-29T16:48:52,2
54137836,2026-08-29T16:51:39,2026-08-29T16:51:39,1
54137864,2026-08-05,2026-08-29T17:00:38,2
54137876,2026-08-05,2026-08-29T17:11:19,2
54137911,2026-08-05,2026-08-29T16:37:28,2
54137966,2026-08-05,2026-08-29T16:33:02,2
54138005,2026-08-29T16:40:20,2026-08-29T16:40:20,1
54138015,2026-08-05,2026-08-29T17:09:20,2
54138045,2026-08-05,2026-08-29T16:56:02,2
54138185,2026-08-05,2026-08-29T17:09:02,2
54138248,2026-08-05,2026-08-29T16:29:20,2
54138343,2026-08-05,2026-08-29T17:09:02,2
54138396,2026-08-05,2026-08-29T16:56:02,2
54138420,2026-08-05,2026-08-29T17:09:02,2
54138449,2026-08-05,2026-08-29T16:30:12,2
54138637,2026-08-29T16:52:05,2026-08-29T16:52:05,1
54138651,2026-08-05,2026-08-29T16:42:01,2
54138658,2026-08-05,2026-08-29T17:01:20,2
54138754,2026-08-05,2026-08-29T16:42:04,2
54138874,2026-08-05,2026-08-29T16:42:01,2
54138913,2026-08-05,2026-08-29T17:11:19,2
54139309,2026-08-05,2026-08-29T17:01:20,2
54139610,2026-08-05,2026-08-05,1
54139713,2026-08-29T16:57:12,2026-08-29T16:57:12,1
54139717,2026-08-29T16:57:12,2026-08-29T16:57:12,1
54139966,2026-08-05,2026-08-29T16:31:54,2
54140216,2026-08-05,2026-08-05,1
54140655,2026-08-05,2026-08-29T17:11:19,2
54140656,2026-08-05,2026-08-29T17:11:19,2
54140659,2026-08-05,2026-08-29T17:11:19,2
54140660,2026-08-05,2026-08-29T17:11:19,2
54140756,2026-08-29T16:55:25,2026-08-29T16:55:25,1
54140768,2026-08-29T16:56:14,2026-08-29T16:56:14,1
54140869,2026-08-05,2026-08-29T16:45:46,2
54140913,2026-08-05,2026-08-05,1
54140949,2026-08-29T16:57:55,2026-08-29T16:57:55,1
54141037,2026-08-05,2026-08-29T16:39:42,2
54141084,2026-08-05,2026-08-05,1
54141187,2026-08-05,2026-08-29T16:40:43,2
54141274,2026-08-05,2026-08-29T16:38:59,2
54141285,2026-08-05,2026-08-29T16:42:04,2
54141352,2026-08-29T16:59:46,2026-08-29T16:59:46,1
54141525,2026-08-05,2026-08-29T16:48:02,2
54141633,2026-08-29T16:58:15,2026-08-29T16:58:15,1
54141725,2026-08-29T16:29:39,2026-08-29T16:29:39,1
54141738,2026-08-05,2026-08-05,1
54141759,2026-08-05,2026-08-29T17:01:20,2
54142292,2026-08-05,2026-08-29T16:46:31,2
54142299,2026-08-05,2026-08-29T16:41:06,2
54142307,2026-08-29T16:31:00,2026-08-29T16:31:00,1
54142552,2026-08-29T16:52:55,2026-08-29T16:52:55,1
54142603,2026-08-05,2026-08-05,1
54142625,2026-08-29T16:56:39,2026-08-29T16:56:39,1
54142629,2026-08-29T16:56:14,2026-08-29T16:56:14,1
54142710,2026-08-05,2026-08-29T16:41:14,2
54142738,2026-08-05,2026-08-29T17:05:22,2
54142819,2026-08-05,2026-08-29T16:38:14,2
54142873,2026-08-05,2026-08-29T16:30:26,2
54143146,2026-08-05,2026-08-29T16:51:32,2
54143156,2026-08-29T16:59:17,2026-08-29T16:59:17,1
54143157,2026-08-29T16:55:56,2026-08-29T16:55:56,1
54143158,2026-08-29T16:59:11,2026-08-29T16:59:11,1
54143254,2026-08-05,2026-08-29T16:43:30,2
54143267,2026-08-29T16:43:30,2026-08-29T16:43:30,1
54143307,2026-08-05,2026-08-29T17:06:09,2
54143521,2026-08-29T16:50:54,2026-08-29T16:50:54,1
54143584,2026-08-05,2026-08-29T16:37:10,2
54143607,2026-08-05,2026-08-29T17:05:19,2
54143614,2026-08-05,2026-08-29T17:01:29,2
54143633,2026-08-05,2026-08-29T16:37:13,2
54143698,2026-08-05,2026-08-29T17:11:15,2
54143706,2026-08-29T16:50:54,2026-08-29T16:50:54,1
54143793,2026-08-05,2026-08-29T17:05:48,2
54144249,2026-08-29T17:02:55,2026-08-29T17:02:55,1
54144502,2026-08-05,2026-08-29T16:55:09,2
54144763,2026-08-29T16:36:47,2026-08-29T16:36:47,1
54145659,2026-08-29T16:59:52,2026-08-29T16:59:52,1
54145683,2026-08-29T16:36:47,2026-08-29T16:36:47,1
54145685,2026-08-29T16:36:47,2026-08-29T16:36:47,1
54145686,2026-08-29T16:36:47,2026-08-29T16:36:47,1
54145687,2026-08-29T16:36:51,2026-08-29T16:36:51,1
54145688,2026-08-29T16:36:51,2026-08-29T16:36:51,1
54145689,2026-08-29T16:36:51,2026-08-29T16:36:51,1
54145690,2026-08-29T16:36:51,2026-08-29T16:36:51,1
54145692,2026-08-29T16:36:51,2026-08-29T16:36:51,1
54145693,2026-08-29T16:36:42,2026-08-29T16:36:42,1
54145694,2026-08-29T16:36:42,2026-08-29T16:36:42,1
54145695,2026-08-29T16:36:42,2026-08-29T16:36:42,1
54145696,2026-08-29T16:36:42,2026-08-29T16:36:42,1
54145698,2026-08-29T16:36:47,2026-08-29T16:36:47,1
54145699,2026-08-29T16:36:47,2026-08-29T16:36:47,1
54145700,2026-08-29T16:36:47,2026-08-29T16:36:47,1
54145944,2026-08-29T16:37:21,2026-08-29T16:37:21,1
54146021,2026-08-29T16:48:34,2026-08-29T16:48:34,1
54146102,2026-08-29T16:50:41,2026-08-29T16:50:41,1
54146143,2026-08-29T16:36:54,2026-08-29T16:36:54,1
54146280,2026-08-29T16:51:16,2026-08-29T16:51:16,1
54146348,2026-08-05,2026-08-29T16:40:48,2
54146449,2026-08-05,2026-08-05,1
54146460,2026-08-29T16:29:31,2026-08-29T16:29:31,1
54146470,2026-08-05,2026-08-29T17:06:09,2
54146513,2026-08-05,2026-08-29T17:06:12,2
54146682,2026-08-29T16:35:59,2026-08-29T16:35:59,1
54146688,2026-08-29T16:49:14,2026-08-29T16:49:14,1
54146730,2026-08-05,2026-08-29T16:31:34,2
54146976,2026-08-29T16:56:39,2026-08-29T16:56:39,1
54147128,2026-08-05,2026-08-29T17:06:12,2
54147163,2026-08-05,2026-08-29T16:37:28,2
54147305,2026-08-05,2026-08-29T16:33:19,2
54147400,2026-08-29T17:04:31,2026-08-29T17:04:31,1
54147417,2026-08-05,2026-08-29T16:48:40,2
54147569,2026-08-05,2026-08-05,1
54147837,2026-08-05,2026-08-05,1
54147853,2026-08-29T16:52:39,2026-08-29T16:52:39,1
54147988,2026-08-05,2026-08-05,1
54148041,2026-08-05,2026-08-29T16:35:13,2
54148066,2026-08-05,2026-08-29T16:39:10,2
54148345,2026-08-05,2026-08-29T16:40:54,2
54148427,2026-08-05,2026-08-29T16:51:39,2
54148445,2026-08-29T17:04:22,2026-08-29T17:04:22,1
54148494,2026-08-05,2026-08-29T16:32:50,2
54148511,2026-08-29T17:06:15,2026-08-29T17:06:15,1
54148527,2026-08-05,2026-08-29T16:38:59,2
54148564,2026-08-05,2026-08-29T16:42:35,2
54148790,2026-08-05,2026-08-29T17:01:23,2
54148795,2026-08-05,2026-08-29T17:00:35,2
54148813,2026-08-29T16:51:16,2026-08-29T16:51:16,1
54148918,2026-08-05,2026-08-29T17:01:23,2
54148922,2026-08-05,2026-08-05,1
54149090,2026-08-29T16:40:36,2026-08-29T16:40:36,1
54149319,2026-08-05,2026-08-29T17:00:35,2
54149321,2026-08-05,2026-08-29T16:47:53,2
54149351,2026-08-05,2026-08-29T16:44:47,2
54149359,2026-08-05,2026-08-29T16:47:50,2
54149461,2026-08-05,2026-08-29T16:42:04,2
54149469,2026-08-05,2026-08-29T16:42:04,2
54149744,2026-08-05,2026-08-29T17:01:41,2
54149745,2026-08-05,2026-08-05,1
54149746,2026-08-29T16:56:02,2026-08-29T16:56:02,1
54149748,2026-08-05,2026-08-29T16:43:39,2
54149749,2026-08-29T16:31:00,2026-08-29T16:31:00,1
54149755,2026-08-29T16:53:35,2026-08-29T16:53:35,1
54149911,2026-08-05,2026-08-29T16:39:34,2
54149951,2026-08-29T17:03:04,2026-08-29T17:03:04,1
54149954,2026-08-05,2026-08-29T16:29:07,2
54150125,2026-08-29T16:58:33,2026-08-29T16:58:33,1
54150126,2026-08-29T16:41:14,2026-08-29T16:41:14,1
54150152,2026-08-29T17:03:36,2026-08-29T17:03:36,1
54150168,2026-08-29T16:57:46,2026-08-29T16:57:46,1
54150197,2026-08-29T16:58:28,2026-08-29T16:58:28,1
54150198,2026-08-29T17:00:14,2026-08-29T17:00:14,1
54150215,2026-08-05,2026-08-29T16:41:57,2
54150219,2026-08-29T17:04:06,2026-08-29T17:04:06,1
54150221,2026-08-05,2026-08-29T17:04:06,2
54150222,2026-08-05,2026-08-29T16:58:40,2
54150388,2026-08-29T16:58:28,2026-08-29T16:58:28,1
54150423,2026-08-05,2026-08-29T16:30:37,2
54150502,2026-08-29T16:31:27,2026-08-29T16:31:27,1
54150597,2026-08-29T16:56:39,2026-08-29T16:56:39,1
54150621,2026-08-05,2026-08-29T17:05:45,2
54150681,2026-08-29T16:51:16,2026-08-29T16:51:16,1
54150891,2026-08-05,2026-08-29T17:10:52,2
54150917,2026-08-29T16:56:39,2026-08-29T16:56:39,1
54150956,2026-08-29T16:41:18,2026-08-29T16:41:18,1
54150979,2026-08-05,2026-08-29T17:01:41,2
54150981,2026-08-05,2026-08-29T17:05:54,2
54150987,2026-08-05,2026-08-29T16:32:32,2
54150998,2026-08-05,2026-08-29T16:30:41,2
54151139,2026-08-29T16:54:38,2026-08-29T16:54:38,1
54151147,2026-08-29T16:45:02,2026-08-29T16:45:02,1
54151171,2026-08-29T16:31:44,2026-08-29T16:31:44,1
54151176,2026-08-29T16:32:16,2026-08-29T16:32:16,1
54151214,2026-08-29T16:30:34,2026-08-29T16:30:34,1
54151224,2026-08-29T16:44:13,2026-08-29T16:44:13,1
54151257,2026-08-29T16:37:54,2026-08-29T16:37:54,1
54151294,2026-08-29T16:34:02,2026-08-29T16:34:02,1
54151352,2026-08-05,2026-08-29T16:49:47,2
54151499,2026-08-05,2026-08-29T17:10:44,2
54152009,2026-08-29T17:03:57,2026-08-29T17:03:57,1
54152162,2026-08-05,2026-08-29T16:49:27,2
54152261,2026-08-05,2026-08-29T16:56:02,2
54152283,2026-08-05,2026-08-29T16:30:52,2
54152310,2026-08-29T16:56:02,2026-08-29T16:56:02,1
54152316,2026-08-29T17:04:55,2026-08-29T17:04:55,1
54152365,2026-08-05,2026-08-29T16:29:04,2
54152379,2026-08-29T16:55:59,2026-08-29T16:55:59,1
54152383,2026-08-05,2026-08-29T16:50:44,2
54152406,2026-08-29T16:56:02,2026-08-29T16:56:02,1
54152426,2026-08-05,2026-08-29T16:37:10,2
54152482,2026-08-05,2026-08-29T16:30:19,2
54152563,2026-08-05,2026-08-29T16:43:30,2
54152637,2026-08-05,2026-08-29T16:48:37,2
54152649,2026-08-05,2026-08-29T16:48:37,2
54153020,2026-08-05,2026-08-29T17:02:02,2
54153359,2026-08-05,2026-08-29T17:02:02,2
54153736,2026-08-05,2026-08-29T17:11:15,2
54153741,2026-08-05,2026-08-29T16:30:15,2
54153757,2026-08-05,2026-08-29T16:29:28,2
54153783,2026-08-29T16:50:41,2026-08-29T16:50:41,1
54153821,2026-08-05,2026-08-29T16:32:22,2
54153873,2026-08-05,2026-08-29T16:45:02,2
54153931,2026-08-29T17:03:48,2026-08-29T17:03:48,1
54153992,2026-08-05,2026-08-29T16:32:22,2
54154048,2026-08-05,2026-08-29T16:32:22,2
54154065,2026-08-29T16:50:41,2026-08-29T16:50:41,1
54154074,2026-08-29T16:38:24,2026-08-29T16:38:24,1
54154083,2026-08-29T16:38:24,2026-08-29T16:38:24,1
54154129,2026-08-29T17:03:42,2026-08-29T17:03:42,1
54154175,2026-08-29T17:02:55,2026-08-29T17:02:55,1
54154422,2026-08-29T16:35:43,2026-08-29T16:35:43,1
54154519,2026-08-05,2026-08-29T16:33:33,2
54154570,2026-08-29T16:38:59,2026-08-29T16:38:59,1
54154642,2026-08-29T16:57:34,2026-08-29T16:57:34,1
54154648,2026-08-05,2026-08-29T16:29:20,2
54154691,2026-08-29T16:35:03,2026-08-29T16:35:03,1
54154712,2026-08-05,2026-08-29T16:35:03,2
54154735,2026-08-05,2026-08-29T16:38:10,2
54154818,2026-08-05,2026-08-29T17:11:25,2
54154841,2026-08-29T16:34:02,2026-08-29T16:34:02,1
54154851,2026-08-05,2026-08-29T16:38:14,2
54154951,2026-08-29T16:47:16,2026-08-29T16:47:16,1
54154954,2026-08-05,2026-08-29T17:09:41,2
54154991,2026-08-29T16:40:02,2026-08-29T16:40:02,1
54155093,2026-08-29T16:46:19,2026-08-29T16:46:19,1
54155104,2026-08-29T16:47:16,2026-08-29T16:47:16,1
54155214,2026-08-05,2026-08-29T17:09:02,2
54155223,2026-08-05,2026-08-29T16:50:18,2
54155384,2026-08-05,2026-08-29T17:09:02,2
54155420,2026-08-05,2026-08-29T17:06:29,2
54155490,2026-08-29T16:53:02,2026-08-29T16:53:02,1
54155556,2026-08-29T16:50:18,2026-08-29T16:50:18,1
54155585,2026-08-29T16:42:39,2026-08-29T16:42:39,1
54155602,2026-08-05,2026-08-29T16:47:46,2
54155623,2026-08-05,2026-08-05,1
54155632,2026-08-29T16:32:56,2026-08-29T16:32:56,1
54155673,2026-08-05,2026-08-29T16:52:10,2
54155742,2026-08-05,2026-08-29T16:38:14,2
54155814,2026-08-29T16:54:08,2026-08-29T16:54:08,1
54155831,2026-08-05,2026-08-29T16:52:10,2
54155922,2026-08-05,2026-08-29T17:06:36,2
54155988,2026-08-29T17:04:22,2026-08-29T17:04:22,1
54156000,2026-08-29T17:04:58,2026-08-29T17:04:58,1
54156213,2026-08-05,2026-08-29T17:05:22,2
54156286,2026-08-29T16:47:16,2026-08-29T16:47:16,1
54156305,2026-08-29T16:38:55,2026-08-29T16:38:55,1
54156340,2026-08-05,2026-08-29T16:42:53,2
54156374,2026-08-05,2026-08-29T16:42:09,2
54156377,2026-08-05,2026-08-29T16:42:53,2
54156378,2026-08-29T16:47:16,2026-08-29T16:47:16,1
54156395,2026-08-05,2026-08-29T16:45:55,2
54156409,2026-08-05,2026-08-29T16:41:57,2
54156488,2026-08-05,2026-08-29T16:43:07,2
54156520,2026-08-29T16:56:05,2026-08-29T16:56:05,1
54156530,2026-08-05,2026-08-29T17:01:02,2
54156687,2026-08-05,2026-08-05,1
54156725,2026-08-29T16:56:39,2026-08-29T16:56:39,1
54156770,2026-08-05,2026-08-29T17:10:39,2
54156798,2026-08-05,2026-08-29T17:00:44,2
54156833,2026-08-05,2026-08-29T17:10:39,2
54156844,2026-08-05,2026-08-29T17:01:23,2
54156945,2026-08-05,2026-08-29T16:30:26,2
54156961,2026-08-29T16:28:56,2026-08-29T16:28:56,1
54156974,2026-08-29T16:38:51,2026-08-29T16:38:51,1
54156994,2026-08-29T16:29:00,2026-08-29T16:29:00,1
54157055,2026-08-29T16:29:00,2026-08-29T16:29:00,1
54157063,2026-08-29T16:29:00,2026-08-29T16:29:00,1
54157280,2026-08-05,2026-08-29T16:31:05,2
54157318,2026-08-29T16:58:30,2026-08-29T16:58:30,1
54157320,2026-08-05,2026-08-29T16:50:38,2
54157348,2026-08-05,2026-08-29T16:35:43,2
54157357,2026-08-05,2026-08-29T17:02:19,2
54157381,2026-08-05,2026-08-29T16:57:49,2
54157398,2026-08-05,2026-08-29T16:56:36,2
54157460,2026-08-05,2026-08-29T17:05:01,2
54157529,2026-08-29T16:40:02,2026-08-29T16:40:02,1
54157594,2026-08-29T16:48:43,2026-08-29T16:48:43,1
54157617,2026-08-05,2026-08-05,1
54157633,2026-08-05,2026-08-29T16:35:06,2
54157672,2026-08-05,2026-08-29T17:11:28,2
54157674,2026-08-05,2026-08-29T16:48:59,2
54158363,2026-08-05,2026-08-29T16:31:00,2
54158364,2026-08-29T16:31:00,2026-08-29T16:31:00,1
54158406,2026-08-29T17:04:00,2026-08-29T17:04:00,1
54158409,2026-08-29T17:04:00,2026-08-29T17:04:00,1
54158458,2026-08-05,2026-08-29T16:41:22,2
54158693,2026-08-29T16:51:58,2026-08-29T16:51:58,1
54158710,2026-08-29T16:55:37,2026-08-29T16:55:37,1
54158726,2026-08-05,2026-08-29T17:06:49,2
54158825,2026-08-29T17:04:00,2026-08-29T17:04:00,1
54158863,2026-08-05,2026-08-29T17:01:32,2
54158931,2026-08-05,2026-08-29T16:50:18,2
54159022,2026-08-05,2026-08-29T17:01:02,2
54159106,2026-08-29T16:48:37,2026-08-29T16:48:37,1
54159107,2026-08-29T16:53:53,2026-08-29T16:53:53,1
54159151,2026-08-05,2026-08-29T17:05:42,2
54159174,2026-08-05,2026-08-29T16:51:23,2
54159222,2026-08-29T16:33:15,2026-08-29T16:33:15,1
54159293,2026-08-29T16:34:47,2026-08-29T16:34:47,1
54159314,2026-08-29T16:32:56,2026-08-29T16:32:56,1
54159459,2026-08-29T16:53:02,2026-08-29T16:53:02,1
54159579,2026-08-05,2026-08-05,1
54159656,2026-08-05,2026-08-29T16:35:59,2
54159662,2026-08-05,2026-08-29T16:33:22,2
54159760,2026-08-05,2026-08-29T16:30:49,2
54159867,2026-08-29T16:51:55,2026-08-29T16:51:55,1
54160238,2026-08-05,2026-08-29T17:05:19,2
54160257,2026-08-05,2026-08-29T17:05:19,2
54160273,2026-08-29T17:04:22,2026-08-29T17:04:22,1
54160356,2026-08-29T16:44:47,2026-08-29T16:44:47,1
54160445,2026-08-05,2026-08-29T16:42:01,2
54160446,2026-08-05,2026-08-29T16:42:53,2
54160450,2026-08-05,2026-08-29T16:42:01,2
54160606,2026-08-05,2026-08-29T17:01:44,2
54160673,2026-08-05,2026-08-29T17:01:23,2
54160999,2026-08-29T16:42:16,2026-08-29T16:42:16,1
54161053,2026-08-05,2026-08-29T16:33:33,2
54162317,2026-08-05,2026-08-29T17:01:59,2
54162385,2026-08-05,2026-08-29T16:33:59,2
54162414,2026-08-05,2026-08-29T16:50:41,2
54162441,2026-08-29T17:02:52,2026-08-29T17:02:52,1
54162478,2026-08-29T17:04:43,2026-08-29T17:04:43,1
54162481,2026-08-29T17:04:43,2026-08-29T17:04:43,1
54162740,2026-08-29T16:33:59,2026-08-29T16:33:59,1
54162892,2026-08-29T17:00:26,2026-08-29T17:00:26,1
54163273,2026-08-05,2026-08-29T16:47:10,2
54163640,2026-08-05,2026-08-29T16:46:19,2
54163653,2026-08-05,2026-08-29T16:32:26,2
54163670,2026-08-29T16:53:22,2026-08-29T16:53:22,1
54163807,2026-08-29T17:04:00,2026-08-29T17:04:00,1
54163823,2026-08-05,2026-08-29T16:47:46,2
54163858,2026-08-29T16:58:25,2026-08-29T16:58:25,1
54163881,2026-08-05,2026-08-29T16:45:36,2
54163957,2026-08-05,2026-08-05,1
54164092,2026-08-05,2026-08-29T16:29:28,2
54164222,2026-08-05,2026-08-29T17:01:47,2
54164275,2026-08-05,2026-08-29T16:49:33,2
54164426,2026-08-29T17:02:52,2026-08-29T17:02:52,1
54164457,2026-08-05,2026-08-29T17:00:35,2
54164467,2026-08-05,2026-08-29T16:49:02,2
54164521,2026-08-05,2026-08-29T16:56:46,2
54164556,2026-08-29T16:55:34,2026-08-29T16:55:34,1
54164567,2026-08-05,2026-08-29T16:56:46,2
54164600,2026-08-05,2026-08-29T16:46:10,2
54164640,2026-08-05,2026-08-05,1
54164672,2026-08-29T16:55:34,2026-08-29T16:55:34,1
54164681,2026-08-05,2026-08-05,1
54164727,2026-08-05,2026-08-29T17:05:13,2
54164742,2026-08-05,2026-08-29T16:49:27,2
54164814,2026-08-29T16:59:58,2026-08-29T16:59:58,1
54164904,2026-08-29T16:59:58,2026-08-29T16:59:58,1
54165117,2026-08-29T16:55:52,2026-08-29T16:55:52,1
54165148,2026-08-29T16:55:56,2026-08-29T16:55:56,1
54165202,2026-08-05,2026-08-29T17:10:27,2
54165212,2026-08-05,2026-08-29T16:57:06,2
54165264,2026-08-05,2026-08-29T17:00:35,2
54165415,2026-08-05,2026-08-29T16:43:36,2
54165445,2026-08-29T16:40:58,2026-08-29T16:40:58,1
54165534,2026-08-05,2026-08-29T16:48:56,2
54165560,2026-08-29T16:42:16,2026-08-29T16:42:16,1
54165628,2026-08-29T16:42:16,2026-08-29T16:42:16,1
54165704,2026-08-05,2026-08-05,1
54165962,2026-08-29T16:55:06,2026-08-29T16:55:06,1
54165976,2026-08-29T16:57:00,2026-08-29T16:57:00,1
54166046,2026-08-29T17:04:10,2026-08-29T17:04:10,1
54166227,2026-08-05,2026-08-29T17:01:23,2
54166235,2026-08-05,2026-08-29T17:01:23,2
54166241,2026-08-05,2026-08-29T17:01:20,2
54166484,2026-08-05,2026-08-29T16:44:59,2
54166536,2026-08-05,2026-08-29T16:46:16,2
54166551,2026-08-05,2026-08-29T16:46:16,2
54166786,2026-08-05,2026-08-29T17:01:29,2
54167128,2026-08-05,2026-08-29T16:43:26,2
54167161,2026-08-29T16:53:25,2026-08-29T16:53:25,1
54167701,2026-08-29T16:40:58,2026-08-29T16:40:58,1
54168190,2026-08-05,2026-08-29T17:06:12,2
54168196,2026-08-29T16:51:58,2026-08-29T16:51:58,1
54168235,2026-08-29T16:36:10,2026-08-29T16:36:10,1
54168245,2026-08-29T16:36:07,2026-08-29T16:36:07,1
54168247,2026-08-29T17:03:42,2026-08-29T17:03:42,1
54168290,2026-08-29T16:51:06,2026-08-29T16:51:06,1
54168316,2026-08-29T16:57:31,2026-08-29T16:57:31,1
54168379,2026-08-05,2026-08-29T16:52:02,2
54168385,2026-08-05,2026-08-05,1
54168386,2026-08-05,2026-08-05,1
54168387,2026-08-05,2026-08-05,1
54168388,2026-08-29T16:31:13,2026-08-29T16:31:13,1
54168403,2026-08-05,2026-08-29T16:51:46,2
54168492,2026-08-05,2026-08-29T17:00:53,2
54168501,2026-08-29T16:52:02,2026-08-29T16:52:02,1
54168502,2026-08-29T16:56:32,2026-08-29T16:56:32,1
54168503,2026-08-29T16:56:32,2026-08-29T16:56:32,1
54168504,2026-08-29T16:31:13,2026-08-29T16:31:13,1
54168563,2026-08-05,2026-08-29T16:32:32,2
54168607,2026-08-29T16:54:35,2026-08-29T16:54:35,1
54168610,2026-08-05,2026-08-29T16:44:50,2
54168665,2026-08-29T16:54:35,2026-08-29T16:54:35,1
54168723,2026-08-05,2026-08-29T17:08:34,2
54168742,2026-08-29T16:55:06,2026-08-29T16:55:06,1
54168747,2026-08-29T16:58:09,2026-08-29T16:58:09,1
54168786,2026-08-29T16:56:23,2026-08-29T16:56:23,1
54169067,2026-08-05,2026-08-29T16:41:02,2
54169216,2026-08-29T17:03:42,2026-08-29T17:03:42,1
54169358,2026-08-05,2026-08-05,1
54169367,2026-08-05,2026-08-29T16:37:28,2
54169403,2026-08-05,2026-08-05,1
54169494,2026-08-05,2026-08-05,1
54169605,2026-08-29T16:59:14,2026-08-29T16:59:14,1
54169760,2026-08-05,2026-08-29T17:10:55,2
54170035,2026-08-05,2026-08-29T17:00:53,2
54170198,2026-08-29T17:03:45,2026-08-29T17:03:45,1
54170247,2026-08-29T16:30:15,2026-08-29T16:30:15,1
54170272,2026-08-29T16:30:15,2026-08-29T16:30:15,1
54170319,2026-08-29T16:52:29,2026-08-29T16:52:29,1
54170339,2026-08-05,2026-08-29T17:01:20,2
54170393,2026-08-05,2026-08-05,1
54170408,2026-08-05,2026-08-29T16:44:40,2
54170429,2026-08-05,2026-08-29T17:01:20,2
54170433,2026-08-05,2026-08-29T16:45:15,2
54170719,2026-08-05,2026-08-29T17:10:39,2
54170765,2026-08-05,2026-08-29T17:10:58,2
54170770,2026-08-05,2026-08-29T17:09:09,2
54170794,2026-08-05,2026-08-29T17:10:58,2
54170800,2026-08-05,2026-08-29T16:35:47,2
54170966,2026-08-05,2026-08-29T17:12:19,2
54171320,2026-08-29T16:56:11,2026-08-29T16:56:11,1
54171616,2026-08-05,2026-08-29T17:08:34,2
54171630,2026-08-05,2026-08-29T17:00:53,2
54171912,2026-08-05,2026-08-29T17:01:29,2
54172205,2026-08-05,2026-08-29T16:35:59,2
54172274,2026-08-29T16:55:56,2026-08-29T16:55:56,1
54172350,2026-08-29T17:03:48,2026-08-29T17:03:48,1
54173161,2026-08-05,2026-08-05,1
54173193,2026-08-05,2026-08-29T16:33:05,2
54173299,2026-08-29T16:55:12,2026-08-29T16:55:12,1
54173361,2026-08-05,2026-08-29T16:37:24,2
54173434,2026-08-05,2026-08-05,1
54173499,2026-08-05,2026-08-29T17:01:44,2
54173576,2026-08-29T16:46:19,2026-08-29T16:46:19,1
54173585,2026-08-29T16:53:22,2026-08-29T16:53:22,1
54173908,2026-08-05,2026-08-29T16:41:06,2
54173956,2026-08-05,2026-08-29T16:51:23,2
54174234,2026-08-05,2026-08-29T17:01:20,2
54174291,2026-08-05,2026-08-29T17:07:22,2
54174372,2026-08-05,2026-08-29T16:29:43,2
54174456,2026-08-29T16:41:18,2026-08-29T16:41:18,1
54174479,2026-08-29T16:35:51,2026-08-29T16:35:51,1
54174543,2026-08-05,2026-08-29T16:51:13,2
54174662,2026-08-05,2026-08-29T16:41:48,2
54174686,2026-08-29T16:29:43,2026-08-29T16:29:43,1
54174699,2026-08-29T17:04:34,2026-08-29T17:04:34,1
54174716,2026-08-29T16:59:02,2026-08-29T16:59:02,1
54174811,2026-08-05,2026-08-29T16:42:12,2
54174889,2026-08-05,2026-08-29T16:30:30,2
54174910,2026-08-05,2026-08-29T16:44:40,2
54174949,2026-08-05,2026-08-05,1
54175144,2026-08-29T16:39:14,2026-08-29T16:39:14,1
54175351,2026-08-29T16:35:09,2026-08-29T16:35:09,1
54175353,2026-08-29T16:46:19,2026-08-29T16:46:19,1
54175389,2026-08-05,2026-08-29T16:51:46,2
54175478,2026-08-05,2026-08-29T16:35:55,2
54175678,2026-08-29T17:08:34,2026-08-29T17:08:34,1
54175717,2026-08-29T16:49:36,2026-08-29T16:49:36,1
54175748,2026-08-29T16:59:43,2026-08-29T16:59:43,1
54175767,2026-08-05,2026-08-29T16:29:24,2
54175775,2026-08-05,2026-08-29T16:31:57,2
54175785,2026-08-05,2026-08-29T16:31:57,2
54175786,2026-08-29T16:58:12,2026-08-29T16:58:12,1
54175795,2026-08-05,2026-08-29T16:31:54,2
54175797,2026-08-05,2026-08-29T16:31:54,2
54175809,2026-08-05,2026-08-29T16:31:54,2
54175811,2026-08-05,2026-08-29T16:31:54,2
54175819,2026-08-05,2026-08-29T16:31:51,2
54175820,2026-08-05,2026-08-29T16:31:51,2
54175821,2026-08-29T16:49:36,2026-08-29T16:49:36,1
54175838,2026-08-05,2026-08-29T16:31:54,2
54175843,2026-08-05,2026-08-29T16:31:57,2
54175849,2026-08-05,2026-08-29T16:32:26,2
54175864,2026-08-05,2026-08-29T16:31:57,2
54175905,2026-08-29T16:56:43,2026-08-29T16:56:43,1
54175906,2026-08-29T16:58:21,2026-08-29T16:58:21,1
54175907,2026-08-05,2026-08-29T16:51:52,2
54175938,2026-08-05,2026-08-29T16:31:57,2
54175945,2026-08-05,2026-08-29T16:31:44,2
54175946,2026-08-05,2026-08-29T16:31:44,2
54175958,2026-08-05,2026-08-29T16:31:47,2
54176200,2026-08-05,2026-08-29T16:50:51,2
54176238,2026-08-05,2026-08-29T16:50:51,2
54176283,2026-08-05,2026-08-29T16:37:13,2
54176441,2026-08-05,2026-08-29T16:50:51,2
54176593,2026-08-29T17:04:28,2026-08-29T17:04:28,1
54176963,2026-08-29T16:56:43,2026-08-29T16:56:43,1
54177241,2026-08-05,2026-08-29T16:31:54,2
54177247,2026-08-29T16:57:43,2026-08-29T16:57:43,1
54177585,2026-08-29T16:48:37,2026-08-29T16:48:37,1
54177586,2026-08-29T16:48:40,2026-08-29T16:48:40,1
54177587,2026-08-29T16:48:40,2026-08-29T16:48:40,1
54177708,2026-08-05,2026-08-29T16:50:08,2
54177917,2026-08-05,2026-08-29T16:48:11,2
54178426,2026-08-05,2026-08-29T16:40:43,2
54178842,2026-08-05,2026-08-29T16:37:21,2
54178901,2026-08-05,2026-08-29T17:01:17,2
54178912,2026-08-29T16:59:58,2026-08-29T16:59:58,1
54178916,2026-08-29T16:55:59,2026-08-29T16:55:59,1
54178927,2026-08-29T16:31:09,2026-08-29T16:31:09,1
54178938,2026-08-29T16:50:41,2026-08-29T16:50:41,1
54178943,2026-08-05,2026-08-29T16:51:39,2
54178951,2026-08-29T17:08:28,2026-08-29T17:08:28,1
54178956,2026-08-05,2026-08-29T16:37:32,2
54179034,2026-08-29T16:32:03,2026-08-29T16:32:03,1
54179243,2026-08-05,2026-08-29T16:35:09,2
54179261,2026-08-05,2026-08-29T16:47:22,2
54179320,2026-08-29T16:48:37,2026-08-29T16:48:37,1
54179329,2026-08-05,2026-08-29T16:35:09,2
54179353,2026-08-05,2026-08-29T16:30:19,2
54179363,2026-08-05,2026-08-29T16:50:51,2
54179370,2026-08-05,2026-08-29T16:50:51,2
54179377,2026-08-05,2026-08-29T16:50:51,2
54179387,2026-08-05,2026-08-29T16:37:13,2
54179399,2026-08-05,2026-08-29T16:35:13,2
54179426,2026-08-05,2026-08-29T16:30:55,2
54179458,2026-08-05,2026-08-29T16:35:13,2
54179479,2026-08-05,2026-08-29T16:35:13,2
54179488,2026-08-05,2026-08-29T17:02:34,2
54179501,2026-08-05,2026-08-29T16:41:48,2
54179521,2026-08-05,2026-08-29T16:41:48,2
54179541,2026-08-05,2026-08-29T16:41:48,2
54179546,2026-08-05,2026-08-29T16:44:40,2
54179559,2026-08-05,2026-08-29T16:41:48,2
54179590,2026-08-05,2026-08-29T16:29:39,2
54179607,2026-08-05,2026-08-29T16:33:19,2
54179670,2026-08-29T16:33:39,2026-08-29T16:33:39,1
54179674,2026-08-05,2026-08-29T16:43:30,2
54179683,2026-08-29T16:33:36,2026-08-29T16:33:36,1
54179697,2026-08-05,2026-08-29T16:41:48,2
54179777,2026-08-29T16:33:36,2026-08-29T16:33:36,1
54180054,2026-08-05,2026-08-29T16:41:48,2
54180096,2026-08-05,2026-08-29T16:41:52,2
54180100,2026-08-05,2026-08-29T16:35:51,2
54180134,2026-08-05,2026-08-29T16:41:52,2
54180153,2026-08-29T16:35:16,2026-08-29T16:35:16,1
54180164,2026-08-29T16:52:58,2026-08-29T16:52:58,1
54180166,2026-08-29T16:41:52,2026-08-29T16:41:52,1
54180182,2026-08-05,2026-08-05,1
54180196,2026-08-05,2026-08-29T16:41:52,2
54180241,2026-08-29T16:41:57,2026-08-29T16:41:57,1
54180245,2026-08-29T16:35:16,2026-08-29T16:35:16,1
54180264,2026-08-05,2026-08-29T16:41:57,2
54180268,2026-08-29T16:33:22,2026-08-29T16:33:22,1
54180309,2026-08-05,2026-08-29T16:33:22,2
54180367,2026-08-05,2026-08-29T16:41:57,2
54180386,2026-08-05,2026-08-29T16:41:57,2
54180413,2026-08-05,2026-08-29T16:41:57,2
54180437,2026-08-05,2026-08-29T16:42:01,2
54180483,2026-08-05,2026-08-29T17:01:26,2
54180679,2026-08-05,2026-08-29T16:44:16,2
54180680,2026-08-05,2026-08-29T16:46:22,2
54180833,2026-08-05,2026-08-29T16:44:40,2
54180984,2026-08-29T16:41:18,2026-08-29T16:41:18,1
54181004,2026-08-05,2026-08-05,1
54181077,2026-08-05,2026-08-29T16:47:53,2
54181258,2026-08-05,2026-08-05,1
54181453,2026-08-29T16:51:03,2026-08-29T16:51:03,1
54181568,2026-08-05,2026-08-29T16:32:06,2
54181876,2026-08-05,2026-08-29T16:43:46,2
54181937,2026-08-05,2026-08-29T16:31:47,2
54182081,2026-08-29T16:43:39,2026-08-29T16:43:39,1
54182428,2026-08-29T16:30:04,2026-08-29T16:30:04,1
54182444,2026-08-29T16:36:10,2026-08-29T16:36:10,1
54182470,2026-08-29T17:04:55,2026-08-29T17:04:55,1
54182526,2026-08-29T16:34:47,2026-08-29T16:34:47,1
54182560,2026-08-29T17:04:22,2026-08-29T17:04:22,1
54182561,2026-08-29T16:58:52,2026-08-29T16:58:52,1
54182678,2026-08-05,2026-08-29T16:56:49,2
54183346,2026-08-05,2026-08-05,1
54183349,2026-08-29T16:32:00,2026-08-29T16:32:00,1
54183351,2026-08-29T16:37:24,2026-08-29T16:37:24,1
54183464,2026-08-05,2026-08-29T16:49:27,2
54183465,2026-08-05,2026-08-29T16:50:18,2
54183466,2026-08-05,2026-08-29T16:49:27,2
54183914,2026-08-05,2026-08-29T16:43:07,2
54183923,2026-08-05,2026-08-29T17:04:00,2
54184233,2026-08-05,2026-08-29T17:05:22,2
54184254,2026-08-05,2026-08-29T17:07:07,2
54184260,2026-08-05,2026-08-29T16:50:51,2
54184261,2026-08-05,2026-08-29T16:50:51,2
54184263,2026-08-05,2026-08-29T16:50:51,2
54184278,2026-08-05,2026-08-29T16:50:51,2
54185007,2026-08-05,2026-08-29T16:51:13,2
54185043,2026-08-29T16:58:55,2026-08-29T16:58:55,1
54185256,2026-08-05,2026-08-29T16:31:47,2
54185259,2026-08-05,2026-08-29T16:31:47,2
54185286,2026-08-29T17:03:45,2026-08-29T17:03:45,1
54185305,2026-08-05,2026-08-29T17:00:35,2
54185347,2026-08-05,2026-08-29T16:42:04,2
54185381,2026-08-29T16:57:00,2026-08-29T16:57:00,1
54185624,2026-08-29T16:41:18,2026-08-29T16:41:18,1
54185681,2026-08-29T16:35:19,2026-08-29T16:35:19,1
54185687,2026-08-29T16:47:16,2026-08-29T16:47:16,1
54185862,2026-08-29T16:39:18,2026-08-29T16:39:18,1
54185895,2026-08-05,2026-08-29T17:01:23,2
54186137,2026-08-29T16:48:34,2026-08-29T16:48:34,1
54186286,2026-08-05,2026-08-29T16:43:46,2
54186391,2026-08-05,2026-08-29T16:29:31,2
54186510,2026-08-05,2026-08-29T16:44:26,2
54186574,2026-08-29T17:04:03,2026-08-29T17:04:03,1
54186788,2026-08-29T17:04:40,2026-08-29T17:04:40,1
54186814,2026-08-05,2026-08-29T16:33:39,2
54187140,2026-08-05,2026-08-29T16:49:17,2
54187434,2026-08-29T16:53:12,2026-08-29T16:53:12,1
54187436,2026-08-05,2026-08-29T16:32:47,2
54187556,2026-08-05,2026-08-29T16:32:59,2
54187559,2026-08-29T16:51:58,2026-08-29T16:51:58,1
54187612,2026-08-05,2026-08-29T17:01:23,2
54187684,2026-08-29T17:03:48,2026-08-29T17:03:48,1
54187724,2026-08-29T16:38:20,2026-08-29T16:38:20,1
54187754,2026-08-05,2026-08-29T16:33:19,2
54187758,2026-08-29T16:32:26,2026-08-29T16:32:26,1
54187858,2026-08-05,2026-08-29T17:07:42,2
54187879,2026-08-05,2026-08-29T17:10:31,2
54187882,2026-08-05,2026-08-29T16:30:04,2
54187963,2026-08-05,2026-08-29T16:40:48,2
54187969,2026-08-29T16:31:09,2026-08-29T16:31:09,1
54187978,2026-08-29T16:38:28,2026-08-29T16:38:28,1
54188090,2026-08-05,2026-08-29T16:31:30,2
54188112,2026-08-05,2026-08-29T16:39:18,2
54188141,2026-08-05,2026-08-29T16:30:37,2
54188182,2026-08-05,2026-08-29T16:38:59,2
54188303,2026-08-29T16:48:49,2026-08-29T16:48:49,1
54188327,2026-08-29T16:52:19,2026-08-29T16:52:19,1
54188399,2026-08-05,2026-08-29T16:35:27,2
54188490,2026-08-29T16:36:07,2026-08-29T16:36:07,1
54188650,2026-08-29T16:38:24,2026-08-29T16:38:24,1
54188809,2026-08-29T16:32:35,2026-08-29T16:32:35,1
54188916,2026-08-05,2026-08-29T16:50:51,2
54188927,2026-08-29T16:58:33,2026-08-29T16:58:33,1
54188955,2026-08-29T16:39:51,2026-08-29T16:39:51,1
54188956,2026-08-29T16:38:32,2026-08-29T16:38:32,1
54188969,2026-08-29T16:35:19,2026-08-29T16:35:19,1
54189012,2026-08-05,2026-08-29T16:51:46,2
54189042,2026-08-05,2026-08-05,1
54189121,2026-08-29T16:32:32,2026-08-29T16:32:32,1
54189124,2026-08-29T16:32:28,2026-08-29T16:32:28,1
54189126,2026-08-29T16:35:19,2026-08-29T16:35:19,1
54189133,2026-08-29T16:35:19,2026-08-29T16:35:19,1
54189142,2026-08-05,2026-08-29T16:34:41,2
54189154,2026-08-05,2026-08-29T17:01:23,2
54189191,2026-08-29T16:55:43,2026-08-29T16:55:43,1
54189279,2026-08-05,2026-08-29T17:01:23,2
54189293,2026-08-29T16:37:39,2026-08-29T16:37:39,1
54189311,2026-08-05,2026-08-29T17:02:19,2
54189334,2026-08-29T16:37:43,2026-08-29T16:37:43,1
54189338,2026-08-29T16:37:39,2026-08-29T16:37:39,1
54189503,2026-08-05,2026-08-29T17:01:23,2
54189517,2026-08-05,2026-08-29T16:31:47,2
54189528,2026-08-29T17:02:37,2026-08-29T17:02:37,1
54189708,2026-08-29T16:56:02,2026-08-29T16:56:02,1
54189731,2026-08-05,2026-08-29T16:47:53,2
54189879,2026-08-05,2026-08-29T16:49:27,2
54189941,2026-08-05,2026-08-29T17:10:24,2
54189971,2026-08-05,2026-08-29T16:47:46,2
54189977,2026-08-05,2026-08-29T16:43:46,2
54189987,2026-08-05,2026-08-29T17:00:35,2
54190398,2026-08-05,2026-08-29T17:11:39,2
54190443,2026-08-05,2026-08-05,1
54190660,2026-08-29T16:51:26,2026-08-29T16:51:26,1
54190683,2026-08-29T16:53:09,2026-08-29T16:53:09,1
54190701,2026-08-29T16:30:15,2026-08-29T16:30:15,1
54190786,2026-08-29T16:43:42,2026-08-29T16:43:42,1
54190787,2026-08-29T17:04:28,2026-08-29T17:04:28,1
54191205,2026-08-05,2026-08-29T16:44:56,2
54191673,2026-08-29T16:30:07,2026-08-29T16:30:07,1
54191684,2026-08-29T16:43:20,2026-08-29T16:43:20,1
54191750,2026-08-29T17:02:55,2026-08-29T17:02:55,1
54191768,2026-08-05,2026-08-29T17:02:25,2
54191914,2026-08-29T16:55:12,2026-08-29T16:55:12,1
54192006,2026-08-05,2026-08-29T17:01:32,2
54192167,2026-08-29T16:57:06,2026-08-29T16:57:06,1
54192354,2026-08-29T17:04:40,2026-08-29T17:04:40,1
54192402,2026-08-05,2026-08-29T16:28:45,2
54192460,2026-08-29T16:58:59,2026-08-29T16:58:59,1
54192480,2026-08-29T16:58:59,2026-08-29T16:58:59,1
54192486,2026-08-05,2026-08-29T16:49:36,2
54192547,2026-08-29T16:37:39,2026-08-29T16:37:39,1
54192550,2026-08-29T16:35:03,2026-08-29T16:35:03,1
54192561,2026-08-29T16:37:39,2026-08-29T16:37:39,1
54192637,2026-08-05,2026-08-29T16:31:51,2
54192670,2026-08-29T16:33:15,2026-08-29T16:33:15,1
54192718,2026-08-29T16:52:55,2026-08-29T16:52:55,1
54192726,2026-08-29T16:37:39,2026-08-29T16:37:39,1
54192799,2026-08-29T16:31:00,2026-08-29T16:31:00,1
54192814,2026-08-29T16:31:09,2026-08-29T16:31:09,1
54192898,2026-08-05,2026-08-29T16:44:56,2
54192911,2026-08-29T16:48:02,2026-08-29T16:48:02,1
54193393,2026-08-05,2026-08-29T17:01:23,2
54193902,2026-08-05,2026-08-29T16:44:13,2
54193947,2026-08-05,2026-08-29T17:05:13,2
54193948,2026-08-05,2026-08-29T17:07:22,2
54193971,2026-08-29T16:30:52,2026-08-29T16:30:52,1
54194074,2026-08-29T16:52:39,2026-08-29T16:52:39,1
54194107,2026-08-29T17:00:23,2026-08-29T17:00:23,1
54194109,2026-08-05,2026-08-29T16:50:24,2
54194184,2026-08-05,2026-08-29T16:55:09,2
54194671,2026-08-05,2026-08-29T17:12:19,2
54194678,2026-08-05,2026-08-29T17:12:19,2
54194682,2026-08-05,2026-08-29T17:12:12,2
54194714,2026-08-05,2026-08-29T17:12:19,2
54194716,2026-08-05,2026-08-29T17:12:19,2
54195045,2026-08-29T17:03:30,2026-08-29T17:03:30,1
54195334,2026-08-29T16:52:10,2026-08-29T16:52:10,1
54195543,2026-08-05,2026-08-29T17:00:47,2
54195700,2026-08-05,2026-08-29T16:39:51,2
54195705,2026-08-29T16:55:52,2026-08-29T16:55:52,1
54195957,2026-08-05,2026-08-29T16:43:20,2
54196031,2026-08-05,2026-08-29T16:44:35,2
54196076,2026-08-05,2026-08-29T16:45:52,2
54196328,2026-08-05,2026-08-29T16:33:15,2
54196429,2026-08-05,2026-08-29T16:50:51,2
54196430,2026-08-05,2026-08-29T16:50:47,2
54196432,2026-08-05,2026-08-29T16:50:47,2
54196433,2026-08-05,2026-08-29T16:50:47,2
54196434,2026-08-05,2026-08-29T16:50:47,2
54196439,2026-08-05,2026-08-29T16:50:47,2
54196442,2026-08-05,2026-08-29T16:50:47,2
54196443,2026-08-05,2026-08-29T16:50:47,2
54196455,2026-08-05,2026-08-29T16:50:47,2
54196533,2026-08-05,2026-08-29T17:00:59,2
54196593,2026-08-05,2026-08-29T16:43:46,2
54196599,2026-08-29T16:31:05,2026-08-29T16:31:05,1
54196747,2026-08-05,2026-08-29T17:00:32,2
54196903,2026-08-29T16:51:13,2026-08-29T16:51:13,1
54197008,2026-08-05,2026-08-29T17:10:24,2
54197042,2026-08-05,2026-08-29T16:31:13,2
54197250,2026-08-05,2026-08-29T16:48:49,2
54197384,2026-08-05,2026-08-29T17:10:39,2
54197446,2026-08-29T16:59:11,2026-08-29T16:59:11,1
54197469,2026-08-29T16:51:49,2026-08-29T16:51:49,1
54197825,2026-08-29T17:03:42,2026-08-29T17:03:42,1
54197992,2026-08-05,2026-08-29T16:42:01,2
54198118,2026-08-05,2026-08-29T17:07:42,2
54198208,2026-08-05,2026-08-29T16:31:51,2
54198231,2026-08-05,2026-08-29T16:31:51,2
54198242,2026-08-05,2026-08-29T16:29:20,2
54198384,2026-08-05,2026-08-29T16:50:47,2
54198477,2026-08-29T16:52:55,2026-08-29T16:52:55,1
54198491,2026-08-29T16:39:51,2026-08-29T16:39:51,1
54198539,2026-08-05,2026-08-29T16:34:59,2
54198598,2026-08-29T16:37:24,2026-08-29T16:37:24,1
54198599,2026-08-05,2026-08-29T16:43:20,2
54198656,2026-08-29T16:53:15,2026-08-29T16:53:15,1
54198667,2026-08-29T16:53:35,2026-08-29T16:53:35,1
54198677,2026-08-05,2026-08-29T16:43:20,2
54198777,2026-08-05,2026-08-29T16:50:05,2
54199125,2026-08-05,2026-08-29T16:37:58,2
54199173,2026-08-29T16:37:28,2026-08-29T16:37:28,1
54199330,2026-08-29T16:34:16,2026-08-29T16:34:16,1
54200032,2026-08-05,2026-08-29T16:46:31,2
54200042,2026-08-05,2026-08-29T16:46:34,2
54200340,2026-08-05,2026-08-29T17:07:01,2
54200676,2026-08-29T16:37:51,2026-08-29T16:37:51,1
54201089,2026-08-29T17:05:07,2026-08-29T17:05:07,1
54201115,2026-08-29T16:52:10,2026-08-29T16:52:10,1
54201156,2026-08-29T16:55:46,2026-08-29T16:55:46,1
54201553,2026-08-05,2026-08-29T16:53:44,2
54201570,2026-08-05,2026-08-29T16:33:59,2
54201623,2026-08-05,2026-08-29T17:02:25,2
54201642,2026-08-29T17:05:04,2026-08-29T17:05:04,1
54201675,2026-08-05,2026-08-29T16:35:09,2
54201693,2026-08-05,2026-08-29T17:01:32,2
54201746,2026-08-05,2026-08-05,1
54201804,2026-08-05,2026-08-29T16:33:22,2
54201859,2026-08-05,2026-08-29T16:37:17,2
54201926,2026-08-05,2026-08-29T17:09:14,2
54201997,2026-08-29T16:38:24,2026-08-29T16:38:24,1
54202250,2026-08-29T16:37:39,2026-08-29T16:37:39,1
54202323,2026-08-05,2026-08-29T17:10:24,2
54202419,2026-08-29T16:30:04,2026-08-29T16:30:04,1
54202627,2026-08-29T17:02:58,2026-08-29T17:02:58,1
54202874,2026-08-05,2026-08-29T16:35:03,2
54203073,2026-08-29T17:04:28,2026-08-29T17:04:28,1
54203108,2026-08-29T16:57:03,2026-08-29T16:57:03,1
54203111,2026-08-05,2026-08-29T17:01:23,2
54203168,2026-08-05,2026-08-29T17:02:16,2
54203358,2026-08-05,2026-08-29T17:01:08,2
54203406,2026-08-05,2026-08-29T16:31:21,2
54203505,2026-08-05,2026-08-29T16:32:44,2
54203579,2026-08-05,2026-08-29T16:35:19,2
54203748,2026-08-05,2026-08-29T16:34:47,2
54203816,2026-08-05,2026-08-29T16:34:47,2
54203855,2026-08-29T16:59:29,2026-08-29T16:59:29,1
54203953,2026-08-29T17:02:40,2026-08-29T17:02:40,1
54204035,2026-08-29T16:35:31,2026-08-29T16:35:31,1
54204218,2026-08-29T16:58:21,2026-08-29T16:58:21,1
54204220,2026-08-29T16:31:38,2026-08-29T16:31:38,1
54204450,2026-08-05,2026-08-29T16:31:41,2
54204471,2026-08-05,2026-08-29T16:29:24,2
54204472,2026-08-05,2026-08-29T16:31:41,2
54204515,2026-08-05,2026-08-29T16:29:24,2
54204517,2026-08-05,2026-08-29T16:31:41,2
54204605,2026-08-05,2026-08-29T16:37:10,2
54204621,2026-08-29T16:55:06,2026-08-29T16:55:06,1
54204636,2026-08-05,2026-08-29T16:37:10,2
54204638,2026-08-05,2026-08-29T16:37:13,2
54204737,2026-08-29T16:53:44,2026-08-29T16:53:44,1
54205222,2026-08-29T16:55:06,2026-08-29T16:55:06,1
54205466,2026-08-29T16:30:04,2026-08-29T16:30:04,1
54205474,2026-08-29T16:38:59,2026-08-29T16:38:59,1
54205593,2026-08-05,2026-08-29T16:39:58,2
54205602,2026-08-29T16:58:30,2026-08-29T16:58:30,1
54205736,2026-08-05,2026-08-05,1
54206169,2026-08-05,2026-08-29T16:48:34,2
54206309,2026-08-29T16:58:59,2026-08-29T16:58:59,1
54206434,2026-08-05,2026-08-29T16:29:39,2
54207046,2026-08-05,2026-08-29T16:45:39,2
54207066,2026-08-05,2026-08-29T17:10:39,2
54207385,2026-08-05,2026-08-05,1
54207389,2026-08-29T17:04:34,2026-08-29T17:04:34,1
54207595,2026-08-05,2026-08-29T17:11:19,2
54207678,2026-08-05,2026-08-29T16:29:04,2
54207766,2026-08-05,2026-08-05,1
54207802,2026-08-05,2026-08-29T16:51:39,2
54208046,2026-08-05,2026-08-05,1
54208222,2026-08-05,2026-08-29T17:02:28,2
54208281,2026-08-29T16:37:43,2026-08-29T16:37:43,1
54208378,2026-08-05,2026-08-29T16:55:25,2
54208420,2026-08-05,2026-08-29T16:32:44,2
54208431,2026-08-29T16:51:13,2026-08-29T16:51:13,1
54208440,2026-08-05,2026-08-29T16:35:19,2
54208454,2026-08-05,2026-08-29T16:31:17,2
54208539,2026-08-05,2026-08-29T16:29:39,2
54208618,2026-08-05,2026-08-29T17:02:02,2
54208639,2026-08-05,2026-08-05,1
54208726,2026-08-05,2026-08-29T16:59:32,2
54208733,2026-08-29T16:57:06,2026-08-29T16:57:06,1
54208950,2026-08-29T17:04:22,2026-08-29T17:04:22,1
54209088,2026-08-29T16:55:56,2026-08-29T16:55:56,1
54209144,2026-08-05,2026-08-29T16:42:01,2
54209146,2026-08-05,2026-08-29T16:42:53,2
54209274,2026-08-05,2026-08-29T16:42:01,2
54209360,2026-08-29T16:56:14,2026-08-29T16:56:14,1
54209454,2026-08-29T16:56:32,2026-08-29T16:56:32,1
54209515,2026-08-29T16:57:12,2026-08-29T16:57:12,1
54209746,2026-08-05,2026-08-29T17:06:29,2
54209812,2026-08-29T16:41:27,2026-08-29T16:41:27,1
54209862,2026-08-05,2026-08-29T16:37:24,2
54209917,2026-08-05,2026-08-29T17:00:53,2
54210017,2026-08-05,2026-08-29T16:33:39,2
54210167,2026-08-29T17:03:33,2026-08-29T17:03:33,1
54210465,2026-08-05,2026-08-29T16:38:02,2
54210620,2026-08-05,2026-08-29T17:05:42,2
54210683,2026-08-29T16:42:20,2026-08-29T16:42:20,1
54210721,2026-08-05,2026-08-29T16:31:41,2
54210731,2026-08-05,2026-08-29T16:50:47,2
54210737,2026-08-05,2026-08-29T16:50:47,2
54210870,2026-08-05,2026-08-29T16:34:53,2
54211140,2026-08-05,2026-08-29T16:49:44,2
54211177,2026-08-05,2026-08-29T17:02:28,2
54211227,2026-08-29T17:04:00,2026-08-29T17:04:00,1
54211671,2026-08-05,2026-08-05,1
54211697,2026-08-05,2026-08-05,1
54212408,2026-08-05,2026-08-29T16:45:39,2
54212436,2026-08-05,2026-08-29T16:45:39,2
54212438,2026-08-05,2026-08-29T16:30:34,2
54212495,2026-08-05,2026-08-29T17:02:25,2
54212496,2026-08-05,2026-08-29T17:02:25,2
54212525,2026-08-29T17:04:31,2026-08-29T17:04:31,1
54212679,2026-08-05,2026-08-05,1
54212983,2026-08-05,2026-08-29T16:44:02,2
54213018,2026-08-29T16:55:56,2026-08-29T16:55:56,1
54213034,2026-08-29T17:00:08,2026-08-29T17:00:08,1
54213083,2026-08-29T16:55:56,2026-08-29T16:55:56,1
54213157,2026-08-29T17:00:08,2026-08-29T17:00:08,1
54213170,2026-08-29T17:04:46,2026-08-29T17:04:46,1
54213319,2026-08-05,2026-08-29T16:47:13,2
54213460,2026-08-05,2026-08-29T16:31:13,2
54213503,2026-08-05,2026-08-29T17:07:17,2
54213505,2026-08-29T17:04:00,2026-08-29T17:04:00,1
54213528,2026-08-05,2026-08-29T17:06:29,2
54213574,2026-08-05,2026-08-29T17:00:35,2
54213578,2026-08-29T16:37:51,2026-08-29T16:37:51,1
54213644,2026-08-05,2026-08-05,1
54213648,2026-08-05,2026-08-29T17:00:35,2
54213655,2026-08-29T16:53:28,2026-08-29T16:53:28,1
54213805,2026-08-05,2026-08-29T17:09:02,2
54214223,2026-08-05,2026-08-29T16:51:26,2
54214333,2026-08-29T16:56:11,2026-08-29T16:56:11,1
54214539,2026-08-29T16:57:40,2026-08-29T16:57:40,1
54214918,2026-08-29T17:00:08,2026-08-29T17:00:08,1
54215126,2026-08-05,2026-08-29T17:05:10,2
54215132,2026-08-05,2026-08-29T16:48:14,2
54215154,2026-08-05,2026-08-29T17:05:22,2
54215283,2026-08-05,2026-08-29T16:28:45,2
54215596,2026-08-05,2026-08-29T16:31:44,2
54215598,2026-08-05,2026-08-29T16:31:44,2
54215612,2026-08-05,2026-08-29T16:50:47,2
54215621,2026-08-05,2026-08-29T16:50:47,2
54215624,2026-08-05,2026-08-29T16:50:47,2
54215632,2026-08-05,2026-08-29T16:50:47,2
54215634,2026-08-05,2026-08-29T16:50:47,2
54215829,2026-08-05,2026-08-29T16:54:35,2
54215909,2026-08-05,2026-08-05,1
54215961,2026-08-05,2026-08-29T16:49:54,2
54216000,2026-08-05,2026-08-05,1
54216188,2026-08-05,2026-08-29T17:11:11,2
54216219,2026-08-05,2026-08-29T17:10:47,2
54216226,2026-08-05,2026-08-29T16:46:57,2
54216267,2026-08-05,2026-08-29T17:07:32,2
54216767,2026-08-05,2026-08-29T16:49:39,2
54217094,2026-08-05,2026-08-29T16:43:59,2
54217154,2026-08-05,2026-08-29T16:45:49,2
54217210,2026-08-05,2026-08-29T17:06:49,2
54217376,2026-08-29T16:43:04,2026-08-29T16:43:04,1
54217384,2026-08-29T16:43:04,2026-08-29T16:43:04,1
54217385,2026-08-29T16:53:44,2026-08-29T16:53:44,1
54217389,2026-08-29T16:53:44,2026-08-29T16:53:44,1
54217393,2026-08-29T16:53:44,2026-08-29T16:53:44,1
54217457,2026-08-29T17:04:16,2026-08-29T17:04:16,1
54217459,2026-08-05,2026-08-29T16:47:19,2
54217561,2026-08-29T17:00:08,2026-08-29T17:00:08,1
54217568,2026-08-29T16:58:28,2026-08-29T16:58:28,1
54217569,2026-08-29T16:58:28,2026-08-29T16:58:28,1
54217570,2026-08-29T16:58:28,2026-08-29T16:58:28,1
54217818,2026-08-05,2026-08-29T16:46:04,2
54217851,2026-08-05,2026-08-29T17:01:53,2
54218079,2026-08-29T16:32:22,2026-08-29T16:32:22,1
54218182,2026-08-05,2026-08-29T16:56:14,2
54218333,2026-08-29T17:03:39,2026-08-29T17:03:39,1
54218372,2026-08-29T17:04:46,2026-08-29T17:04:46,1
54218493,2026-08-05,2026-08-29T16:42:01,2
54218577,2026-08-29T17:02:46,2026-08-29T17:02:46,1
54218585,2026-08-05,2026-08-29T16:40:48,2
54218588,2026-08-05,2026-08-29T16:41:48,2
54218737,2026-08-05,2026-08-05,1
54218790,2026-08-05,2026-08-05,1
54218840,2026-08-05,2026-08-29T17:10:39,2
54218841,2026-08-29T17:04:34,2026-08-29T17:04:34,1
54218883,2026-08-29T17:04:34,2026-08-29T17:04:34,1
54219144,2026-08-05,2026-08-29T16:34:59,2
54219492,2026-08-29T16:57:09,2026-08-29T16:57:09,1
54219516,2026-08-05,2026-08-29T17:01:11,2
54219541,2026-08-05,2026-08-29T17:01:23,2
54219562,2026-08-29T16:46:19,2026-08-29T16:46:19,1
54219570,2026-08-29T16:46:19,2026-08-29T16:46:19,1
54219575,2026-08-05,2026-08-29T17:10:24,2
54219622,2026-08-05,2026-08-29T17:00:41,2
54219675,2026-08-05,2026-08-29T16:36:03,2
54220117,2026-08-05,2026-08-29T16:50:47,2
54220122,2026-08-05,2026-08-29T16:50:47,2
54220145,2026-08-05,2026-08-29T16:50:47,2
54220149,2026-08-05,2026-08-29T16:49:56,2
54220161,2026-08-05,2026-08-29T16:49:56,2
54220177,2026-08-05,2026-08-29T16:31:44,2
54220383,2026-08-05,2026-08-05,1
54220478,2026-08-05,2026-08-29T16:32:59,2
54220563,2026-08-05,2026-08-29T17:01:23,2
54220569,2026-08-29T16:37:51,2026-08-29T16:37:51,1
54220571,2026-08-05,2026-08-29T16:46:01,2
54220572,2026-08-29T16:43:39,2026-08-29T16:43:39,1
54220721,2026-08-05,2026-08-29T16:45:09,2
54220958,2026-08-05,2026-08-29T16:51:35,2
54221146,2026-08-05,2026-08-29T17:05:33,2
54221164,2026-08-05,2026-08-29T17:01:29,2
54221234,2026-08-29T16:36:10,2026-08-29T16:36:10,1
54221963,2026-08-05,2026-08-29T16:30:30,2
54222148,2026-08-29T16:32:44,2026-08-29T16:32:44,1
54222281,2026-08-05,2026-08-29T17:02:16,2
54222452,2026-08-05,2026-08-29T17:01:23,2
54222462,2026-08-05,2026-08-05,1
54222596,2026-08-29T17:03:04,2026-08-29T17:03:04,1
54222625,2026-08-29T17:04:31,2026-08-29T17:04:31,1
54222682,2026-08-05,2026-08-05,1
54222733,2026-08-05,2026-08-29T16:42:53,2
54222747,2026-08-05,2026-08-29T16:42:53,2
54222799,2026-08-05,2026-08-29T17:11:06,2
54222882,2026-08-29T17:04:40,2026-08-29T17:04:40,1
54222890,2026-08-05,2026-08-29T16:42:53,2
54222905,2026-08-29T17:04:40,2026-08-29T17:04:40,1
54222958,2026-08-05,2026-08-29T16:33:43,2
54222995,2026-08-29T17:04:10,2026-08-29T17:04:10,1
54223331,2026-08-05,2026-08-29T16:32:12,2
54223373,2026-08-05,2026-08-29T16:29:35,2
54223456,2026-08-05,2026-08-29T16:31:34,2
54223465,2026-08-05,2026-08-29T16:31:34,2
54223532,2026-08-05,2026-08-29T16:49:56,2
54223540,2026-08-05,2026-08-29T16:49:59,2
54223758,2026-08-05,2026-08-29T17:00:41,2
54224363,2026-08-05,2026-08-29T16:50:54,2
54224436,2026-08-29T16:54:48,2026-08-29T16:54:48,1
54224467,2026-08-05,2026-08-29T17:02:31,2
54224866,2026-08-05,2026-08-29T17:05:33,2
54224950,2026-08-29T16:44:22,2026-08-29T16:44:22,1
54224991,2026-08-29T16:56:39,2026-08-29T16:56:39,1
54225587,2026-08-05,2026-08-29T16:29:00,2
54225594,2026-08-05,2026-08-29T16:33:12,2
54225611,2026-08-29T17:02:46,2026-08-29T17:02:46,1
54225659,2026-08-05,2026-08-29T16:28:56,2
54225792,2026-08-05,2026-08-29T16:32:26,2
54225863,2026-08-05,2026-08-29T17:07:32,2
54226115,2026-08-05,2026-08-29T17:07:29,2
54226153,2026-08-05,2026-08-05,1
54226159,2026-08-05,2026-08-05,1
54226190,2026-08-05,2026-08-29T16:41:14,2
54226237,2026-08-05,2026-08-05,1
54226238,2026-08-05,2026-08-05,1
54226282,2026-08-29T16:52:29,2026-08-29T16:52:29,1
54226329,2026-08-05,2026-08-29T16:31:51,2
54226478,2026-08-29T17:02:43,2026-08-29T17:02:43,1
54226546,2026-08-05,2026-08-29T17:11:02,2
54226702,2026-08-29T16:56:11,2026-08-29T16:56:11,1
54226715,2026-08-05,2026-08-29T17:01:23,2
54226975,2026-08-29T16:58:55,2026-08-29T16:58:55,1
54227243,2026-08-29T16:35:51,2026-08-29T16:35:51,1
54227727,2026-08-05,2026-08-29T16:43:20,2
54227776,2026-08-29T16:54:58,2026-08-29T16:54:58,1
54227851,2026-08-05,2026-08-29T16:51:09,2
54227877,2026-08-05,2026-08-29T16:33:55,2
54227951,2026-08-29T16:52:31,2026-08-29T16:52:31,1
54228520,2026-08-05,2026-08-29T16:37:10,2
54228521,2026-08-29T17:04:10,2026-08-29T17:04:10,1
54229150,2026-08-05,2026-08-29T16:55:09,2
54229444,2026-08-05,2026-08-29T17:07:49,2
54229637,2026-08-05,2026-08-29T16:57:12,2
54229923,2026-08-05,2026-08-29T16:52:25,2
54229970,2026-08-05,2026-08-29T16:47:59,2
54229975,2026-08-05,2026-08-29T16:47:59,2
54229976,2026-08-05,2026-08-29T16:47:59,2
54230015,2026-08-29T16:39:18,2026-08-29T16:39:18,1
54230220,2026-08-29T16:57:12,2026-08-29T16:57:12,1
54230453,2026-08-05,2026-08-29T16:47:41,2
54230798,2026-08-05,2026-08-29T17:01:56,2
54231029,2026-08-05,2026-08-29T16:29:24,2
54231037,2026-08-29T16:55:52,2026-08-29T16:55:52,1
54231203,2026-08-05,2026-08-29T16:30:15,2
54231449,2026-08-05,2026-08-29T16:47:10,2
54231530,2026-08-29T16:32:56,2026-08-29T16:32:56,1
54231565,2026-08-05,2026-08-29T16:29:24,2
54231599,2026-08-05,2026-08-29T16:29:24,2
54231726,2026-08-05,2026-08-29T16:35:23,2
54231744,2026-08-05,2026-08-29T17:01:23,2
54231746,2026-08-05,2026-08-29T16:33:52,2
54231815,2026-08-05,2026-08-29T17:09:02,2
54231948,2026-08-05,2026-08-29T17:01:23,2
54232047,2026-08-05,2026-08-29T16:41:02,2
54232228,2026-08-05,2026-08-29T17:07:07,2
54232339,2026-08-05,2026-08-29T17:11:42,2
54232349,2026-08-05,2026-08-29T16:39:51,2
54232542,2026-08-29T16:57:34,2026-08-29T16:57:34,1
54232718,2026-08-05,2026-08-29T17:00:35,2
54232839,2026-08-29T16:31:00,2026-08-29T16:31:00,1
54233178,2026-08-05,2026-08-29T16:34:13,2
54233244,2026-08-29T16:52:42,2026-08-29T16:52:42,1
54233919,2026-08-29T16:37:51,2026-08-29T16:37:51,1
54234046,2026-08-05,2026-08-05,1
54234074,2026-08-05,2026-08-29T16:45:55,2
54234415,2026-08-05,2026-08-29T16:30:30,2
54234510,2026-08-29T17:03:45,2026-08-29T17:03:45,1
54234936,2026-08-05,2026-08-29T16:34:50,2
54235105,2026-08-29T16:33:59,2026-08-29T16:33:59,1
54235450,2026-08-29T16:57:40,2026-08-29T16:57:40,1
54235551,2026-08-05,2026-08-29T17:00:35,2
54235982,2026-08-05,2026-08-29T17:02:07,2
54236050,2026-08-29T16:56:39,2026-08-29T16:56:39,1
54236055,2026-08-05,2026-08-29T17:00:35,2
54236078,2026-08-05,2026-08-29T16:47:10,2
54236080,2026-08-29T17:03:54,2026-08-29T17:03:54,1
54236082,2026-08-29T17:03:54,2026-08-29T17:03:54,1
54236084,2026-08-29T17:03:54,2026-08-29T17:03:54,1
54236091,2026-08-29T17:03:54,2026-08-29T17:03:54,1
54236107,2026-08-05,2026-08-05,1
54236109,2026-08-29T17:03:54,2026-08-29T17:03:54,1
54236125,2026-08-29T17:04:52,2026-08-29T17:04:52,1
54236126,2026-08-29T17:03:54,2026-08-29T17:03:54,1
54236236,2026-08-05,2026-08-29T16:46:29,2
54236284,2026-08-05,2026-08-29T16:32:22,2
54236297,2026-08-05,2026-08-29T16:47:03,2
54236480,2026-08-05,2026-08-05,1
54236490,2026-08-05,2026-08-29T16:48:20,2
54236493,2026-08-29T16:44:35,2026-08-29T16:44:35,1
54236651,2026-08-05,2026-08-29T17:08:31,2
54236916,2026-08-29T16:52:58,2026-08-29T16:52:58,1
54237165,2026-08-05,2026-08-29T17:09:41,2
54237176,2026-08-05,2026-08-29T17:09:44,2
54237195,2026-08-05,2026-08-29T17:07:59,2
54237453,2026-08-05,2026-08-29T17:10:21,2
54237524,2026-08-05,2026-08-29T17:06:09,2
54237577,2026-08-29T16:50:31,2026-08-29T16:50:31,1
54237598,2026-08-05,2026-08-29T17:00:35,2
54237614,2026-08-05,2026-08-05,1
54237638,2026-08-05,2026-08-29T17:09:02,2
54237639,2026-08-05,2026-08-29T16:34:59,2
54237712,2026-08-29T17:04:03,2026-08-29T17:04:03,1
54237716,2026-08-05,2026-08-29T16:43:20,2
54238010,2026-08-05,2026-08-05,1
54238080,2026-08-29T17:04:28,2026-08-29T17:04:28,1
54238315,2026-08-05,2026-08-29T16:51:09,2
54238353,2026-08-05,2026-08-29T16:54:58,2
54238354,2026-08-29T17:00:20,2026-08-29T17:00:20,1
54238367,2026-08-05,2026-08-29T17:00:41,2
54238937,2026-08-05,2026-08-29T16:48:49,2
54238943,2026-08-05,2026-08-29T17:07:10,2
54238944,2026-08-05,2026-08-29T17:10:24,2
54239120,2026-08-05,2026-08-29T17:11:36,2
54239155,2026-08-05,2026-08-05,1
54239658,2026-08-05,2026-08-05,1
54239660,2026-08-05,2026-08-05,1
54239789,2026-08-05,2026-08-29T16:49:30,2
54239982,2026-08-29T16:52:48,2026-08-29T16:52:48,1
54240004,2026-08-29T16:30:49,2026-08-29T16:30:49,1
54240089,2026-08-29T16:37:43,2026-08-29T16:37:43,1
54240107,2026-08-05,2026-08-29T17:06:21,2
54240299,2026-08-05,2026-08-29T16:31:57,2
54240330,2026-08-05,2026-08-29T16:42:12,2
54240400,2026-08-29T16:40:43,2026-08-29T16:40:43,1
54240581,2026-08-05,2026-08-05,1
54240602,2026-08-05,2026-08-29T16:48:37,2
54240664,2026-08-05,2026-08-29T17:10:52,2
54240770,2026-08-05,2026-08-29T16:31:21,2
54241063,2026-08-05,2026-08-29T17:11:25,2
54241105,2026-08-05,2026-08-29T17:11:25,2
54241264,2026-08-05,2026-08-29T17:10:24,2
54241351,2026-08-05,2026-08-29T16:49:11,2
54241717,2026-08-29T16:53:25,2026-08-29T16:53:25,1
54241752,2026-08-05,2026-08-29T16:49:36,2
54242004,2026-08-05,2026-08-29T17:06:09,2
54242070,2026-08-05,2026-08-29T16:47:59,2
54242405,2026-08-05,2026-08-29T17:06:09,2
54242491,2026-08-05,2026-08-29T17:09:02,2
54242594,2026-08-05,2026-08-29T17:09:02,2
54243153,2026-08-05,2026-08-29T16:41:22,2
54243163,2026-08-05,2026-08-29T16:44:50,2
54243621,2026-08-05,2026-08-05,1
54243622,2026-08-05,2026-08-05,1
54243710,2026-08-05,2026-08-29T17:01:26,2
54243768,2026-08-05,2026-08-29T17:07:10,2
54243788,2026-08-05,2026-08-05,1
54243816,2026-08-05,2026-08-29T16:32:47,2
54243823,2026-08-05,2026-08-29T17:10:03,2
54243824,2026-08-05,2026-08-29T17:10:03,2
54243825,2026-08-05,2026-08-29T17:09:44,2
54244135,2026-08-29T16:51:58,2026-08-29T16:51:58,1
54244186,2026-08-29T16:31:00,2026-08-29T16:31:00,1
54244198,2026-08-29T16:41:27,2026-08-29T16:41:27,1
54244430,2026-08-29T16:57:03,2026-08-29T16:57:03,1
54244631,2026-08-29T16:50:41,2026-08-29T16:50:41,1
54244735,2026-08-05,2026-08-29T16:51:16,2
54244739,2026-08-05,2026-08-29T16:44:35,2
54244746,2026-08-29T16:53:31,2026-08-29T16:53:31,1
54245387,2026-08-29T16:51:26,2026-08-29T16:51:26,1
54245443,2026-08-29T16:37:51,2026-08-29T16:37:51,1
54245539,2026-08-05,2026-08-29T16:47:44,2
54245601,2026-08-29T16:48:37,2026-08-29T16:48:37,1
54245684,2026-08-05,2026-08-29T16:46:34,2
54245711,2026-08-05,2026-08-29T17:02:28,2
54245733,2026-08-29T17:00:17,2026-08-29T17:00:17,1
54245735,2026-08-29T16:57:49,2026-08-29T16:57:49,1
54245814,2026-08-05,2026-08-05,1
54246310,2026-08-05,2026-08-29T17:01:59,2
54246361,2026-08-05,2026-08-05,1
54246483,2026-08-05,2026-08-29T16:48:02,2
54246611,2026-08-29T17:04:10,2026-08-29T17:04:10,1
54246965,2026-08-05,2026-08-29T16:31:38,2
54246973,2026-08-05,2026-08-29T16:31:38,2
54246978,2026-08-05,2026-08-29T16:49:59,2
54246983,2026-08-05,2026-08-29T16:49:59,2
54246989,2026-08-05,2026-08-29T16:49:59,2
54247001,2026-08-05,2026-08-29T16:49:59,2
54247241,2026-08-05,2026-08-29T16:49:14,2
54247320,2026-08-29T16:43:23,2026-08-29T16:43:23,1
54247328,2026-08-29T16:49:36,2026-08-29T16:49:36,1
54247330,2026-08-05,2026-08-29T16:33:39,2
54247338,2026-08-29T16:43:23,2026-08-29T16:43:23,1
54247358,2026-08-05,2026-08-29T16:33:39,2
54247364,2026-08-05,2026-08-29T16:43:26,2
54247381,2026-08-05,2026-08-29T16:33:46,2
54247400,2026-08-29T16:43:46,2026-08-29T16:43:46,1
54247418,2026-08-29T16:43:46,2026-08-29T16:43:46,1
54247470,2026-08-05,2026-08-29T16:33:46,2
54247477,2026-08-05,2026-08-29T16:33:49,2
54247480,2026-08-29T16:43:46,2026-08-29T16:43:46,1
54247487,2026-08-05,2026-08-29T16:33:49,2
54247508,2026-08-05,2026-08-29T16:33:49,2
54247521,2026-08-05,2026-08-29T16:33:49,2
54247528,2026-08-05,2026-08-29T16:33:49,2
54247540,2026-08-05,2026-08-29T16:43:49,2
54247549,2026-08-05,2026-08-29T16:43:52,2
54247550,2026-08-29T16:51:55,2026-08-29T16:51:55,1
54247553,2026-08-05,2026-08-29T16:43:52,2
54247564,2026-08-05,2026-08-29T16:43:52,2
54247605,2026-08-29T16:49:36,2026-08-29T16:49:36,1
54247786,2026-08-29T16:54:38,2026-08-29T16:54:38,1
54248185,2026-08-05,2026-08-29T17:02:28,2
54248364,2026-08-05,2026-08-29T16:53:09,2
54248461,2026-08-29T16:53:38,2026-08-29T16:53:38,1
54248466,2026-08-29T16:36:33,2026-08-29T16:36:33,1
54248467,2026-08-05,2026-08-29T17:06:00,2
54248469,2026-08-05,2026-08-29T17:05:57,2
54248470,2026-08-29T16:37:21,2026-08-29T16:37:21,1
54248899,2026-08-05,2026-08-29T16:47:46,2
54248981,2026-08-05,2026-08-05,1
54248983,2026-08-05,2026-08-05,1
54249462,2026-08-05,2026-08-29T16:49:17,2
54249689,2026-08-05,2026-08-29T17:08:47,2
54249873,2026-08-05,2026-08-29T17:07:17,2
54249918,2026-08-29T16:46:19,2026-08-29T16:46:19,1
54249989,2026-08-05,2026-08-29T17:00:32,2
54250058,2026-08-05,2026-08-29T16:40:23,2
54250374,2026-08-05,2026-08-05,1
54250427,2026-08-29T16:53:02,2026-08-29T16:53:02,1
54250471,2026-08-05,2026-08-29T16:33:15,2
54250534,2026-08-05,2026-08-29T16:29:39,2
54250760,2026-08-05,2026-08-29T16:49:39,2
54250777,2026-08-05,2026-08-29T16:47:22,2
54251025,2026-08-05,2026-08-29T17:09:44,2
54251459,2026-08-29T16:56:46,2026-08-29T16:56:46,1
54251563,2026-08-29T17:03:27,2026-08-29T17:03:27,1
54252080,2026-08-05,2026-08-29T17:00:50,2
54252120,2026-08-05,2026-08-29T17:00:44,2
54252277,2026-08-05,2026-08-29T16:37:28,2
54252298,2026-08-05,2026-08-29T16:55:49,2
54252318,2026-08-29T16:59:52,2026-08-29T16:59:52,1
54252436,2026-08-05,2026-08-05,1
54252542,2026-08-05,2026-08-29T16:33:15,2
54252560,2026-08-05,2026-08-29T16:37:24,2
54252830,2026-08-05,2026-08-29T16:33:49,2
54252917,2026-08-05,2026-08-29T17:10:27,2
54253022,2026-08-05,2026-08-29T16:35:55,2
54253049,2026-08-05,2026-08-29T16:46:10,2
54253087,2026-08-05,2026-08-29T16:48:20,2
54253096,2026-08-29T16:45:49,2026-08-29T16:45:49,1
54253467,2026-08-05,2026-08-29T16:39:58,2
54253489,2026-08-29T16:57:06,2026-08-29T16:57:06,1
54253547,2026-08-29T16:40:02,2026-08-29T16:40:02,1
54253854,2026-08-29T16:40:28,2026-08-29T16:40:28,1
54253891,2026-08-05,2026-08-29T17:00:32,2
54253977,2026-08-05,2026-08-29T17:01:26,2
54253980,2026-08-05,2026-08-29T17:01:23,2
54254152,2026-08-05,2026-08-29T16:45:25,2
54254357,2026-08-05,2026-08-29T16:32:47,2
54254399,2026-08-29T17:03:12,2026-08-29T17:03:12,1
54254440,2026-08-05,2026-08-29T17:07:17,2
54254446,2026-08-05,2026-08-29T17:07:17,2
54254819,2026-08-29T16:57:18,2026-08-29T16:57:18,1
54255125,2026-08-05,2026-08-29T16:31:38,2
54255308,2026-08-05,2026-08-29T16:56:26,2
54255324,2026-08-05,2026-08-29T16:58:15,2
54255468,2026-08-29T16:59:02,2026-08-29T16:59:02,1
54255527,2026-08-05,2026-08-29T17:01:23,2
54255531,2026-08-05,2026-08-29T17:04:34,2
54255749,2026-08-29T16:54:58,2026-08-29T16:54:58,1
54256171,2026-08-05,2026-08-29T16:35:03,2
54256229,2026-08-05,2026-08-29T16:43:52,2
54256235,2026-08-05,2026-08-29T16:43:52,2
54256239,2026-08-05,2026-08-29T16:43:52,2
54256244,2026-08-05,2026-08-29T16:43:52,2
54256277,2026-08-05,2026-08-29T16:43:55,2
54256283,2026-08-05,2026-08-29T16:44:05,2
54256287,2026-08-29T16:53:15,2026-08-29T16:53:15,1
54256311,2026-08-05,2026-08-29T16:44:08,2
54256313,2026-08-05,2026-08-29T16:44:08,2
54256314,2026-08-05,2026-08-29T16:44:08,2
54256327,2026-08-05,2026-08-29T16:42:49,2
54256346,2026-08-29T16:56:11,2026-08-29T16:56:11,1
54256350,2026-08-29T16:56:11,2026-08-29T16:56:11,1
54256352,2026-08-29T16:58:46,2026-08-29T16:58:46,1
54256358,2026-08-29T16:56:11,2026-08-29T16:56:11,1
54256714,2026-08-29T17:04:10,2026-08-29T17:04:10,1
54256715,2026-08-29T17:04:10,2026-08-29T17:04:10,1
54256716,2026-08-29T17:04:10,2026-08-29T17:04:10,1
54256717,2026-08-29T17:04:10,2026-08-29T17:04:10,1
54256718,2026-08-29T17:04:10,2026-08-29T17:04:10,1
54256719,2026-08-29T17:04:10,2026-08-29T17:04:10,1
54257802,2026-08-05,2026-08-29T16:37:36,2
54257810,2026-08-29T16:34:02,2026-08-29T16:34:02,1
54258254,2026-08-05,2026-08-05,1
54258447,2026-08-05,2026-08-29T16:33:59,2
54258473,2026-08-29T16:53:25,2026-08-29T16:53:25,1
54258530,2026-08-05,2026-08-29T16:35:39,2
54258531,2026-08-05,2026-08-29T17:00:44,2
54258719,2026-08-29T16:31:51,2026-08-29T16:31:51,1
54258722,2026-08-29T16:39:42,2026-08-29T16:39:42,1
54258734,2026-08-05,2026-08-29T16:48:02,2
54258739,2026-08-29T16:56:11,2026-08-29T16:56:11,1
54258784,2026-08-05,2026-08-29T16:43:20,2
54259305,2026-08-05,2026-08-05,1
54259337,2026-08-05,2026-08-05,1
54259490,2026-08-05,2026-08-29T16:56:11,2
54259559,2026-08-05,2026-08-29T16:55:28,2
54259573,2026-08-05,2026-08-29T16:32:26,2
54259594,2026-08-05,2026-08-29T16:55:28,2
54259615,2026-08-05,2026-08-29T16:43:04,2
54259654,2026-08-05,2026-08-29T16:42:59,2
54259787,2026-08-05,2026-08-29T16:47:25,2
54259811,2026-08-05,2026-08-29T17:01:23,2
54259832,2026-08-05,2026-08-29T16:44:40,2
54260198,2026-08-05,2026-08-29T16:31:38,2
54260437,2026-08-05,2026-08-29T17:01:23,2
54260615,2026-08-29T16:40:28,2026-08-29T16:40:28,1
54260723,2026-08-05,2026-08-29T17:12:19,2
54260975,2026-08-29T16:54:02,2026-08-29T16:54:02,1
54260980,2026-08-29T17:04:58,2026-08-29T17:04:58,1
54260981,2026-08-29T17:04:10,2026-08-29T17:04:10,1
54260982,2026-08-29T17:04:10,2026-08-29T17:04:10,1
54260986,2026-08-05,2026-08-05,1
54261884,2026-08-29T16:55:28,2026-08-29T16:55:28,1
54262127,2026-08-29T16:59:05,2026-08-29T16:59:05,1
54262985,2026-08-29T16:57:15,2026-08-29T16:57:15,1
54263699,2026-08-05,2026-08-29T16:29:39,2
54263701,2026-08-05,2026-08-29T16:31:13,2
54263743,2026-08-05,2026-08-29T16:31:13,2
54263745,2026-08-05,2026-08-29T16:31:13,2
54263749,2026-08-05,2026-08-29T16:31:13,2
54263752,2026-08-05,2026-08-29T16:31:47,2
54263756,2026-08-05,2026-08-29T16:31:47,2
54263757,2026-08-05,2026-08-29T16:31:51,2
54263758,2026-08-05,2026-08-29T16:31:51,2
54264116,2026-08-29T16:40:20,2026-08-29T16:40:20,1
54264239,2026-08-05,2026-08-29T16:40:36,2
54264347,2026-08-29T17:03:39,2026-08-29T17:03:39,1
54264758,2026-08-29T16:45:30,2026-08-29T16:45:30,1
54264893,2026-08-05,2026-08-29T16:48:46,2
54265688,2026-08-05,2026-08-05,1
54265713,2026-08-05,2026-08-29T16:48:04,2
54265714,2026-08-29T16:43:10,2026-08-29T16:43:10,1
54265725,2026-08-29T16:43:20,2026-08-29T16:43:20,1
54265819,2026-08-05,2026-08-29T17:11:06,2
54265827,2026-08-05,2026-08-29T17:11:06,2
54265885,2026-08-05,2026-08-05,1
54266057,2026-08-05,2026-08-05,1
54266126,2026-08-05,2026-08-29T17:11:39,2
54266320,2026-08-05,2026-08-29T16:40:43,2
54266496,2026-08-29T16:55:25,2026-08-29T16:55:25,1
54266499,2026-08-05,2026-08-05,1
54267551,2026-08-29T16:58:28,2026-08-29T16:58:28,1
54267677,2026-08-29T16:53:22,2026-08-29T16:53:22,1
54267722,2026-08-29T16:46:19,2026-08-29T16:46:19,1
54267763,2026-08-05,2026-08-29T17:08:24,2
54267798,2026-08-05,2026-08-29T16:40:23,2
54267801,2026-08-29T16:46:19,2026-08-29T16:46:19,1
54267816,2026-08-29T16:37:58,2026-08-29T16:37:58,1
54267817,2026-08-05,2026-08-29T17:06:29,2
54267887,2026-08-05,2026-08-29T16:51:35,2
54268034,2026-08-29T16:57:06,2026-08-29T16:57:06,1
54268069,2026-08-05,2026-08-29T16:48:46,2
54268171,2026-08-05,2026-08-29T16:45:42,2
54268186,2026-08-05,2026-08-29T16:37:06,2
54268203,2026-08-05,2026-08-29T17:05:16,2
54268387,2026-08-05,2026-08-29T17:00:50,2
54268477,2026-08-05,2026-08-29T17:07:22,2
54268570,2026-08-29T16:54:22,2026-08-29T16:54:22,1
54268774,2026-08-05,2026-08-29T17:11:28,2
54268840,2026-08-05,2026-08-29T16:43:20,2
54269228,2026-08-05,2026-08-29T17:02:25,2
54269229,2026-08-05,2026-08-29T17:02:28,2
54269230,2026-08-05,2026-08-29T17:02:25,2
54269231,2026-08-29T17:03:06,2026-08-29T17:03:06,1
54269232,2026-08-05,2026-08-29T17:02:25,2
54269243,2026-08-29T16:53:53,2026-08-29T16:53:53,1
54269280,2026-08-29T17:03:19,2026-08-29T17:03:19,1
54269281,2026-08-29T17:03:15,2026-08-29T17:03:15,1
54269282,2026-08-29T17:03:15,2026-08-29T17:03:15,1
54269283,2026-08-29T17:03:15,2026-08-29T17:03:15,1
54269284,2026-08-29T17:03:15,2026-08-29T17:03:15,1
54269285,2026-08-29T17:03:19,2026-08-29T17:03:19,1
54269287,2026-08-29T17:03:19,2026-08-29T17:03:19,1
54269288,2026-08-29T17:03:19,2026-08-29T17:03:19,1
54269289,2026-08-29T17:03:19,2026-08-29T17:03:19,1
54269290,2026-08-29T17:03:19,2026-08-29T17:03:19,1
54269291,2026-08-29T17:03:19,2026-08-29T17:03:19,1
54269292,2026-08-29T17:03:15,2026-08-29T17:03:15,1
54269293,2026-08-29T17:03:15,2026-08-29T17:03:15,1
54269294,2026-08-29T16:57:40,2026-08-29T16:57:40,1
54269538,2026-08-05,2026-08-29T16:46:41,2
54269542,2026-08-05,2026-08-29T16:33:55,2
54269543,2026-08-05,2026-08-29T16:48:43,2
54269545,2026-08-05,2026-08-29T16:46:41,2
54269547,2026-08-05,2026-08-29T16:48:37,2
54269564,2026-08-29T16:42:53,2026-08-29T16:42:53,1
54269565,2026-08-05,2026-08-29T16:49:39,2
54269566,2026-08-05,2026-08-29T16:34:50,2
54269971,2026-08-05,2026-08-29T16:35:35,2
54269983,2026-08-05,2026-08-29T17:11:19,2
54270178,2026-08-05,2026-08-29T17:09:55,2
54270368,2026-08-29T17:02:52,2026-08-29T17:02:52,1
54270590,2026-08-05,2026-08-29T17:07:13,2
54270741,2026-08-05,2026-08-29T17:10:12,2
54270745,2026-08-05,2026-08-29T17:05:25,2
54270746,2026-08-05,2026-08-29T17:06:00,2
54270748,2026-08-29T16:36:37,2026-08-29T16:36:37,1
54270751,2026-08-29T16:36:37,2026-08-29T16:36:37,1
54270856,2026-08-05,2026-08-29T16:44:47,2
54271164,2026-08-05,2026-08-29T16:48:46,2
54271176,2026-08-05,2026-08-29T16:50:24,2
54271239,2026-08-05,2026-08-29T16:28:56,2
54271567,2026-08-05,2026-08-29T17:06:32,2
54271590,2026-08-29T16:56:14,2026-08-29T16:56:14,1
54271639,2026-08-05,2026-08-29T16:46:10,2
54271901,2026-08-29T16:58:33,2026-08-29T16:58:33,1
54271957,2026-08-29T17:03:42,2026-08-29T17:03:42,1
54271968,2026-08-05,2026-08-29T17:08:31,2
54272075,2026-08-05,2026-08-29T16:47:16,2
54272111,2026-08-29T17:04:13,2026-08-29T17:04:13,1
54272118,2026-08-05,2026-08-29T16:47:53,2
54272232,2026-08-29T17:04:28,2026-08-29T17:04:28,1
54272483,2026-08-05,2026-08-29T16:47:53,2
54272557,2026-08-05,2026-08-29T16:34:56,2
54272618,2026-08-05,2026-08-29T17:08:38,2
54272760,2026-08-05,2026-08-29T17:08:38,2
54272906,2026-08-29T17:03:42,2026-08-29T17:03:42,1
54273015,2026-08-29T17:03:45,2026-08-29T17:03:45,1
54273110,2026-08-05,2026-08-29T17:01:50,2
54273225,2026-08-05,2026-08-05,1
54273226,2026-08-05,2026-08-05,1
54273228,2026-08-05,2026-08-05,1
54273232,2026-08-05,2026-08-05,1
54273234,2026-08-05,2026-08-05,1
54273236,2026-08-05,2026-08-05,1
54273238,2026-08-05,2026-08-05,1
54273264,2026-08-05,2026-08-05,1
54273388,2026-08-05,2026-08-29T16:48:14,2
54273583,2026-08-29T16:53:41,2026-08-29T16:53:41,1
54273631,2026-08-05,2026-08-29T17:08:44,2
54273852,2026-08-05,2026-08-05,1
54273949,2026-08-05,2026-08-29T16:39:30,2
54273950,2026-08-05,2026-08-29T16:56:46,2
54274279,2026-08-05,2026-08-05,1
54274287,2026-08-05,2026-08-05,1
54275236,2026-08-29T16:34:53,2026-08-29T16:34:53,1
54275244,2026-08-05,2026-08-05,1
54275757,2026-08-29T16:54:22,2026-08-29T16:54:22,1
54275818,2026-08-29T16:33:05,2026-08-29T16:33:05,1
54275830,2026-08-05,2026-08-29T17:09:09,2
54275845,2026-08-05,2026-08-29T16:41:22,2
54275859,2026-08-05,2026-08-29T16:31:44,2
54275903,2026-08-29T17:03:27,2026-08-29T17:03:27,1
54275907,2026-08-05,2026-08-05,1
54275908,2026-08-05,2026-08-05,1
54275939,2026-08-05,2026-08-05,1
54275945,2026-08-05,2026-08-29T16:31:57,2
54276150,2026-08-05,2026-08-29T17:00:41,2
54276237,2026-08-05,2026-08-29T17:00:41,2
54276243,2026-08-29T17:03:27,2026-08-29T17:03:27,1
54276255,2026-08-29T16:56:36,2026-08-29T16:56:36,1
54276403,2026-08-29T16:57:12,2026-08-29T16:57:12,1
54276426,2026-08-05,2026-08-29T17:08:34,2
54276468,2026-08-29T16:40:28,2026-08-29T16:40:28,1
54276543,2026-08-05,2026-08-29T17:10:52,2
54276604,2026-08-05,2026-08-29T16:29:52,2
54276952,2026-08-05,2026-08-29T16:48:17,2
54276959,2026-08-29T17:04:34,2026-08-29T17:04:34,1
54277311,2026-08-05,2026-08-29T17:02:22,2
54277450,2026-08-29T16:58:12,2026-08-29T16:58:12,1
54277608,2026-08-05,2026-08-29T17:09:09,2
54277620,2026-08-05,2026-08-29T17:09:17,2
54277649,2026-08-05,2026-08-29T16:48:04,2
54277684,2026-08-05,2026-08-29T16:47:16,2
54277700,2026-08-05,2026-08-29T17:07:01,2
54278020,2026-08-29T16:50:28,2026-08-29T16:50:28,1
54278061,2026-08-05,2026-08-29T16:36:18,2
54278135,2026-08-05,2026-08-29T16:50:21,2
54278221,2026-08-05,2026-08-29T16:33:49,2
54278287,2026-08-05,2026-08-29T16:32:53,2
54278426,2026-08-05,2026-08-29T16:40:02,2
54278436,2026-08-29T16:53:05,2026-08-29T16:53:05,1
54278448,2026-08-29T16:54:55,2026-08-29T16:54:55,1
54278761,2026-08-29T16:55:12,2026-08-29T16:55:12,1
54278817,2026-08-05,2026-08-29T16:47:00,2
54278946,2026-08-05,2026-08-29T16:36:10,2
54279345,2026-08-29T16:56:39,2026-08-29T16:56:39,1
54279346,2026-08-05,2026-08-29T16:35:13,2
54279370,2026-08-05,2026-08-05,1
54279405,2026-08-05,2026-08-29T16:49:39,2
54279407,2026-08-29T16:56:46,2026-08-29T16:56:46,1
54279489,2026-08-05,2026-08-29T16:49:47,2
54279554,2026-08-05,2026-08-29T17:07:42,2
54279572,2026-08-05,2026-08-05,1
54279579,2026-08-05,2026-08-29T17:05:22,2
54279593,2026-08-29T17:04:25,2026-08-29T17:04:25,1
54279595,2026-08-29T16:29:24,2026-08-29T16:29:24,1
54279598,2026-08-29T17:04:25,2026-08-29T17:04:25,1
54279696,2026-08-29T16:51:03,2026-08-29T16:51:03,1
54279862,2026-08-29T16:35:09,2026-08-29T16:35:09,1
54279863,2026-08-29T16:35:09,2026-08-29T16:35:09,1
54279865,2026-08-05,2026-08-29T16:51:52,2
54279866,2026-08-05,2026-08-29T16:29:00,2
54279873,2026-08-05,2026-08-29T16:36:58,2
54279876,2026-08-05,2026-08-29T17:00:44,2
54279877,2026-08-05,2026-08-29T16:29:00,2
54279879,2026-08-05,2026-08-29T16:51:52,2
54279881,2026-08-05,2026-08-29T17:05:42,2
54280064,2026-08-05,2026-08-05,1
54280410,2026-08-29T17:03:57,2026-08-29T17:03:57,1
54280509,2026-08-05,2026-08-05,1
54280727,2026-08-29T16:58:07,2026-08-29T16:58:07,1
54280740,2026-08-05,2026-08-05,1
54280860,2026-08-05,2026-08-29T16:32:38,2
54280900,2026-08-05,2026-08-05,1
54280942,2026-08-05,2026-08-05,1
54280956,2026-08-05,2026-08-05,1
54281000,2026-08-29T16:58:09,2026-08-29T16:58:09,1
54281025,2026-08-05,2026-08-29T17:00:50,2
54281197,2026-08-29T16:53:12,2026-08-29T16:53:12,1
54281272,2026-08-05,2026-08-29T17:07:42,2
54281456,2026-08-05,2026-08-29T17:05:36,2
54281631,2026-08-05,2026-08-29T16:51:29,2
54281691,2026-08-29T16:31:30,2026-08-29T16:31:30,1
54282020,2026-08-05,2026-08-29T16:57:49,2
54282234,2026-08-05,2026-08-29T16:34:33,2
54282256,2026-08-29T16:55:52,2026-08-29T16:55:52,1
54282347,2026-08-05,2026-08-29T17:00:38,2
54282594,2026-08-05,2026-08-29T16:48:31,2
54282685,2026-08-05,2026-08-05,1
54282778,2026-08-05,2026-08-05,1
54282784,2026-08-05,2026-08-29T16:32:35,2
54282794,2026-08-05,2026-08-29T17:00:53,2
54282826,2026-08-29T16:57:43,2026-08-29T16:57:43,1
54282904,2026-08-05,2026-08-05,1
54283522,2026-08-29T16:51:00,2026-08-29T16:51:00,1
54283564,2026-08-05,2026-08-29T16:38:24,2
54283566,2026-08-05,2026-08-29T16:46:22,2
54283572,2026-08-29T16:41:14,2026-08-29T16:41:14,1
54283816,2026-08-05,2026-08-29T17:00:50,2
54283827,2026-08-05,2026-08-29T17:00:50,2
54283829,2026-08-05,2026-08-29T17:00:50,2
54283831,2026-08-05,2026-08-29T16:42:39,2
54283832,2026-08-05,2026-08-29T17:00:53,2
54283841,2026-08-05,2026-08-29T16:42:39,2
54283904,2026-08-29T16:58:46,2026-08-29T16:58:46,1
54284052,2026-08-05,2026-08-29T16:49:59,2
54284059,2026-08-05,2026-08-29T16:49:59,2
54284069,2026-08-05,2026-08-29T17:07:04,2
54284077,2026-08-05,2026-08-29T16:49:54,2
54284078,2026-08-05,2026-08-29T16:49:54,2
54284146,2026-08-05,2026-08-05,1
54284161,2026-08-05,2026-08-29T16:29:28,2
54284459,2026-08-05,2026-08-05,1
54284634,2026-08-05,2026-08-05,1
54285365,2026-08-05,2026-08-29T16:32:56,2
54285602,2026-08-05,2026-08-29T17:00:44,2
54285756,2026-08-05,2026-08-05,1
54285880,2026-08-05,2026-08-29T17:01:23,2
54286004,2026-08-29T16:58:12,2026-08-29T16:58:12,1
54286036,2026-08-05,2026-08-29T17:01:23,2
54286106,2026-08-05,2026-08-05,1
54286114,2026-08-05,2026-08-05,1
54286238,2026-08-05,2026-08-05,1
54286241,2026-08-05,2026-08-05,1
54286304,2026-08-05,2026-08-05,1
54286305,2026-08-05,2026-08-05,1
54286306,2026-08-05,2026-08-05,1
54286325,2026-08-05,2026-08-05,1
54286326,2026-08-05,2026-08-05,1
54286338,2026-08-05,2026-08-05,1
54286341,2026-08-05,2026-08-05,1
54286354,2026-08-05,2026-08-29T16:50:24,2
54286355,2026-08-05,2026-08-29T16:50:24,2
54286428,2026-08-05,2026-08-29T16:50:24,2
54286445,2026-08-29T16:59:43,2026-08-29T16:59:43,1
54286516,2026-08-29T16:58:12,2026-08-29T16:58:12,1
54286597,2026-08-05,2026-08-05,1
54286602,2026-08-05,2026-08-05,1
54286603,2026-08-05,2026-08-05,1
54286604,2026-08-05,2026-08-05,1
54286605,2026-08-05,2026-08-05,1
54286607,2026-08-05,2026-08-05,1
54286729,2026-08-05,2026-08-29T16:37:43,2
54286800,2026-08-05,2026-08-29T16:51:29,2
54286888,2026-08-05,2026-08-29T16:51:46,2
54287418,2026-08-05,2026-08-29T16:56:23,2
54287424,2026-08-05,2026-08-29T16:48:20,2
54287428,2026-08-05,2026-08-29T17:02:07,2
54287451,2026-08-05,2026-08-29T16:41:06,2
54287480,2026-08-05,2026-08-29T16:58:18,2
54287672,2026-08-05,2026-08-29T16:51:20,2
54287702,2026-08-05,2026-08-29T17:10:03,2
54287758,2026-08-05,2026-08-29T16:30:19,2
54287816,2026-08-05,2026-08-29T17:10:03,2
54287941,2026-08-05,2026-08-29T16:32:44,2
54288013,2026-08-05,2026-08-29T16:49:54,2
54288026,2026-08-05,2026-08-29T16:49:54,2
54288150,2026-08-29T16:36:42,2026-08-29T16:36:42,1
54288225,2026-08-29T16:38:51,2026-08-29T16:38:51,1
54288252,2026-08-29T16:56:43,2026-08-29T16:56:43,1
54288330,2026-08-05,2026-08-29T16:49:23,2
54288410,2026-08-05,2026-08-29T17:07:49,2
54288583,2026-08-05,2026-08-29T16:49:23,2
54288620,2026-08-05,2026-08-29T17:01:26,2
54288708,2026-08-05,2026-08-29T16:49:23,2
54288711,2026-08-05,2026-08-29T17:07:49,2
54288722,2026-08-29T16:36:14,2026-08-29T16:36:14,1
54288797,2026-08-05,2026-08-29T17:06:15,2
54288811,2026-08-05,2026-08-29T17:07:53,2
54289052,2026-08-05,2026-08-29T16:33:33,2
54289075,2026-08-05,2026-08-29T16:46:16,2
54289630,2026-08-29T16:51:55,2026-08-29T16:51:55,1
54289646,2026-08-29T16:51:55,2026-08-29T16:51:55,1
54289717,2026-08-29T16:53:05,2026-08-29T16:53:05,1
54289718,2026-08-29T16:30:12,2026-08-29T16:30:12,1
54289734,2026-08-29T16:58:28,2026-08-29T16:58:28,1
54290096,2026-08-05,2026-08-29T16:50:15,2
54290240,2026-08-29T17:04:00,2026-08-29T17:04:00,1
54290252,2026-08-29T17:00:26,2026-08-29T17:00:26,1
54290399,2026-08-05,2026-08-29T16:44:05,2
54290604,2026-08-05,2026-08-29T17:10:03,2
54290773,2026-08-29T17:04:13,2026-08-29T17:04:13,1
54290898,2026-08-05,2026-08-29T16:32:06,2
54290968,2026-08-05,2026-08-29T16:48:02,2
54291183,2026-08-05,2026-08-29T17:02:07,2
54291364,2026-08-05,2026-08-29T16:44:22,2
54291380,2026-08-05,2026-08-29T17:06:29,2
54291659,2026-08-29T16:51:00,2026-08-29T16:51:00,1
54291692,2026-08-05,2026-08-29T16:46:04,2
54291720,2026-08-05,2026-08-29T17:07:04,2
54291844,2026-08-05,2026-08-29T17:05:22,2
54291850,2026-08-29T16:57:55,2026-08-29T16:57:55,1
54291864,2026-08-05,2026-08-29T16:32:50,2
54291886,2026-08-29T17:04:31,2026-08-29T17:04:31,1
54291914,2026-08-05,2026-08-29T17:06:09,2
54291953,2026-08-05,2026-08-29T16:31:17,2
54291968,2026-08-29T16:57:46,2026-08-29T16:57:46,1
54292001,2026-08-29T16:56:26,2026-08-29T16:56:26,1
54292009,2026-08-05,2026-08-29T17:06:09,2
54292015,2026-08-05,2026-08-29T17:10:03,2
54292039,2026-08-29T17:03:39,2026-08-29T17:03:39,1
54292054,2026-08-29T17:03:45,2026-08-29T17:03:45,1
54292096,2026-08-05,2026-08-29T17:06:58,2
54292123,2026-08-29T16:56:26,2026-08-29T16:56:26,1
54292149,2026-08-29T16:56:26,2026-08-29T16:56:26,1
54292220,2026-08-05,2026-08-29T16:43:07,2
54292230,2026-08-05,2026-08-29T17:07:42,2
54292237,2026-08-05,2026-08-29T16:38:10,2
54292247,2026-08-05,2026-08-05,1
54292328,2026-08-05,2026-08-29T16:39:30,2
54292336,2026-08-05,2026-08-29T16:32:28,2
54292344,2026-08-05,2026-08-29T17:05:28,2
54292566,2026-08-29T16:35:43,2026-08-29T16:35:43,1
54293007,2026-08-29T16:36:42,2026-08-29T16:36:42,1
54293025,2026-08-05,2026-08-29T16:41:14,2
54293033,2026-08-05,2026-08-29T16:49:56,2
54293040,2026-08-05,2026-08-29T16:49:56,2
54293056,2026-08-05,2026-08-29T16:49:56,2
54293062,2026-08-05,2026-08-29T16:49:56,2
54293110,2026-08-05,2026-08-29T17:02:07,2
54293312,2026-08-29T16:56:52,2026-08-29T16:56:52,1
54293325,2026-08-05,2026-08-29T16:39:55,2
54293478,2026-08-29T16:52:52,2026-08-29T16:52:52,1
54293499,2026-08-29T16:55:12,2026-08-29T16:55:12,1
54293534,2026-08-29T16:57:58,2026-08-29T16:57:58,1
54293620,2026-08-05,2026-08-29T16:30:55,2
54293639,2026-08-05,2026-08-29T16:37:58,2
54293718,2026-08-05,2026-08-29T16:44:40,2
54294131,2026-08-29T16:32:41,2026-08-29T16:32:41,1
54294138,2026-08-29T17:03:48,2026-08-29T17:03:48,1
54294279,2026-08-05,2026-08-29T17:10:03,2
54294505,2026-08-29T16:57:55,2026-08-29T16:57:55,1
54294515,2026-08-29T16:58:12,2026-08-29T16:58:12,1
54294674,2026-08-05,2026-08-29T17:09:37,2
54294747,2026-08-05,2026-08-29T16:49:36,2
54294872,2026-08-29T16:46:22,2026-08-29T16:46:22,1
54295092,2026-08-05,2026-08-29T17:02:02,2
54295216,2026-08-05,2026-08-29T16:37:43,2
54295221,2026-08-05,2026-08-29T17:01:59,2
54295421,2026-08-05,2026-08-29T17:09:14,2
54295601,2026-08-05,2026-08-29T17:00:50,2
54295637,2026-08-29T16:44:47,2026-08-29T16:44:47,1
54295788,2026-08-05,2026-08-29T16:47:53,2
54295868,2026-08-05,2026-08-05,1
54295903,2026-08-29T16:58:25,2026-08-29T16:58:25,1
54295907,2026-08-05,2026-08-05,1
54295918,2026-08-05,2026-08-05,1
54295922,2026-08-05,2026-08-29T16:46:16,2
54295940,2026-08-05,2026-08-29T16:51:20,2
54295956,2026-08-05,2026-08-29T16:39:34,2
54296012,2026-08-05,2026-08-29T17:08:59,2
54296133,2026-08-05,2026-08-29T17:11:39,2
54296515,2026-08-29T17:00:14,2026-08-29T17:00:14,1
54296718,2026-08-05,2026-08-29T17:01:26,2
54296749,2026-08-05,2026-08-29T16:58:33,2
54296810,2026-08-05,2026-08-29T17:09:09,2
54296832,2026-08-05,2026-08-29T17:02:02,2
54296890,2026-08-05,2026-08-29T16:31:57,2
54296928,2026-08-05,2026-08-29T16:49:56,2
54296936,2026-08-05,2026-08-29T16:49:51,2
54296937,2026-08-05,2026-08-29T16:49:51,2
54296942,2026-08-05,2026-08-29T16:49:51,2
54296946,2026-08-05,2026-08-29T16:49:51,2
54296956,2026-08-05,2026-08-29T16:49:51,2
54296961,2026-08-05,2026-08-29T16:49:51,2
54296968,2026-08-05,2026-08-29T16:49:54,2
54296974,2026-08-05,2026-08-29T16:49:54,2
54296976,2026-08-05,2026-08-29T16:49:54,2
54297123,2026-08-05,2026-08-29T16:34:53,2
54297149,2026-08-05,2026-08-05,1
54297304,2026-08-05,2026-08-29T16:32:59,2
54297315,2026-08-29T16:45:49,2026-08-29T16:45:49,1
54297331,2026-08-05,2026-08-29T16:45:55,2
54297350,2026-08-05,2026-08-29T16:33:52,2
54297465,2026-08-29T17:05:01,2026-08-29T17:05:01,1
54297525,2026-08-05,2026-08-29T16:38:06,2
54297544,2026-08-05,2026-08-29T16:29:11,2
54297606,2026-08-05,2026-08-29T16:47:55,2
54297617,2026-08-05,2026-08-29T16:47:00,2
54297791,2026-08-29T16:34:53,2026-08-29T16:34:53,1
54298128,2026-08-29T16:58:09,2026-08-29T16:58:09,1
54298230,2026-08-05,2026-08-29T16:35:09,2
54298332,2026-08-29T16:44:35,2026-08-29T16:44:35,1
54298718,2026-08-05,2026-08-29T16:33:52,2
54298948,2026-08-29T16:58:12,2026-08-29T16:58:12,1
54298972,2026-08-05,2026-08-29T16:51:55,2
54299002,2026-08-05,2026-08-29T16:50:57,2
54299008,2026-08-29T16:57:43,2026-08-29T16:57:43,1
54299171,2026-08-29T16:34:05,2026-08-29T16:34:05,1
54299195,2026-08-29T17:04:43,2026-08-29T17:04:43,1
54299235,2026-08-29T17:04:43,2026-08-29T17:04:43,1
54299334,2026-08-05,2026-08-29T17:06:09,2
54299600,2026-08-29T16:53:47,2026-08-29T16:53:47,1
54299625,2026-08-05,2026-08-29T17:11:19,2
54299695,2026-08-05,2026-08-29T16:30:26,2
54299897,2026-08-05,2026-08-29T16:31:38,2
54300160,2026-08-29T16:54:22,2026-08-29T16:54:22,1
54300550,2026-08-05,2026-08-29T17:11:31,2
54300696,2026-08-05,2026-08-29T16:49:59,2
54301203,2026-08-29T16:44:22,2026-08-29T16:44:22,1
54301227,2026-08-05,2026-08-29T16:49:14,2
54301379,2026-08-05,2026-08-29T16:35:23,2
54301401,2026-08-05,2026-08-29T16:34:22,2
54301634,2026-08-05,2026-08-29T16:40:40,2
54301635,2026-08-05,2026-08-29T16:40:40,2
54301636,2026-08-05,2026-08-29T16:40:40,2
54302037,2026-08-05,2026-08-29T16:45:02,2
54302056,2026-08-05,2026-08-05,1
54302237,2026-08-05,2026-08-29T17:09:55,2
54302272,2026-08-05,2026-08-29T17:09:34,2
54302273,2026-08-05,2026-08-29T16:47:44,2
54302282,2026-08-29T16:33:05,2026-08-29T16:33:05,1
54302398,2026-08-29T16:33:05,2026-08-29T16:33:05,1
54302487,2026-08-05,2026-08-05,1
54302492,2026-08-05,2026-08-29T17:11:53,2
54302494,2026-08-05,2026-08-29T17:11:53,2
54302497,2026-08-05,2026-08-29T17:11:53,2
54302522,2026-08-05,2026-08-29T16:50:18,2
54302553,2026-08-29T16:33:02,2026-08-29T16:33:02,1
54302662,2026-08-05,2026-08-29T16:33:02,2
54302789,2026-08-29T16:32:59,2026-08-29T16:32:59,1
54302833,2026-08-29T16:56:08,2026-08-29T16:56:08,1
54302851,2026-08-29T16:56:08,2026-08-29T16:56:08,1
54302884,2026-08-05,2026-08-29T16:38:24,2
54303092,2026-08-05,2026-08-05,1
54303287,2026-08-05,2026-08-29T17:11:53,2
54303300,2026-08-05,2026-08-29T17:11:57,2
54303305,2026-08-05,2026-08-29T17:11:57,2
54303316,2026-08-05,2026-08-29T17:11:57,2
54303318,2026-08-05,2026-08-29T17:11:57,2
54303350,2026-08-05,2026-08-29T16:33:59,2
54303425,2026-08-29T16:59:26,2026-08-29T16:59:26,1
54303535,2026-08-05,2026-08-29T17:01:59,2
54303597,2026-08-05,2026-08-29T16:42:01,2
54303628,2026-08-29T16:56:36,2026-08-29T16:56:36,1
54303737,2026-08-29T16:43:59,2026-08-29T16:43:59,1
54303768,2026-08-29T16:53:53,2026-08-29T16:53:53,1
54303793,2026-08-05,2026-08-29T16:41:48,2
54303849,2026-08-29T17:03:45,2026-08-29T17:03:45,1
54304141,2026-08-05,2026-08-29T17:08:31,2
54304308,2026-08-05,2026-08-29T17:01:26,2
54304532,2026-08-05,2026-08-29T16:46:10,2
54304574,2026-08-05,2026-08-29T17:05:45,2
54304777,2026-08-05,2026-08-29T17:06:55,2
54304891,2026-08-29T17:03:30,2026-08-29T17:03:30,1
54305347,2026-08-05,2026-08-29T17:08:34,2
54305561,2026-08-29T16:48:40,2026-08-29T16:48:40,1
54305613,2026-08-29T17:04:46,2026-08-29T17:04:46,1
54305628,2026-08-05,2026-08-29T17:01:05,2
54305658,2026-08-05,2026-08-29T16:45:42,2
54305663,2026-08-05,2026-08-29T17:09:06,2
54305673,2026-08-05,2026-08-29T17:00:44,2
54305676,2026-08-05,2026-08-29T17:01:05,2
54306081,2026-08-29T16:38:51,2026-08-29T16:38:51,1
54306336,2026-08-05,2026-08-29T16:59:05,2
54306351,2026-08-05,2026-08-29T17:11:46,2
54306705,2026-08-29T16:52:19,2026-08-29T16:52:19,1
54307035,2026-08-05,2026-08-29T16:32:59,2
54307055,2026-08-05,2026-08-29T16:31:54,2
54307058,2026-08-05,2026-08-29T17:01:44,2
54307079,2026-08-05,2026-08-05,1
54307101,2026-08-05,2026-08-29T16:32:59,2
54307141,2026-08-05,2026-08-29T16:32:59,2
54307157,2026-08-05,2026-08-29T16:32:59,2
54307163,2026-08-05,2026-08-29T16:40:23,2
54307316,2026-08-29T17:03:33,2026-08-29T17:03:33,1
54307456,2026-08-05,2026-08-29T16:48:02,2
54307459,2026-08-05,2026-08-29T16:41:06,2
54307462,2026-08-05,2026-08-29T16:35:59,2
54307463,2026-08-05,2026-08-29T16:34:36,2
54307658,2026-08-05,2026-08-29T17:10:44,2
54307939,2026-08-05,2026-08-29T17:00:26,2
54307978,2026-08-05,2026-08-29T17:01:47,2
54308047,2026-08-29T17:04:19,2026-08-29T17:04:19,1
54308111,2026-08-05,2026-08-29T16:45:05,2
54308425,2026-08-05,2026-08-05,1
54308484,2026-08-29T16:51:13,2026-08-29T16:51:13,1
54308854,2026-08-05,2026-08-29T16:32:41,2
54308977,2026-08-29T16:45:25,2026-08-29T16:45:25,1
54309015,2026-08-29T16:51:58,2026-08-29T16:51:58,1
54309019,2026-08-05,2026-08-29T16:52:05,2
54309022,2026-08-29T16:40:36,2026-08-29T16:40:36,1
54309072,2026-08-05,2026-08-29T16:48:11,2
54309074,2026-08-05,2026-08-29T16:48:14,2
54309076,2026-08-05,2026-08-29T16:47:59,2
54309082,2026-08-05,2026-08-29T16:48:11,2
54309165,2026-08-05,2026-08-05,1
54309270,2026-08-05,2026-08-29T16:33:22,2
54309507,2026-08-05,2026-08-29T16:51:13,2
54309688,2026-08-29T17:04:19,2026-08-29T17:04:19,1
54309690,2026-08-29T17:04:19,2026-08-29T17:04:19,1
54309691,2026-08-29T17:04:19,2026-08-29T17:04:19,1
54309692,2026-08-29T17:04:19,2026-08-29T17:04:19,1
54309693,2026-08-29T17:04:19,2026-08-29T17:04:19,1
54309749,2026-08-05,2026-08-29T16:40:40,2
54309750,2026-08-29T16:33:43,2026-08-29T16:33:43,1
54309816,2026-08-29T16:51:49,2026-08-29T16:51:49,1
54309836,2026-08-05,2026-08-29T16:31:21,2
54309848,2026-08-29T16:48:04,2026-08-29T16:48:04,1
54309888,2026-08-29T16:52:42,2026-08-29T16:52:42,1
54309918,2026-08-05,2026-08-29T16:31:47,2
54309987,2026-08-29T16:40:40,2026-08-29T16:40:40,1
54310008,2026-08-29T17:02:46,2026-08-29T17:02:46,1
54310021,2026-08-29T16:31:54,2026-08-29T16:31:54,1
54310531,2026-08-29T16:54:42,2026-08-29T16:54:42,1
54310627,2026-08-05,2026-08-29T16:45:58,2
54310756,2026-08-29T16:59:58,2026-08-29T16:59:58,1
54310781,2026-08-29T17:00:38,2026-08-29T17:00:38,1
54310830,2026-08-05,2026-08-29T16:42:24,2
54310857,2026-08-29T17:04:34,2026-08-29T17:04:34,1
54310868,2026-08-05,2026-08-29T16:43:30,2
54311046,2026-08-29T16:29:31,2026-08-29T16:29:31,1
54311079,2026-08-05,2026-08-05,1
54311214,2026-08-29T16:53:28,2026-08-29T16:53:28,1
54311311,2026-08-05,2026-08-29T17:07:42,2
54311348,2026-08-05,2026-08-05,1
54311457,2026-08-05,2026-08-29T16:55:09,2
54311544,2026-08-05,2026-08-29T17:01:59,2
54311575,2026-08-05,2026-08-05,1
54311603,2026-08-05,2026-08-29T17:11:25,2
54311617,2026-08-05,2026-08-29T16:35:47,2
54311818,2026-08-29T16:42:20,2026-08-29T16:42:20,1
54312427,2026-08-05,2026-08-05,1
54312712,2026-08-29T16:38:02,2026-08-29T16:38:02,1
54312713,2026-08-29T16:29:48,2026-08-29T16:29:48,1
54312718,2026-08-29T16:44:26,2026-08-29T16:44:26,1
54312806,2026-08-29T16:53:22,2026-08-29T16:53:22,1
54312842,2026-08-05,2026-08-29T16:40:32,2
54313377,2026-08-05,2026-08-05,1
54313381,2026-08-05,2026-08-29T16:47:38,2
54314330,2026-08-05,2026-08-29T16:47:10,2
54314541,2026-08-05,2026-08-29T16:42:49,2
54314559,2026-08-05,2026-08-29T16:32:12,2
54314637,2026-08-29T16:35:43,2026-08-29T16:35:43,1
54314737,2026-08-05,2026-08-05,1
54314901,2026-08-05,2026-08-29T16:49:27,2
54314907,2026-08-05,2026-08-29T16:49:27,2
54314916,2026-08-05,2026-08-29T16:32:35,2
54314919,2026-08-05,2026-08-05,1
54314980,2026-08-05,2026-08-29T16:42:20,2
54315124,2026-08-05,2026-08-29T16:29:55,2
54315193,2026-08-05,2026-08-29T16:42:20,2
54315249,2026-08-05,2026-08-29T16:42:20,2
54315278,2026-08-29T16:42:20,2026-08-29T16:42:20,1
54315539,2026-08-05,2026-08-29T16:33:33,2
54315556,2026-08-05,2026-08-29T16:48:11,2
54315616,2026-08-05,2026-08-29T16:48:04,2
54315821,2026-08-29T16:57:40,2026-08-29T16:57:40,1
54315970,2026-08-05,2026-08-29T17:10:31,2
54316345,2026-08-29T17:03:45,2026-08-29T17:03:45,1
54316516,2026-08-05,2026-08-29T16:33:39,2
54316699,2026-08-05,2026-08-29T17:07:17,2
54316861,2026-08-05,2026-08-29T16:46:29,2
54316875,2026-08-05,2026-08-29T17:10:06,2
54316970,2026-08-05,2026-08-29T16:47:46,2
54316984,2026-08-05,2026-08-29T16:48:02,2
54317067,2026-08-05,2026-08-05,1
54317164,2026-08-05,2026-08-29T16:46:01,2
54317279,2026-08-05,2026-08-29T16:29:28,2
54317405,2026-08-29T16:56:52,2026-08-29T16:56:52,1
54317429,2026-08-29T17:00:14,2026-08-29T17:00:14,1
54317456,2026-08-05,2026-08-29T16:38:55,2
54317511,2026-08-05,2026-08-29T16:38:24,2
54317516,2026-08-05,2026-08-29T16:45:42,2
54317681,2026-08-05,2026-08-29T16:31:27,2
54318353,2026-08-05,2026-08-29T16:49:54,2
54318356,2026-08-05,2026-08-29T16:49:47,2
54318361,2026-08-05,2026-08-29T16:49:47,2
54319085,2026-08-05,2026-08-29T16:49:02,2
54319218,2026-08-05,2026-08-29T16:42:45,2
54319429,2026-08-05,2026-08-29T16:36:33,2
54319430,2026-08-05,2026-08-29T16:38:14,2
54319547,2026-08-05,2026-08-29T17:07:04,2
54319697,2026-08-29T16:35:06,2026-08-29T16:35:06,1
54319721,2026-08-29T16:32:41,2026-08-29T16:32:41,1
54319850,2026-08-29T16:53:35,2026-08-29T16:53:35,1
54319851,2026-08-29T16:52:31,2026-08-29T16:52:31,1
54319874,2026-08-05,2026-08-29T16:32:00,2
54320071,2026-08-05,2026-08-29T16:32:00,2
54320111,2026-08-29T16:52:42,2026-08-29T16:52:42,1
54320149,2026-08-05,2026-08-29T16:39:06,2
54320342,2026-08-05,2026-08-29T16:58:25,2
54320993,2026-08-05,2026-08-29T16:35:03,2
54321016,2026-08-05,2026-08-05,1
54321024,2026-08-29T17:03:45,2026-08-29T17:03:45,1
54321053,2026-08-05,2026-08-05,1
54321208,2026-08-29T17:05:30,2026-08-29T17:05:30,1
54321209,2026-08-05,2026-08-05,1
54321232,2026-08-05,2026-08-29T17:05:36,2
54321265,2026-08-05,2026-08-05,1
54321281,2026-08-05,2026-08-29T16:32:16,2
54321329,2026-08-05,2026-08-05,1
54321368,2026-08-05,2026-08-29T17:05:25,2
54321406,2026-08-05,2026-08-05,1
54321407,2026-08-05,2026-08-29T17:11:19,2
54321475,2026-08-05,2026-08-29T17:05:28,2
54321479,2026-08-29T16:34:53,2026-08-29T16:34:53,1
54321514,2026-08-05,2026-08-05,1
54321526,2026-08-05,2026-08-29T16:35:39,2
54321559,2026-08-29T16:34:53,2026-08-29T16:34:53,1
54321619,2026-08-05,2026-08-29T17:05:25,2
54321637,2026-08-29T16:52:29,2026-08-29T16:52:29,1
54321674,2026-08-05,2026-08-29T16:42:53,2
54321693,2026-08-05,2026-08-29T16:42:53,2
54321705,2026-08-05,2026-08-29T17:05:25,2
54321725,2026-08-05,2026-08-29T17:01:32,2
54321731,2026-08-05,2026-08-29T16:43:39,2
54321744,2026-08-29T16:52:29,2026-08-29T16:52:29,1
54321761,2026-08-05,2026-08-29T16:43:26,2
54321917,2026-08-05,2026-08-29T16:46:22,2
54321990,2026-08-05,2026-08-29T16:51:49,2
54322019,2026-08-29T16:31:47,2026-08-29T16:31:47,1
54322268,2026-08-05,2026-08-29T16:49:39,2
54322285,2026-08-05,2026-08-29T17:06:06,2
54322299,2026-08-05,2026-08-05,1
54322303,2026-08-05,2026-08-29T16:33:02,2
54322320,2026-08-29T16:56:43,2026-08-29T16:56:43,1
54322393,2026-08-05,2026-08-29T16:43:26,2
54322439,2026-08-05,2026-08-29T16:34:47,2
54322486,2026-08-05,2026-08-05,1
54322875,2026-08-05,2026-08-29T16:43:49,2
54322893,2026-08-05,2026-08-29T16:43:04,2
54322968,2026-08-05,2026-08-29T16:38:44,2
54322972,2026-08-05,2026-08-29T16:52:48,2
54323000,2026-08-05,2026-08-29T16:52:39,2
54323052,2026-08-05,2026-08-29T17:10:47,2
54323054,2026-08-29T16:57:58,2026-08-29T16:57:58,1
54323061,2026-08-29T16:59:29,2026-08-29T16:59:29,1
54323092,2026-08-29T16:55:49,2026-08-29T16:55:49,1
54323101,2026-08-29T16:55:49,2026-08-29T16:55:49,1
54323127,2026-08-05,2026-08-29T16:44:47,2
54323187,2026-08-05,2026-08-29T16:37:39,2
54323220,2026-08-29T16:44:47,2026-08-29T16:44:47,1
54323260,2026-08-29T16:57:58,2026-08-29T16:57:58,1
54323312,2026-08-05,2026-08-29T16:40:48,2
54323376,2026-08-29T16:35:31,2026-08-29T16:35:31,1
54323403,2026-08-05,2026-08-29T16:40:48,2
54323532,2026-08-05,2026-08-29T16:36:33,2
54323539,2026-08-05,2026-08-29T16:41:30,2
54323595,2026-08-05,2026-08-29T16:36:33,2
54324025,2026-08-29T16:53:31,2026-08-29T16:53:31,1
54324072,2026-08-05,2026-08-29T17:09:37,2
54324328,2026-08-05,2026-08-29T16:29:59,2
54324466,2026-08-05,2026-08-29T17:05:48,2
54324754,2026-08-05,2026-08-29T16:37:36,2
54324807,2026-08-05,2026-08-29T16:52:29,2
54324870,2026-08-05,2026-08-29T16:37:36,2
54324907,2026-08-05,2026-08-29T16:34:36,2
54324971,2026-08-05,2026-08-29T17:05:48,2
54325065,2026-08-05,2026-08-29T16:34:36,2
54325201,2026-08-05,2026-08-29T16:34:36,2
54325325,2026-08-29T16:53:35,2026-08-29T16:53:35,1
54325434,2026-08-05,2026-08-29T16:52:42,2
54325445,2026-08-05,2026-08-29T16:34:50,2
54325447,2026-08-05,2026-08-29T16:35:43,2
54325508,2026-08-05,2026-08-29T16:34:36,2
54325513,2026-08-29T16:29:43,2026-08-29T16:29:43,1
54325915,2026-08-29T16:55:56,2026-08-29T16:55:56,1
54325919,2026-08-29T16:55:56,2026-08-29T16:55:56,1
54325957,2026-08-29T16:44:44,2026-08-29T16:44:44,1
54326022,2026-08-29T16:55:56,2026-08-29T16:55:56,1
54326033,2026-08-29T16:55:56,2026-08-29T16:55:56,1
54326127,2026-08-29T16:55:56,2026-08-29T16:55:56,1
54326175,2026-08-29T16:55:59,2026-08-29T16:55:59,1
54326188,2026-08-05,2026-08-29T17:01:44,2
54326190,2026-08-29T16:55:59,2026-08-29T16:55:59,1
54326192,2026-08-29T16:31:34,2026-08-29T16:31:34,1
54326219,2026-08-29T16:55:56,2026-08-29T16:55:56,1
54326241,2026-08-29T16:55:56,2026-08-29T16:55:56,1
54326276,2026-08-29T16:54:11,2026-08-29T16:54:11,1
54326278,2026-08-05,2026-08-29T16:50:21,2
54326280,2026-08-29T16:54:14,2026-08-29T16:54:14,1
54326281,2026-08-29T16:53:28,2026-08-29T16:53:28,1
54326284,2026-08-29T16:52:31,2026-08-29T16:52:31,1
54326286,2026-08-29T16:54:14,2026-08-29T16:54:14,1
54326289,2026-08-29T16:52:31,2026-08-29T16:52:31,1
54326291,2026-08-05,2026-08-29T16:46:25,2
54326298,2026-08-29T17:02:43,2026-08-29T17:02:43,1
54326299,2026-08-29T17:02:43,2026-08-29T17:02:43,1
54326300,2026-08-29T17:02:43,2026-08-29T17:02:43,1
54326793,2026-08-29T16:30:34,2026-08-29T16:30:34,1
54326932,2026-08-29T16:30:34,2026-08-29T16:30:34,1
54326941,2026-08-05,2026-08-29T17:10:03,2
54326946,2026-08-05,2026-08-29T16:51:35,2
54326969,2026-08-05,2026-08-29T16:51:35,2
54327042,2026-08-05,2026-08-29T16:48:20,2
54327048,2026-08-05,2026-08-29T16:58:55,2
54327134,2026-08-05,2026-08-29T17:07:29,2
54327142,2026-08-05,2026-08-29T16:37:32,2
54327154,2026-08-05,2026-08-29T16:43:26,2
54327209,2026-08-05,2026-08-29T16:43:46,2
54327212,2026-08-05,2026-08-29T16:44:22,2
54327264,2026-08-05,2026-08-29T16:51:46,2
54327307,2026-08-05,2026-08-29T16:43:26,2
54327340,2026-08-05,2026-08-29T16:42:49,2
54327348,2026-08-05,2026-08-29T16:49:30,2
54327354,2026-08-05,2026-08-29T17:11:11,2
54327424,2026-08-29T16:57:40,2026-08-29T16:57:40,1
54327459,2026-08-29T16:58:59,2026-08-29T16:58:59,1
54327579,2026-08-29T16:29:31,2026-08-29T16:29:31,1
54327587,2026-08-29T16:52:19,2026-08-29T16:52:19,1
54327709,2026-08-05,2026-08-29T17:07:39,2
54327821,2026-08-29T16:52:45,2026-08-29T16:52:45,1
54327845,2026-08-29T16:53:02,2026-08-29T16:53:02,1
54327938,2026-08-29T17:04:34,2026-08-29T17:04:34,1
54328014,2026-08-29T17:04:00,2026-08-29T17:04:00,1
54328270,2026-08-05,2026-08-29T16:40:28,2
54328274,2026-08-05,2026-08-29T16:40:28,2
54328275,2026-08-29T16:40:32,2026-08-29T16:40:32,1
54328284,2026-08-29T16:53:41,2026-08-29T16:53:41,1
54328306,2026-08-29T16:59:02,2026-08-29T16:59:02,1
54328320,2026-08-05,2026-08-29T17:05:16,2
54328345,2026-08-05,2026-08-29T16:43:33,2
54328410,2026-08-05,2026-08-29T17:02:22,2
54328515,2026-08-05,2026-08-29T17:02:25,2
54328560,2026-08-29T16:36:33,2026-08-29T16:36:33,1
54328592,2026-08-05,2026-08-05,1
54328611,2026-08-05,2026-08-29T17:05:19,2
54328697,2026-08-05,2026-08-29T16:48:20,2
54328718,2026-08-05,2026-08-29T17:05:42,2
54328726,2026-08-05,2026-08-29T16:39:18,2
54328753,2026-08-05,2026-08-29T17:06:55,2
54328769,2026-08-29T16:34:13,2026-08-29T16:34:13,1
54328871,2026-08-05,2026-08-29T17:05:48,2
54328947,2026-08-05,2026-08-29T17:01:26,2
54329121,2026-08-29T16:58:07,2026-08-29T16:58:07,1
54329290,2026-08-05,2026-08-29T17:07:25,2
54329313,2026-08-05,2026-08-29T16:58:04,2
54329326,2026-08-29T16:59:52,2026-08-29T16:59:52,1
54329345,2026-08-05,2026-08-29T17:02:13,2
54329373,2026-08-05,2026-08-29T17:02:13,2
54329393,2026-08-05,2026-08-29T16:58:04,2
54329400,2026-08-05,2026-08-29T16:58:04,2
54329401,2026-08-05,2026-08-29T17:06:36,2
54329485,2026-08-05,2026-08-29T16:46:57,2
54329625,2026-08-05,2026-08-29T16:49:47,2
54329637,2026-08-05,2026-08-29T16:49:47,2
54329661,2026-08-05,2026-08-29T16:58:04,2
54329686,2026-08-05,2026-08-29T17:02:13,2
54329718,2026-08-05,2026-08-29T16:48:04,2
54329728,2026-08-05,2026-08-29T17:02:13,2
54329776,2026-08-05,2026-08-29T17:02:13,2
54329819,2026-08-29T16:42:20,2026-08-29T16:42:20,1
54329869,2026-08-05,2026-08-29T16:32:12,2
54329898,2026-08-05,2026-08-29T17:02:13,2
54330017,2026-08-29T16:57:40,2026-08-29T16:57:40,1
54330128,2026-08-29T17:03:48,2026-08-29T17:03:48,1
54330211,2026-08-05,2026-08-29T17:02:13,2
54330231,2026-08-05,2026-08-29T17:02:13,2
54330258,2026-08-29T17:02:49,2026-08-29T17:02:49,1
54330292,2026-08-05,2026-08-29T17:02:13,2
54330312,2026-08-29T17:03:04,2026-08-29T17:03:04,1
54330332,2026-08-05,2026-08-29T17:02:13,2
54330443,2026-08-05,2026-08-29T17:06:32,2
54330476,2026-08-29T16:59:23,2026-08-29T16:59:23,1
54330526,2026-08-05,2026-08-29T17:02:13,2
54330584,2026-08-05,2026-08-29T17:02:13,2
54330668,2026-08-05,2026-08-29T16:36:10,2
54330669,2026-08-29T16:52:45,2026-08-29T16:52:45,1
54330699,2026-08-05,2026-08-29T16:47:25,2
54330706,2026-08-05,2026-08-29T17:02:16,2
54330743,2026-08-05,2026-08-29T16:42:56,2
54330757,2026-08-05,2026-08-29T16:42:01,2
54330990,2026-08-05,2026-08-29T17:07:01,2
54330992,2026-08-05,2026-08-29T17:06:32,2
54331065,2026-08-05,2026-08-29T16:43:52,2
54331097,2026-08-05,2026-08-29T16:47:46,2
54331124,2026-08-05,2026-08-05,1
54331252,2026-08-05,2026-08-29T17:10:44,2
54331385,2026-08-05,2026-08-29T17:00:38,2
54331451,2026-08-05,2026-08-29T16:43:52,2
54331488,2026-08-05,2026-08-29T17:02:16,2
54331513,2026-08-05,2026-08-29T17:02:16,2
54331516,2026-08-05,2026-08-29T17:00:35,2
54331518,2026-08-05,2026-08-29T16:34:41,2
54331525,2026-08-29T16:39:46,2026-08-29T16:39:46,1
54331537,2026-08-05,2026-08-29T16:43:52,2
54331632,2026-08-05,2026-08-29T16:41:18,2
54331662,2026-08-29T16:51:16,2026-08-29T16:51:16,1
54331664,2026-08-05,2026-08-29T17:01:26,2
54331747,2026-08-05,2026-08-29T16:44:05,2
54331790,2026-08-05,2026-08-29T16:43:55,2
54331837,2026-08-05,2026-08-29T16:43:52,2
54331926,2026-08-05,2026-08-05,1
54331957,2026-08-05,2026-08-29T16:31:41,2
54332195,2026-08-05,2026-08-29T16:41:14,2
54332200,2026-08-05,2026-08-29T16:52:10,2
54332209,2026-08-05,2026-08-29T16:53:09,2
54332216,2026-08-05,2026-08-29T16:33:55,2
54332217,2026-08-05,2026-08-29T16:52:10,2
54332220,2026-08-29T16:53:25,2026-08-29T16:53:25,1
54332223,2026-08-05,2026-08-29T16:39:58,2
54332232,2026-08-29T16:52:52,2026-08-29T16:52:52,1
54332233,2026-08-05,2026-08-29T16:52:10,2
54332236,2026-08-05,2026-08-29T16:52:10,2
54332393,2026-08-05,2026-08-29T16:49:47,2
54332400,2026-08-05,2026-08-29T16:49:47,2
54332406,2026-08-05,2026-08-29T16:49:47,2
54332454,2026-08-05,2026-08-29T16:37:24,2
54332635,2026-08-29T16:30:37,2026-08-29T16:30:37,1
54332659,2026-08-29T17:05:04,2026-08-29T17:05:04,1
54332674,2026-08-05,2026-08-29T16:41:30,2
54332677,2026-08-29T17:04:58,2026-08-29T17:04:58,1
54332712,2026-08-29T16:37:51,2026-08-29T16:37:51,1
54332733,2026-08-29T16:45:25,2026-08-29T16:45:25,1
54332736,2026-08-05,2026-08-29T17:10:39,2
54332739,2026-08-29T16:30:41,2026-08-29T16:30:41,1
54332875,2026-08-29T16:59:14,2026-08-29T16:59:14,1
54332876,2026-08-05,2026-08-29T16:33:52,2
54332883,2026-08-29T17:02:37,2026-08-29T17:02:37,1
54332889,2026-08-05,2026-08-29T16:46:29,2
54332951,2026-08-05,2026-08-29T16:40:10,2
54332958,2026-08-05,2026-08-29T16:41:27,2
54332997,2026-08-05,2026-08-29T16:46:16,2
54333035,2026-08-29T16:51:58,2026-08-29T16:51:58,1
54333105,2026-08-29T16:56:39,2026-08-29T16:56:39,1
54333207,2026-08-05,2026-08-29T17:04:03,2
54333256,2026-08-05,2026-08-29T16:30:45,2
54333281,2026-08-29T16:59:52,2026-08-29T16:59:52,1
54333363,2026-08-05,2026-08-29T16:40:10,2
54333475,2026-08-05,2026-08-05,1
54333509,2026-08-05,2026-08-29T16:35:31,2
54333724,2026-08-29T16:57:40,2026-08-29T16:57:40,1
54333819,2026-08-05,2026-08-29T16:38:20,2
54333872,2026-08-05,2026-08-29T17:00:29,2
54333876,2026-08-05,2026-08-29T16:48:14,2
54333888,2026-08-05,2026-08-29T16:58:12,2
54333985,2026-08-05,2026-08-29T16:49:54,2
54334110,2026-08-05,2026-08-29T17:06:21,2
54334191,2026-08-29T16:58:12,2026-08-29T16:58:12,1
54334286,2026-08-29T16:51:49,2026-08-29T16:51:49,1
54334362,2026-08-29T16:56:43,2026-08-29T16:56:43,1
54334401,2026-08-05,2026-08-29T16:47:44,2
54334616,2026-08-29T16:48:43,2026-08-29T16:48:43,1
54334922,2026-08-29T16:52:19,2026-08-29T16:52:19,1
54334972,2026-08-05,2026-08-29T16:54:02,2
54335089,2026-08-05,2026-08-29T17:06:15,2
54335090,2026-08-05,2026-08-05,1
54335096,2026-08-05,2026-08-29T17:06:58,2
54335103,2026-08-05,2026-08-29T16:33:43,2
54335247,2026-08-05,2026-08-29T16:36:14,2
54335387,2026-08-05,2026-08-29T16:49:08,2
54335417,2026-08-29T16:59:14,2026-08-29T16:59:14,1
54335653,2026-08-29T16:44:37,2026-08-29T16:44:37,1
54335939,2026-08-29T16:37:58,2026-08-29T16:37:58,1
54335941,2026-08-29T16:53:15,2026-08-29T16:53:15,1
54335942,2026-08-29T16:37:58,2026-08-29T16:37:58,1
54335952,2026-08-29T16:53:41,2026-08-29T16:53:41,1
54335983,2026-08-05,2026-08-29T16:32:16,2
54336097,2026-08-05,2026-08-29T16:49:14,2
54336275,2026-08-29T16:51:58,2026-08-29T16:51:58,1
54336343,2026-08-05,2026-08-29T16:49:05,2
54336354,2026-08-29T16:46:16,2026-08-29T16:46:16,1
54336425,2026-08-29T16:52:48,2026-08-29T16:52:48,1
54336708,2026-08-05,2026-08-05,1
54336709,2026-08-05,2026-08-05,1
54336710,2026-08-05,2026-08-05,1
54336711,2026-08-05,2026-08-05,1
54336712,2026-08-05,2026-08-05,1
54336772,2026-08-05,2026-08-29T16:48:24,2
54336840,2026-08-29T17:04:19,2026-08-29T17:04:19,1
54336999,2026-08-29T17:04:19,2026-08-29T17:04:19,1
54337073,2026-08-05,2026-08-29T16:36:18,2
54337231,2026-08-05,2026-08-05,1
54337346,2026-08-05,2026-08-29T16:45:02,2
54337490,2026-08-29T16:52:36,2026-08-29T16:52:36,1
54337584,2026-08-29T16:44:44,2026-08-29T16:44:44,1
54337586,2026-08-05,2026-08-29T17:02:16,2
54337681,2026-08-05,2026-08-05,1
54338021,2026-08-29T16:56:43,2026-08-29T16:56:43,1
54338068,2026-08-29T16:51:13,2026-08-29T16:51:13,1
54338069,2026-08-05,2026-08-29T17:02:16,2
54338108,2026-08-05,2026-08-29T17:02:16,2
54338121,2026-08-05,2026-08-29T17:00:53,2
54338143,2026-08-05,2026-08-29T17:02:13,2
54338211,2026-08-29T17:04:25,2026-08-29T17:04:25,1
54338262,2026-08-29T16:33:12,2026-08-29T16:33:12,1
54338273,2026-08-05,2026-08-29T16:32:16,2
54338293,2026-08-29T16:51:13,2026-08-29T16:51:13,1
54338334,2026-08-05,2026-08-29T16:51:23,2
54338347,2026-08-29T16:51:13,2026-08-29T16:51:13,1
54338430,2026-08-05,2026-08-29T16:56:26,2
54338431,2026-08-05,2026-08-29T16:47:10,2
54338433,2026-08-05,2026-08-29T16:32:44,2
54338437,2026-08-05,2026-08-29T16:58:59,2
54338484,2026-08-05,2026-08-29T17:02:13,2
54338519,2026-08-29T16:56:43,2026-08-29T16:56:43,1
54338547,2026-08-05,2026-08-29T17:11:02,2
54338589,2026-08-29T17:04:10,2026-08-29T17:04:10,1
54338645,2026-08-29T16:56:43,2026-08-29T16:56:43,1
54338729,2026-08-29T16:52:05,2026-08-29T16:52:05,1
54338790,2026-08-29T17:04:43,2026-08-29T17:04:43,1
54338865,2026-08-29T17:04:10,2026-08-29T17:04:10,1
54339059,2026-08-05,2026-08-29T16:39:18,2
54339135,2026-08-05,2026-08-29T16:34:44,2
54339257,2026-08-05,2026-08-29T17:12:19,2
54339258,2026-08-05,2026-08-29T16:49:47,2
54339260,2026-08-05,2026-08-29T16:49:51,2
54339261,2026-08-05,2026-08-29T16:49:51,2
54339262,2026-08-05,2026-08-29T16:49:08,2
54339265,2026-08-05,2026-08-29T16:49:08,2
54339268,2026-08-05,2026-08-29T16:49:08,2
54339269,2026-08-05,2026-08-29T16:49:08,2
54339272,2026-08-05,2026-08-29T16:49:11,2
54339275,2026-08-05,2026-08-29T16:49:11,2
54339277,2026-08-05,2026-08-29T16:49:11,2
54339279,2026-08-05,2026-08-29T16:49:11,2
54339328,2026-08-05,2026-08-29T16:41:27,2
54339341,2026-08-05,2026-08-29T17:02:07,2
54339498,2026-08-05,2026-08-29T17:00:53,2
54339570,2026-08-29T16:52:29,2026-08-29T16:52:29,1
54339791,2026-08-29T16:51:13,2026-08-29T16:51:13,1
54339980,2026-08-05,2026-08-29T16:43:59,2
54340013,2026-08-05,2026-08-29T16:44:02,2
54340016,2026-08-05,2026-08-29T16:50:18,2
54340018,2026-08-05,2026-08-29T16:35:16,2
54340132,2026-08-05,2026-08-29T16:44:02,2
54340169,2026-08-05,2026-08-29T17:00:53,2
54340170,2026-08-05,2026-08-29T16:44:02,2
54340206,2026-08-05,2026-08-29T16:48:31,2
54340236,2026-08-05,2026-08-29T17:00:53,2
54340272,2026-08-05,2026-08-29T16:43:52,2
54340299,2026-08-05,2026-08-29T17:08:59,2
54340399,2026-08-05,2026-08-29T17:07:13,2
54340504,2026-08-05,2026-08-05,1
54340521,2026-08-05,2026-08-05,1
54340564,2026-08-05,2026-08-05,1
54340616,2026-08-05,2026-08-29T16:29:52,2
54340983,2026-08-05,2026-08-05,1
54341088,2026-08-05,2026-08-29T16:42:39,2
54341108,2026-08-05,2026-08-29T16:42:39,2
54341167,2026-08-05,2026-08-29T17:05:48,2
54341196,2026-08-05,2026-08-29T16:39:55,2
54341238,2026-08-05,2026-08-29T16:42:35,2
54341258,2026-08-05,2026-08-29T16:47:55,2
54341346,2026-08-29T16:42:20,2026-08-29T16:42:20,1
54341353,2026-08-29T16:56:26,2026-08-29T16:56:26,1
54341420,2026-08-05,2026-08-29T17:05:19,2
54341422,2026-08-29T17:02:46,2026-08-29T17:02:46,1
54341462,2026-08-05,2026-08-05,1
54341464,2026-08-05,2026-08-29T16:40:43,2
54341510,2026-08-05,2026-08-29T17:05:48,2
54341531,2026-08-29T16:59:32,2026-08-29T16:59:32,1
54341540,2026-08-05,2026-08-29T17:08:06,2
54341707,2026-08-05,2026-08-29T16:58:21,2
54342489,2026-08-29T16:37:21,2026-08-29T16:37:21,1
54342559,2026-08-05,2026-08-29T17:05:10,2
54342561,2026-08-05,2026-08-05,1
54343108,2026-08-05,2026-08-05,1
54343143,2026-08-05,2026-08-29T16:34:36,2
54343153,2026-08-05,2026-08-05,1
54343193,2026-08-29T16:58:12,2026-08-29T16:58:12,1
54343194,2026-08-29T16:35:27,2026-08-29T16:35:27,1
54343605,2026-08-05,2026-08-29T16:32:16,2
54343650,2026-08-29T16:43:30,2026-08-29T16:43:30,1
54343735,2026-08-29T16:54:02,2026-08-29T16:54:02,1
54343788,2026-08-05,2026-08-29T17:11:25,2
54343881,2026-08-05,2026-08-29T17:12:09,2
54344076,2026-08-05,2026-08-29T16:44:16,2
54344096,2026-08-05,2026-08-29T17:06:24,2
54344103,2026-08-29T16:54:02,2026-08-29T16:54:02,1
54344104,2026-08-29T16:54:02,2026-08-29T16:54:02,1
54344120,2026-08-05,2026-08-29T16:51:32,2
54344123,2026-08-29T16:51:32,2026-08-29T16:51:32,1
54344124,2026-08-29T16:51:32,2026-08-29T16:51:32,1
54344129,2026-08-05,2026-08-29T17:08:09,2
54344131,2026-08-05,2026-08-29T17:08:09,2
54344133,2026-08-29T16:56:05,2026-08-29T16:56:05,1
54344134,2026-08-29T16:51:32,2026-08-29T16:51:32,1
54344136,2026-08-29T16:51:32,2026-08-29T16:51:32,1
54344140,2026-08-05,2026-08-05,1
54344143,2026-08-05,2026-08-05,1
54344144,2026-08-29T16:51:32,2026-08-29T16:51:32,1
54344145,2026-08-05,2026-08-05,1
54344147,2026-08-05,2026-08-05,1
54344148,2026-08-29T16:39:38,2026-08-29T16:39:38,1
54344343,2026-08-05,2026-08-29T16:40:58,2
54344347,2026-08-05,2026-08-29T16:33:43,2
54344395,2026-08-05,2026-08-29T16:58:07,2
54344455,2026-08-29T16:53:56,2026-08-29T16:53:56,1
54344472,2026-08-29T16:52:19,2026-08-29T16:52:19,1
54344476,2026-08-05,2026-08-05,1
54344707,2026-08-05,2026-08-29T16:49:54,2
54344744,2026-08-05,2026-08-29T16:47:31,2
54344746,2026-08-29T16:53:02,2026-08-29T16:53:02,1
54344934,2026-08-05,2026-08-29T16:37:39,2
54344965,2026-08-29T16:53:02,2026-08-29T16:53:02,1
54344975,2026-08-05,2026-08-29T17:01:02,2
54345029,2026-08-05,2026-08-29T17:11:25,2
54345085,2026-08-29T16:52:58,2026-08-29T16:52:58,1
54345098,2026-08-05,2026-08-29T16:47:53,2
54345228,2026-08-05,2026-08-29T16:40:07,2
54345375,2026-08-05,2026-08-29T17:00:44,2
54345934,2026-08-29T16:59:26,2026-08-29T16:59:26,1
54345956,2026-08-29T16:52:42,2026-08-29T16:52:42,1
54346012,2026-08-05,2026-08-29T16:43:26,2
54346135,2026-08-05,2026-08-29T16:44:32,2
54346137,2026-08-29T16:53:15,2026-08-29T16:53:15,1
54346207,2026-08-05,2026-08-29T16:42:59,2
54346329,2026-08-05,2026-08-29T16:49:11,2
54346578,2026-08-05,2026-08-29T16:46:04,2
54346608,2026-08-29T16:52:13,2026-08-29T16:52:13,1
54346635,2026-08-05,2026-08-29T17:01:26,2
54346642,2026-08-05,2026-08-29T17:09:44,2
54346669,2026-08-05,2026-08-29T17:08:34,2
54346691,2026-08-05,2026-08-29T17:00:41,2
54346921,2026-08-29T16:57:43,2026-08-29T16:57:43,1
54347112,2026-08-29T16:56:55,2026-08-29T16:56:55,1
54347123,2026-08-05,2026-08-29T16:38:20,2
54347135,2026-08-05,2026-08-29T16:37:21,2
54347232,2026-08-29T16:58:33,2026-08-29T16:58:33,1
54347245,2026-08-29T16:58:33,2026-08-29T16:58:33,1
54347273,2026-08-29T16:32:44,2026-08-29T16:32:44,1
54347295,2026-08-29T16:58:33,2026-08-29T16:58:33,1
54347314,2026-08-05,2026-08-29T16:44:56,2
54347410,2026-08-29T16:58:33,2026-08-29T16:58:33,1
54347498,2026-08-29T16:58:33,2026-08-29T16:58:33,1
54347681,2026-08-05,2026-08-29T16:41:30,2
54347724,2026-08-05,2026-08-29T17:01:56,2
54347889,2026-08-05,2026-08-05,1
54347897,2026-08-29T16:57:15,2026-08-29T16:57:15,1
54347901,2026-08-05,2026-08-29T16:50:21,2
54347902,2026-08-05,2026-08-29T16:56:17,2
54347906,2026-08-05,2026-08-29T16:56:17,2
54347908,2026-08-05,2026-08-29T16:56:17,2
54348220,2026-08-05,2026-08-29T16:32:22,2
54348236,2026-08-05,2026-08-29T16:58:40,2
54348315,2026-08-05,2026-08-29T16:32:50,2
54348433,2026-08-05,2026-08-29T16:35:16,2
54348464,2026-08-05,2026-08-29T16:32:50,2
54348631,2026-08-29T17:02:46,2026-08-29T17:02:46,1
54348632,2026-08-29T17:00:26,2026-08-29T17:00:26,1
54348633,2026-08-29T17:04:00,2026-08-29T17:04:00,1
54348634,2026-08-29T17:04:00,2026-08-29T17:04:00,1
54348636,2026-08-29T16:54:58,2026-08-29T16:54:58,1
54348637,2026-08-05,2026-08-29T16:47:13,2
54348638,2026-08-29T17:04:00,2026-08-29T17:04:00,1
54348639,2026-08-29T17:04:03,2026-08-29T17:04:03,1
54348642,2026-08-29T17:04:03,2026-08-29T17:04:03,1
54348643,2026-08-29T17:04:00,2026-08-29T17:04:00,1
54348645,2026-08-29T17:04:00,2026-08-29T17:04:00,1
54348649,2026-08-29T16:55:06,2026-08-29T16:55:06,1
54348657,2026-08-05,2026-08-05,1
54348766,2026-08-05,2026-08-29T16:33:05,2
54348887,2026-08-29T17:04:00,2026-08-29T17:04:00,1
54348942,2026-08-05,2026-08-29T17:05:16,2
54348972,2026-08-29T17:04:03,2026-08-29T17:04:03,1
54349048,2026-08-05,2026-08-29T16:33:05,2
54349059,2026-08-05,2026-08-05,1
54349154,2026-08-05,2026-08-29T17:02:13,2
54349380,2026-08-05,2026-08-29T16:40:32,2
54349417,2026-08-29T16:52:05,2026-08-29T16:52:05,1
54349477,2026-08-29T16:45:36,2026-08-29T16:45:36,1
54349485,2026-08-05,2026-08-05,1
54349501,2026-08-05,2026-08-29T16:33:15,2
54349502,2026-08-05,2026-08-29T16:51:23,2
54349558,2026-08-05,2026-08-29T16:33:15,2
54349585,2026-08-05,2026-08-29T16:50:18,2
54349601,2026-08-05,2026-08-05,1
54349616,2026-08-05,2026-08-29T16:55:34,2
54349769,2026-08-05,2026-08-05,1
54349882,2026-08-05,2026-08-29T17:06:46,2
54349894,2026-08-05,2026-08-29T17:07:42,2
54349990,2026-08-29T16:46:29,2026-08-29T16:46:29,1
54350099,2026-08-05,2026-08-29T16:51:46,2
54350155,2026-08-05,2026-08-29T17:10:03,2
54350481,2026-08-05,2026-08-29T16:47:59,2
54350552,2026-08-05,2026-08-29T17:10:03,2
54350637,2026-08-05,2026-08-29T16:29:35,2
54350818,2026-08-05,2026-08-29T16:42:29,2
54350899,2026-08-29T16:59:17,2026-08-29T16:59:17,1
54350915,2026-08-05,2026-08-29T16:35:47,2
54350953,2026-08-05,2026-08-29T16:30:15,2
54351102,2026-08-05,2026-08-29T17:01:05,2
54351105,2026-08-05,2026-08-29T17:10:03,2
54351120,2026-08-05,2026-08-29T17:09:20,2
54351132,2026-08-05,2026-08-29T17:09:06,2
54351148,2026-08-05,2026-08-29T17:11:06,2
54351154,2026-08-05,2026-08-29T17:08:50,2
54351308,2026-08-05,2026-08-29T16:50:08,2
54351364,2026-08-05,2026-08-29T16:28:56,2
54351443,2026-08-05,2026-08-29T16:28:45,2
54351445,2026-08-05,2026-08-29T16:45:52,2
54351562,2026-08-05,2026-08-05,1
54351603,2026-08-05,2026-08-29T16:44:29,2
54351644,2026-08-05,2026-08-29T16:40:43,2
54351760,2026-08-05,2026-08-29T17:05:48,2
54351768,2026-08-29T16:58:15,2026-08-29T16:58:15,1
54351789,2026-08-05,2026-08-29T16:33:49,2
54351793,2026-08-29T16:59:49,2026-08-29T16:59:49,1
54351816,2026-08-05,2026-08-29T16:33:49,2
54351819,2026-08-05,2026-08-29T16:43:26,2
54351831,2026-08-29T16:59:29,2026-08-29T16:59:29,1
54351849,2026-08-29T16:43:30,2026-08-29T16:43:30,1
54351891,2026-08-05,2026-08-29T16:34:02,2
54351949,2026-08-05,2026-08-29T17:03:30,2
54352138,2026-08-05,2026-08-29T17:02:19,2
54352493,2026-08-05,2026-08-29T16:49:11,2
54352498,2026-08-05,2026-08-29T16:49:05,2
54352504,2026-08-05,2026-08-29T16:49:05,2
54352524,2026-08-29T16:56:52,2026-08-29T16:56:52,1
54353093,2026-08-05,2026-08-29T17:10:09,2
54353104,2026-08-05,2026-08-29T16:34:50,2
54353107,2026-08-05,2026-08-29T16:34:36,2
54353116,2026-08-29T16:53:12,2026-08-29T16:53:12,1
54353131,2026-08-29T16:53:12,2026-08-29T16:53:12,1
54353352,2026-08-29T16:40:16,2026-08-29T16:40:16,1
54353357,2026-08-29T17:02:55,2026-08-29T17:02:55,1
54353497,2026-08-29T17:03:39,2026-08-29T17:03:39,1
54353541,2026-08-29T17:03:39,2026-08-29T17:03:39,1
54353554,2026-08-29T17:03:39,2026-08-29T17:03:39,1
54353561,2026-08-29T16:56:14,2026-08-29T16:56:14,1
54353569,2026-08-29T17:03:39,2026-08-29T17:03:39,1
54353598,2026-08-05,2026-08-29T16:39:58,2
54353638,2026-08-29T17:03:39,2026-08-29T17:03:39,1
54353780,2026-08-29T17:03:39,2026-08-29T17:03:39,1
54353972,2026-08-05,2026-08-29T17:12:12,2
54354055,2026-08-29T16:53:53,2026-08-29T16:53:53,1
54354394,2026-08-05,2026-08-29T16:30:37,2
54354397,2026-08-05,2026-08-29T16:30:07,2
54354694,2026-08-05,2026-08-29T16:30:26,2
54354720,2026-08-05,2026-08-29T16:44:22,2
54354864,2026-08-05,2026-08-05,1
54354923,2026-08-05,2026-08-29T16:35:55,2
54354934,2026-08-29T17:04:13,2026-08-29T17:04:13,1
54354936,2026-08-29T16:43:26,2026-08-29T16:43:26,1
54354966,2026-08-05,2026-08-29T17:02:40,2
54355113,2026-08-05,2026-08-29T17:10:27,2
54355158,2026-08-05,2026-08-29T17:01:29,2
54355269,2026-08-05,2026-08-29T16:49:30,2
54355278,2026-08-05,2026-08-29T16:35:23,2
54355288,2026-08-05,2026-08-29T16:35:23,2
54355297,2026-08-05,2026-08-29T17:09:30,2
54355301,2026-08-05,2026-08-29T17:11:31,2
54355306,2026-08-05,2026-08-29T17:02:28,2
54355316,2026-08-05,2026-08-29T17:07:17,2
54355318,2026-08-29T17:03:06,2026-08-29T17:03:06,1
54355321,2026-08-05,2026-08-29T17:10:31,2
54355328,2026-08-05,2026-08-29T17:11:53,2
54355375,2026-08-05,2026-08-29T16:47:55,2
54355569,2026-08-05,2026-08-29T16:39:18,2
54355598,2026-08-29T17:03:27,2026-08-29T17:03:27,1
54355670,2026-08-05,2026-08-29T16:42:35,2
54355702,2026-08-05,2026-08-29T16:51:46,2
54355709,2026-08-05,2026-08-29T17:02:52,2
54355747,2026-08-05,2026-08-05,1
54355777,2026-08-05,2026-08-29T16:41:22,2
54355819,2026-08-29T17:03:06,2026-08-29T17:03:06,1
54355874,2026-08-05,2026-08-29T16:45:52,2
54355886,2026-08-05,2026-08-29T16:45:52,2
54355900,2026-08-05,2026-08-29T17:10:52,2
54356011,2026-08-29T16:47:34,2026-08-29T16:47:34,1
54356031,2026-08-05,2026-08-29T16:34:05,2
54356164,2026-08-05,2026-08-29T16:51:46,2
54356250,2026-08-05,2026-08-05,1
54356296,2026-08-05,2026-08-29T16:50:05,2
54356346,2026-08-05,2026-08-29T16:33:55,2
54356531,2026-08-29T16:35:51,2026-08-29T16:35:51,1
54356715,2026-08-05,2026-08-29T16:35:03,2
54356774,2026-08-05,2026-08-29T16:35:03,2
54356946,2026-08-05,2026-08-29T16:43:59,2
54356967,2026-08-05,2026-08-29T16:35:43,2
54356988,2026-08-05,2026-08-29T16:43:30,2
54357006,2026-08-05,2026-08-29T16:40:36,2
54357014,2026-08-05,2026-08-29T16:42:32,2
54357015,2026-08-05,2026-08-29T16:45:09,2
54357016,2026-08-05,2026-08-29T16:42:32,2
54357022,2026-08-05,2026-08-29T16:38:20,2
54357023,2026-08-05,2026-08-29T16:44:02,2
54357033,2026-08-05,2026-08-29T16:35:43,2
54357042,2026-08-05,2026-08-29T16:44:05,2
54357049,2026-08-05,2026-08-29T16:33:52,2
54357065,2026-08-29T16:32:56,2026-08-29T16:32:56,1
54357084,2026-08-05,2026-08-29T16:51:23,2
54357115,2026-08-05,2026-08-29T16:42:39,2
54357182,2026-08-05,2026-08-29T16:44:02,2
54357226,2026-08-05,2026-08-29T16:48:59,2
54357230,2026-08-05,2026-08-05,1
54357235,2026-08-05,2026-08-29T17:10:03,2
54357249,2026-08-05,2026-08-29T17:09:51,2
54357276,2026-08-05,2026-08-29T16:43:30,2
54357391,2026-08-05,2026-08-29T16:44:02,2
54357502,2026-08-05,2026-08-29T16:31:17,2
54357695,2026-08-05,2026-08-29T16:52:42,2
54357754,2026-08-05,2026-08-29T17:05:19,2
54357946,2026-08-29T16:53:47,2026-08-29T16:53:47,1
54358005,2026-08-05,2026-08-05,1
54358029,2026-08-05,2026-08-29T16:49:08,2
54358056,2026-08-29T17:00:23,2026-08-29T17:00:23,1
54358108,2026-08-05,2026-08-29T16:49:05,2
54358134,2026-08-05,2026-08-05,1
54358147,2026-08-29T16:57:49,2026-08-29T16:57:49,1
54358317,2026-08-05,2026-08-29T16:49:05,2
54358324,2026-08-05,2026-08-29T16:49:05,2
54358333,2026-08-05,2026-08-29T16:49:08,2
54358334,2026-08-05,2026-08-29T16:49:08,2
54358340,2026-08-05,2026-08-29T16:49:08,2
54358352,2026-08-29T16:28:49,2026-08-29T16:28:49,1
54358357,2026-08-05,2026-08-29T16:49:08,2
54358363,2026-08-05,2026-08-29T16:49:02,2
54358373,2026-08-05,2026-08-29T17:01:26,2
54358380,2026-08-05,2026-08-29T16:49:02,2
54358381,2026-08-05,2026-08-29T16:49:02,2
54358391,2026-08-05,2026-08-29T16:49:02,2
54358398,2026-08-05,2026-08-29T16:49:02,2
54358402,2026-08-05,2026-08-29T16:49:02,2
54358410,2026-08-05,2026-08-29T17:03:30,2
54358411,2026-08-05,2026-08-29T16:49:02,2
54358416,2026-08-05,2026-08-29T16:49:05,2
54358422,2026-08-05,2026-08-29T16:49:05,2
54358495,2026-08-05,2026-08-29T16:49:05,2
54358501,2026-08-05,2026-08-29T16:48:56,2
54358511,2026-08-05,2026-08-29T16:48:59,2
54358519,2026-08-05,2026-08-29T16:48:59,2
54358524,2026-08-05,2026-08-29T17:06:12,2
54358627,2026-08-05,2026-08-29T17:01:32,2
54358742,2026-08-05,2026-08-05,1
54360164,2026-08-05,2026-08-29T17:11:06,2
54360475,2026-08-05,2026-08-29T16:48:52,2
54360657,2026-08-29T16:54:11,2026-08-29T16:54:11,1
54360924,2026-08-29T16:52:29,2026-08-29T16:52:29,1
54360963,2026-08-05,2026-08-29T17:01:32,2
54361434,2026-08-29T17:03:27,2026-08-29T17:03:27,1
54361713,2026-08-05,2026-08-29T17:09:44,2
54361797,2026-08-05,2026-08-29T16:47:07,2
54361799,2026-08-05,2026-08-05,1
54361974,2026-08-05,2026-08-29T16:48:59,2
54361976,2026-08-05,2026-08-29T16:48:59,2
54361977,2026-08-05,2026-08-29T16:48:59,2
54361978,2026-08-05,2026-08-29T16:48:59,2
54361979,2026-08-05,2026-08-29T16:48:59,2
54361980,2026-08-05,2026-08-29T16:48:59,2
54361981,2026-08-05,2026-08-29T16:49:02,2
54361982,2026-08-05,2026-08-29T16:48:52,2
54361983,2026-08-05,2026-08-29T16:48:52,2
54361984,2026-08-05,2026-08-29T16:48:52,2
54362149,2026-08-05,2026-08-29T16:48:56,2
54362150,2026-08-05,2026-08-29T16:48:56,2
54362151,2026-08-05,2026-08-29T16:48:56,2
54362152,2026-08-05,2026-08-29T16:48:56,2
54362153,2026-08-05,2026-08-29T16:48:56,2
54362154,2026-08-05,2026-08-29T16:48:56,2
54362155,2026-08-05,2026-08-29T16:48:56,2
54362156,2026-08-05,2026-08-29T16:46:57,2
54362158,2026-08-05,2026-08-29T16:47:00,2
54362225,2026-08-05,2026-08-29T16:48:02,2
54362358,2026-08-05,2026-08-05,1
54362402,2026-08-29T16:36:37,2026-08-29T16:36:37,1
54362528,2026-08-05,2026-08-29T16:38:24,2
54362601,2026-08-05,2026-08-05,1
54362606,2026-08-05,2026-08-29T16:39:34,2
54362699,2026-08-05,2026-08-05,1
54362978,2026-08-29T16:29:07,2026-08-29T16:29:07,1
54363131,2026-08-29T16:51:39,2026-08-29T16:51:39,1
54363132,2026-08-29T16:58:43,2026-08-29T16:58:43,1
54363142,2026-08-29T16:58:43,2026-08-29T16:58:43,1
54363172,2026-08-05,2026-08-05,1
54363185,2026-08-29T16:58:43,2026-08-29T16:58:43,1
54363208,2026-08-05,2026-08-29T17:12:00,2
54363234,2026-08-05,2026-08-29T16:44:59,2
54363253,2026-08-29T16:58:43,2026-08-29T16:58:43,1
54363267,2026-08-29T16:58:43,2026-08-29T16:58:43,1
54363280,2026-08-29T16:58:43,2026-08-29T16:58:43,1
54363315,2026-08-05,2026-08-29T17:12:00,2
54363321,2026-08-05,2026-08-29T16:32:28,2
54363327,2026-08-05,2026-08-29T16:40:48,2
54363333,2026-08-05,2026-08-29T17:11:57,2
54363405,2026-08-05,2026-08-29T17:07:35,2
54363576,2026-08-05,2026-08-29T16:43:42,2
54363636,2026-08-05,2026-08-29T17:08:20,2
54363654,2026-08-05,2026-08-29T17:08:24,2
54363718,2026-08-05,2026-08-29T17:09:20,2
54363747,2026-08-05,2026-08-29T16:41:18,2
54363762,2026-08-05,2026-08-29T17:07:29,2
54363834,2026-08-29T17:04:55,2026-08-29T17:04:55,1
54363867,2026-08-29T16:52:36,2026-08-29T16:52:36,1
54363914,2026-08-29T16:52:25,2026-08-29T16:52:25,1
54363943,2026-08-05,2026-08-29T16:44:44,2
54364058,2026-08-29T16:58:52,2026-08-29T16:58:52,1
54364059,2026-08-29T17:04:22,2026-08-29T17:04:22,1
54364060,2026-08-29T16:58:52,2026-08-29T16:58:52,1
54364091,2026-08-29T16:58:52,2026-08-29T16:58:52,1
54364092,2026-08-29T16:59:32,2026-08-29T16:59:32,1
54364093,2026-08-05,2026-08-29T16:43:04,2
54364115,2026-08-29T16:55:06,2026-08-29T16:55:06,1
54364116,2026-08-05,2026-08-29T16:29:07,2
54364135,2026-08-05,2026-08-29T16:47:00,2
54364136,2026-08-05,2026-08-29T16:47:00,2
54364147,2026-08-05,2026-08-29T16:47:00,2
54364495,2026-08-05,2026-08-29T16:57:00,2
54364554,2026-08-29T16:55:28,2026-08-29T16:55:28,1
54364631,2026-08-29T16:55:28,2026-08-29T16:55:28,1
54364632,2026-08-29T16:55:28,2026-08-29T16:55:28,1
54364634,2026-08-29T16:55:28,2026-08-29T16:55:28,1
54364746,2026-08-29T16:58:52,2026-08-29T16:58:52,1
54364748,2026-08-05,2026-08-29T16:58:52,2
54364749,2026-08-05,2026-08-29T16:58:52,2
54364759,2026-08-05,2026-08-29T16:59:29,2
54364760,2026-08-05,2026-08-29T16:59:11,2
54364761,2026-08-05,2026-08-29T16:55:28,2
54364766,2026-08-05,2026-08-29T16:45:09,2
54364775,2026-08-05,2026-08-29T16:43:04,2
54364825,2026-08-05,2026-08-29T16:36:07,2
54364826,2026-08-05,2026-08-29T16:40:54,2
54364837,2026-08-05,2026-08-29T16:46:54,2
54364840,2026-08-05,2026-08-29T17:01:50,2
54364845,2026-08-29T16:59:32,2026-08-29T16:59:32,1
54364848,2026-08-05,2026-08-29T16:43:04,2
54364852,2026-08-05,2026-08-29T17:01:50,2
54364859,2026-08-05,2026-08-29T17:07:56,2
54364941,2026-08-05,2026-08-29T16:40:23,2
54364966,2026-08-05,2026-08-29T17:02:34,2
54364970,2026-08-29T16:59:29,2026-08-29T16:59:29,1
54364977,2026-08-29T16:56:46,2026-08-29T16:56:46,1
54364983,2026-08-29T16:59:29,2026-08-29T16:59:29,1
54365240,2026-08-29T17:03:48,2026-08-29T17:03:48,1
54365330,2026-08-29T17:03:48,2026-08-29T17:03:48,1
54365383,2026-08-29T16:38:55,2026-08-29T16:38:55,1
54365544,2026-08-05,2026-08-29T17:11:31,2
54365580,2026-08-05,2026-08-29T17:02:13,2
54365610,2026-08-29T16:56:32,2026-08-29T16:56:32,1
54365619,2026-08-29T17:03:42,2026-08-29T17:03:42,1
54365756,2026-08-05,2026-08-29T17:01:32,2
54365833,2026-08-05,2026-08-29T17:01:32,2
54365907,2026-08-29T16:58:28,2026-08-29T16:58:28,1
54365972,2026-08-05,2026-08-29T16:59:08,2
54366067,2026-08-05,2026-08-29T16:41:22,2
54366175,2026-08-29T16:59:05,2026-08-29T16:59:05,1
54366241,2026-08-05,2026-08-29T17:07:07,2
54366369,2026-08-05,2026-08-05,1
54366376,2026-08-05,2026-08-29T16:35:31,2
54366473,2026-08-29T16:59:05,2026-08-29T16:59:05,1
54366515,2026-08-05,2026-08-29T16:34:50,2
54366773,2026-08-29T16:59:05,2026-08-29T16:59:05,1
54366799,2026-08-05,2026-08-29T16:40:58,2
54366813,2026-08-29T16:48:40,2026-08-29T16:48:40,1
54366913,2026-08-05,2026-08-29T16:36:51,2
54366927,2026-08-05,2026-08-29T16:33:33,2
54367006,2026-08-05,2026-08-29T17:02:04,2
54367057,2026-08-29T16:47:19,2026-08-29T16:47:19,1
54367122,2026-08-29T16:55:49,2026-08-29T16:55:49,1
54367151,2026-08-05,2026-08-05,1
54367334,2026-08-05,2026-08-29T16:43:42,2
54367388,2026-08-05,2026-08-29T17:02:28,2
54367493,2026-08-05,2026-08-05,1
54367499,2026-08-05,2026-08-05,1
54367512,2026-08-29T16:57:40,2026-08-29T16:57:40,1
54367595,2026-08-05,2026-08-29T17:07:29,2
54367636,2026-08-05,2026-08-29T17:00:32,2
54367660,2026-08-05,2026-08-29T17:09:44,2
54367760,2026-08-05,2026-08-05,1
54367793,2026-08-05,2026-08-29T16:37:28,2
54367950,2026-08-05,2026-08-29T16:51:46,2
54367960,2026-08-05,2026-08-29T16:50:05,2
54368127,2026-08-05,2026-08-29T16:47:00,2
54368206,2026-08-05,2026-08-29T16:49:51,2
54368344,2026-08-29T17:04:55,2026-08-29T17:04:55,1
54368361,2026-08-29T17:04:43,2026-08-29T17:04:43,1
54368499,2026-08-05,2026-08-29T17:10:06,2
54369074,2026-08-05,2026-08-29T16:49:47,2
54369109,2026-08-05,2026-08-29T17:09:37,2
54369116,2026-08-29T16:57:06,2026-08-29T16:57:06,1
54369161,2026-08-05,2026-08-05,1
54369191,2026-08-05,2026-08-29T16:55:22,2
54369383,2026-08-29T16:54:14,2026-08-29T16:54:14,1
54369426,2026-08-05,2026-08-29T17:06:49,2
54369559,2026-08-05,2026-08-29T16:47:00,2
54369635,2026-08-05,2026-08-05,1
54369644,2026-08-05,2026-08-29T16:48:02,2
54369658,2026-08-29T16:55:06,2026-08-29T16:55:06,1
54369659,2026-08-05,2026-08-29T16:59:11,2
54369661,2026-08-05,2026-08-29T17:01:50,2
54369662,2026-08-05,2026-08-29T17:01:50,2
54369664,2026-08-05,2026-08-29T16:50:24,2
54369666,2026-08-29T17:03:33,2026-08-29T17:03:33,1
54369670,2026-08-05,2026-08-29T16:50:24,2
54369671,2026-08-29T17:00:26,2026-08-29T17:00:26,1
54369673,2026-08-05,2026-08-29T16:50:24,2
54369690,2026-08-05,2026-08-29T17:00:47,2
54369691,2026-08-05,2026-08-29T17:00:47,2
54369692,2026-08-05,2026-08-29T17:00:47,2
54369693,2026-08-05,2026-08-29T16:47:10,2
54369694,2026-08-05,2026-08-29T17:00:47,2
54370074,2026-08-05,2026-08-29T16:55:18,2
54370251,2026-08-05,2026-08-29T17:06:09,2
54370254,2026-08-29T16:51:32,2026-08-29T16:51:32,1
54370267,2026-08-29T16:43:42,2026-08-29T16:43:42,1
54370281,2026-08-05,2026-08-29T16:48:56,2
54370320,2026-08-29T17:03:39,2026-08-29T17:03:39,1
54370385,2026-08-05,2026-08-29T16:29:55,2
54370404,2026-08-05,2026-08-29T17:06:06,2
54370405,2026-08-05,2026-08-29T16:30:41,2
54370421,2026-08-05,2026-08-29T17:00:53,2
54370712,2026-08-29T17:03:39,2026-08-29T17:03:39,1
54370831,2026-08-29T17:04:58,2026-08-29T17:04:58,1
54370945,2026-08-05,2026-08-29T17:10:03,2
54370960,2026-08-05,2026-08-29T17:10:47,2
54371054,2026-08-05,2026-08-05,1
54371069,2026-08-05,2026-08-29T17:08:31,2
54371345,2026-08-05,2026-08-29T16:29:35,2
54371471,2026-08-29T16:52:39,2026-08-29T16:52:39,1
54371573,2026-08-05,2026-08-29T17:09:51,2
54371602,2026-08-05,2026-08-29T17:09:51,2
54371802,2026-08-05,2026-08-05,1
54371817,2026-08-05,2026-08-29T16:41:30,2
54371849,2026-08-05,2026-08-29T16:33:30,2
54371856,2026-08-29T16:37:54,2026-08-29T16:37:54,1
54371896,2026-08-29T17:04:43,2026-08-29T17:04:43,1
54371960,2026-08-05,2026-08-29T17:07:25,2
54371993,2026-08-29T16:54:19,2026-08-29T16:54:19,1
54372046,2026-08-05,2026-08-29T16:47:00,2
54372050,2026-08-29T16:58:15,2026-08-29T16:58:15,1
54372120,2026-08-05,2026-08-05,1
54372360,2026-08-29T17:04:34,2026-08-29T17:04:34,1
54372454,2026-08-05,2026-08-29T16:28:56,2
54372456,2026-08-05,2026-08-29T16:32:26,2
54372479,2026-08-29T16:34:36,2026-08-29T16:34:36,1
54372535,2026-08-05,2026-08-05,1
54372571,2026-08-29T16:30:52,2026-08-29T16:30:52,1
54372938,2026-08-29T16:39:55,2026-08-29T16:39:55,1
54372948,2026-08-29T16:58:37,2026-08-29T16:58:37,1
54373264,2026-08-05,2026-08-29T16:31:34,2
54373295,2026-08-05,2026-08-29T16:56:43,2
54373403,2026-08-05,2026-08-29T17:10:03,2
54373490,2026-08-05,2026-08-29T16:49:39,2
54373496,2026-08-05,2026-08-29T16:49:39,2
54373748,2026-08-29T16:58:43,2026-08-29T16:58:43,1
54373940,2026-08-05,2026-08-05,1
54373941,2026-08-05,2026-08-29T16:38:14,2
54373988,2026-08-05,2026-08-29T16:34:50,2
54374059,2026-08-05,2026-08-29T17:08:34,2
54374151,2026-08-29T16:55:31,2026-08-29T16:55:31,1
54374183,2026-08-29T17:03:48,2026-08-29T17:03:48,1
54374226,2026-08-05,2026-08-29T17:09:09,2
54374340,2026-08-05,2026-08-05,1
54374417,2026-08-05,2026-08-05,1
54374425,2026-08-05,2026-08-29T16:59:14,2
54374469,2026-08-05,2026-08-29T16:37:54,2
54374508,2026-08-05,2026-08-05,1
54374566,2026-08-05,2026-08-29T17:11:02,2
54374680,2026-08-05,2026-08-29T17:09:55,2
54374685,2026-08-05,2026-08-05,1
54374805,2026-08-05,2026-08-29T16:51:46,2
54374848,2026-08-05,2026-08-05,1
54374854,2026-08-29T16:55:56,2026-08-29T16:55:56,1
54374953,2026-08-05,2026-08-05,1
54374973,2026-08-29T16:55:59,2026-08-29T16:55:59,1
54374981,2026-08-29T16:54:42,2026-08-29T16:54:42,1
54375058,2026-08-05,2026-08-29T16:39:10,2
54375103,2026-08-29T16:51:46,2026-08-29T16:51:46,1
54375164,2026-08-05,2026-08-29T16:44:08,2
54375194,2026-08-05,2026-08-29T17:09:55,2
54375211,2026-08-05,2026-08-29T17:01:02,2
54375277,2026-08-05,2026-08-29T16:40:36,2
54375440,2026-08-05,2026-08-29T16:48:14,2
54375480,2026-08-29T16:51:46,2026-08-29T16:51:46,1
54375599,2026-08-05,2026-08-29T16:56:46,2
54375603,2026-08-05,2026-08-29T16:42:09,2
54375628,2026-08-05,2026-08-29T16:34:50,2
54375641,2026-08-05,2026-08-29T16:46:38,2
54375762,2026-08-29T17:03:48,2026-08-29T17:03:48,1
54375831,2026-08-05,2026-08-29T17:01:59,2
54375887,2026-08-05,2026-08-29T17:00:23,2
54375894,2026-08-05,2026-08-05,1
54376018,2026-08-29T16:32:56,2026-08-29T16:32:56,1
54376090,2026-08-05,2026-08-29T16:43:36,2
54376152,2026-08-05,2026-08-29T16:43:23,2
54376216,2026-08-05,2026-08-05,1
54376217,2026-08-05,2026-08-29T16:43:26,2
54376222,2026-08-05,2026-08-29T16:39:46,2
54376243,2026-08-05,2026-08-29T17:01:38,2
54376245,2026-08-05,2026-08-29T17:01:38,2
54376250,2026-08-05,2026-08-05,1
54376271,2026-08-05,2026-08-29T16:41:48,2
54376314,2026-08-29T17:04:10,2026-08-29T17:04:10,1
54376337,2026-08-05,2026-08-05,1
54376350,2026-08-29T16:52:45,2026-08-29T16:52:45,1
54376390,2026-08-05,2026-08-29T16:44:08,2
54376395,2026-08-05,2026-08-05,1
54376439,2026-08-05,2026-08-29T16:40:32,2
54376441,2026-08-05,2026-08-29T16:31:30,2
54376498,2026-08-29T16:56:52,2026-08-29T16:56:52,1
54376499,2026-08-29T16:56:52,2026-08-29T16:56:52,1
54376513,2026-08-05,2026-08-29T16:40:48,2
54376662,2026-08-29T16:34:47,2026-08-29T16:34:47,1
54376703,2026-08-29T16:46:34,2026-08-29T16:46:34,1
54376915,2026-08-05,2026-08-29T16:46:13,2
54377009,2026-08-05,2026-08-29T16:34:33,2
54377067,2026-08-05,2026-08-29T16:42:56,2
54377102,2026-08-05,2026-08-29T16:57:52,2
54377204,2026-08-05,2026-08-29T16:43:55,2
54377255,2026-08-05,2026-08-29T16:29:20,2
54377268,2026-08-05,2026-08-29T16:40:32,2
54377386,2026-08-05,2026-08-29T16:43:42,2
54377406,2026-08-05,2026-08-29T16:39:38,2
54377496,2026-08-29T16:31:17,2026-08-29T16:31:17,1
54377523,2026-08-05,2026-08-29T16:42:32,2
54377683,2026-08-05,2026-08-05,1
54377723,2026-08-05,2026-08-29T16:49:27,2
54377821,2026-08-05,2026-08-29T16:45:02,2
54378114,2026-08-05,2026-08-29T16:49:56,2
54378130,2026-08-05,2026-08-29T16:42:56,2
54378200,2026-08-05,2026-08-29T16:49:27,2
54378201,2026-08-05,2026-08-29T16:49:23,2
54378202,2026-08-05,2026-08-29T16:49:20,2
54378203,2026-08-29T16:49:27,2026-08-29T16:49:27,1
54378204,2026-08-05,2026-08-29T16:49:20,2
54378205,2026-08-05,2026-08-29T16:49:20,2
54378207,2026-08-05,2026-08-29T16:49:23,2
54378208,2026-08-05,2026-08-29T16:49:20,2
54378209,2026-08-05,2026-08-29T16:48:04,2
54378210,2026-08-05,2026-08-29T16:49:23,2
54378222,2026-08-05,2026-08-29T16:49:23,2
54378223,2026-08-05,2026-08-29T16:49:23,2
54378411,2026-08-05,2026-08-29T16:49:23,2
54378412,2026-08-05,2026-08-29T16:49:36,2
54378522,2026-08-05,2026-08-29T16:49:23,2
54378631,2026-08-05,2026-08-29T16:40:32,2
54378726,2026-08-05,2026-08-29T17:09:51,2
54378727,2026-08-05,2026-08-29T17:09:55,2
54378728,2026-08-05,2026-08-29T17:09:55,2
54378732,2026-08-05,2026-08-05,1
54378733,2026-08-05,2026-08-29T17:12:09,2
54378734,2026-08-05,2026-08-29T17:12:09,2
54378736,2026-08-05,2026-08-29T17:12:09,2
54378738,2026-08-05,2026-08-05,1
54378741,2026-08-05,2026-08-05,1
54378766,2026-08-05,2026-08-29T16:49:23,2
54378767,2026-08-05,2026-08-29T16:49:23,2
54378778,2026-08-05,2026-08-29T16:42:42,2
54378826,2026-08-05,2026-08-29T16:55:18,2
54378829,2026-08-05,2026-08-29T16:48:52,2
54379097,2026-08-05,2026-08-29T17:10:09,2
54379101,2026-08-05,2026-08-29T17:01:59,2
54379210,2026-08-05,2026-08-05,1
54379259,2026-08-05,2026-08-29T17:05:45,2
54379359,2026-08-05,2026-08-29T17:09:55,2
54379360,2026-08-05,2026-08-29T17:09:55,2
54379361,2026-08-05,2026-08-05,1
54379387,2026-08-29T16:31:30,2026-08-29T16:31:30,1
54379457,2026-08-05,2026-08-05,1
54379522,2026-08-05,2026-08-29T16:51:20,2
54379764,2026-08-05,2026-08-29T17:08:31,2
54379894,2026-08-05,2026-08-29T17:10:09,2
54379895,2026-08-05,2026-08-29T17:10:09,2
54379896,2026-08-05,2026-08-29T17:10:09,2
54379897,2026-08-05,2026-08-29T16:55:49,2
54379917,2026-08-29T17:04:13,2026-08-29T17:04:13,1
54379942,2026-08-29T16:52:45,2026-08-29T16:52:45,1
54379963,2026-08-05,2026-08-05,1
54380050,2026-08-29T16:39:18,2026-08-29T16:39:18,1
54380076,2026-08-29T16:53:44,2026-08-29T16:53:44,1
54380138,2026-08-05,2026-08-29T16:34:41,2
54380200,2026-08-29T16:37:54,2026-08-29T16:37:54,1
54380341,2026-08-29T17:04:46,2026-08-29T17:04:46,1
54380359,2026-08-05,2026-08-29T17:10:55,2
54380461,2026-08-05,2026-08-29T17:11:39,2
54380493,2026-08-05,2026-08-29T17:11:49,2
54380520,2026-08-05,2026-08-29T17:00:35,2
54380542,2026-08-29T16:52:31,2026-08-29T16:52:31,1
54380584,2026-08-05,2026-08-29T16:46:07,2
54380667,2026-08-05,2026-08-29T16:29:00,2
54380715,2026-08-05,2026-08-29T16:43:55,2
54380739,2026-08-29T17:03:36,2026-08-29T17:03:36,1
54380766,2026-08-05,2026-08-05,1
54380820,2026-08-29T17:04:25,2026-08-29T17:04:25,1
54380874,2026-08-05,2026-08-29T16:44:53,2
54380875,2026-08-05,2026-08-29T16:46:22,2
54380888,2026-08-29T16:31:47,2026-08-29T16:31:47,1
54380890,2026-08-29T16:39:46,2026-08-29T16:39:46,1
54380891,2026-08-05,2026-08-29T16:42:24,2
54380892,2026-08-05,2026-08-29T16:39:46,2
54380893,2026-08-05,2026-08-29T16:58:04,2
54380894,2026-08-05,2026-08-29T16:59:43,2
54380895,2026-08-05,2026-08-29T16:58:04,2
54380897,2026-08-05,2026-08-29T16:33:02,2
54380898,2026-08-05,2026-08-29T16:29:59,2
54380899,2026-08-29T16:58:04,2026-08-29T16:58:04,1
54380900,2026-08-05,2026-08-29T16:30:30,2
54380901,2026-08-29T16:52:48,2026-08-29T16:52:48,1
54380903,2026-08-29T16:53:02,2026-08-29T16:53:02,1
54380904,2026-08-29T16:30:30,2026-08-29T16:30:30,1
54380915,2026-08-05,2026-08-29T16:46:22,2
54380974,2026-08-05,2026-08-29T16:44:37,2
54380996,2026-08-05,2026-08-29T16:44:37,2
54381034,2026-08-29T16:55:56,2026-08-29T16:55:56,1
54381082,2026-08-05,2026-08-29T17:09:37,2
54381139,2026-08-05,2026-08-29T16:39:10,2
54381177,2026-08-05,2026-08-29T17:02:28,2
54381180,2026-08-29T16:58:09,2026-08-29T16:58:09,1
54381253,2026-08-05,2026-08-29T17:11:36,2
54381272,2026-08-29T16:47:16,2026-08-29T16:47:16,1
54381334,2026-08-05,2026-08-29T16:36:14,2
54381383,2026-08-05,2026-08-29T17:06:36,2
54381412,2026-08-05,2026-08-29T17:05:48,2
54381457,2026-08-05,2026-08-29T16:51:26,2
54381518,2026-08-05,2026-08-29T17:05:13,2
54381678,2026-08-05,2026-08-29T17:06:09,2
54381691,2026-08-05,2026-08-29T16:47:00,2
54381703,2026-08-05,2026-08-29T16:47:00,2
54381704,2026-08-05,2026-08-29T16:47:03,2
54381726,2026-08-05,2026-08-05,1
54381813,2026-08-05,2026-08-29T16:46:54,2
54381818,2026-08-05,2026-08-29T16:49:56,2
54381930,2026-08-05,2026-08-29T17:08:31,2
54382152,2026-08-29T17:00:01,2026-08-29T17:00:01,1
54382231,2026-08-05,2026-08-29T16:46:54,2
54382240,2026-08-05,2026-08-29T16:46:54,2
54382280,2026-08-05,2026-08-29T16:46:54,2
54382286,2026-08-05,2026-08-29T16:46:54,2
54382300,2026-08-05,2026-08-29T16:46:51,2
54382311,2026-08-05,2026-08-29T16:33:59,2
54382314,2026-08-05,2026-08-29T16:33:59,2
54382325,2026-08-05,2026-08-29T16:46:51,2
54382330,2026-08-05,2026-08-29T16:33:59,2
54382331,2026-08-05,2026-08-29T16:46:51,2
54382338,2026-08-05,2026-08-29T16:46:51,2
54382343,2026-08-05,2026-08-29T16:33:59,2
54382346,2026-08-05,2026-08-29T16:46:51,2
54382355,2026-08-05,2026-08-29T16:46:51,2
54382359,2026-08-05,2026-08-29T16:46:48,2
54382363,2026-08-05,2026-08-29T16:46:51,2
54382366,2026-08-05,2026-08-29T16:46:51,2
54382373,2026-08-05,2026-08-29T16:46:51,2
54382381,2026-08-05,2026-08-29T16:46:48,2
54382383,2026-08-05,2026-08-29T16:46:48,2
54382385,2026-08-05,2026-08-29T16:49:08,2
54382386,2026-08-05,2026-08-29T16:46:48,2
54382388,2026-08-05,2026-08-29T16:46:51,2
54382402,2026-08-05,2026-08-29T16:46:51,2
54382419,2026-08-05,2026-08-29T16:46:51,2
54382423,2026-08-05,2026-08-29T16:46:51,2
54382431,2026-08-05,2026-08-29T16:46:51,2
54382435,2026-08-05,2026-08-29T16:46:51,2
54382546,2026-08-05,2026-08-05,1
54382908,2026-08-29T17:02:55,2026-08-29T17:02:55,1
54383095,2026-08-29T16:39:58,2026-08-29T16:39:58,1
54383183,2026-08-05,2026-08-29T16:45:39,2
54383371,2026-08-05,2026-08-29T16:43:52,2
54383385,2026-08-05,2026-08-05,1
54383393,2026-08-05,2026-08-05,1
54383491,2026-08-05,2026-08-05,1
54383525,2026-08-05,2026-08-29T16:57:58,2
54383624,2026-08-05,2026-08-29T16:57:28,2
54383642,2026-08-05,2026-08-29T16:49:39,2
54383692,2026-08-05,2026-08-29T17:10:58,2
54383757,2026-08-05,2026-08-29T16:30:45,2
54383818,2026-08-29T16:35:06,2026-08-29T16:35:06,1
54383901,2026-08-05,2026-08-29T16:33:59,2
54383957,2026-08-05,2026-08-29T17:07:25,2
54383994,2026-08-29T16:43:26,2026-08-29T16:43:26,1
54384085,2026-08-05,2026-08-29T16:39:06,2
54384124,2026-08-05,2026-08-29T16:47:03,2
54384164,2026-08-05,2026-08-29T16:42:42,2
54384216,2026-08-29T16:29:11,2026-08-29T16:29:11,1
54384406,2026-08-05,2026-08-29T16:33:22,2
54384411,2026-08-29T16:31:13,2026-08-29T16:31:13,1
54384486,2026-08-05,2026-08-29T16:36:10,2
54384548,2026-08-05,2026-08-29T16:30:30,2
54384606,2026-08-29T16:42:09,2026-08-29T16:42:09,1
54384608,2026-08-05,2026-08-29T16:31:34,2
54384653,2026-08-29T16:35:06,2026-08-29T16:35:06,1
54384768,2026-08-05,2026-08-29T17:06:00,2
54384804,2026-08-05,2026-08-29T17:05:28,2
54384939,2026-08-05,2026-08-29T16:35:51,2
54385008,2026-08-29T17:03:01,2026-08-29T17:03:01,1
54385032,2026-08-05,2026-08-29T16:56:14,2
54385065,2026-08-29T17:03:01,2026-08-29T17:03:01,1
54385235,2026-08-05,2026-08-29T17:11:49,2
54385507,2026-08-05,2026-08-29T16:33:36,2
54385524,2026-08-05,2026-08-29T17:01:02,2
54385561,2026-08-05,2026-08-05,1
54385595,2026-08-05,2026-08-29T16:32:19,2
54385632,2026-08-29T16:54:58,2026-08-29T16:54:58,1
54385648,2026-08-05,2026-08-29T16:48:08,2
54385748,2026-08-05,2026-08-29T16:49:23,2
54385778,2026-08-29T17:00:26,2026-08-29T17:00:26,1
54385792,2026-08-05,2026-08-29T17:00:47,2
54385841,2026-08-05,2026-08-29T17:05:54,2
54385893,2026-08-05,2026-08-29T16:48:34,2
54385944,2026-08-05,2026-08-29T16:40:32,2
54386066,2026-08-29T16:58:59,2026-08-29T16:58:59,1
54386283,2026-08-05,2026-08-29T16:48:37,2
54386305,2026-08-05,2026-08-29T17:10:15,2
54386331,2026-08-29T16:30:49,2026-08-29T16:30:49,1
54386535,2026-08-05,2026-08-29T16:46:57,2
54386557,2026-08-05,2026-08-29T16:46:57,2
54386601,2026-08-05,2026-08-29T16:55:09,2
54386615,2026-08-05,2026-08-29T17:00:38,2
54386619,2026-08-05,2026-08-29T16:49:54,2
54386725,2026-08-05,2026-08-29T16:46:54,2
54386728,2026-08-05,2026-08-29T16:46:54,2
54386733,2026-08-05,2026-08-29T16:42:35,2
54386803,2026-08-05,2026-08-29T16:37:32,2
54386848,2026-08-05,2026-08-29T16:33:46,2
54386854,2026-08-05,2026-08-29T16:33:46,2
54386913,2026-08-05,2026-08-29T16:42:39,2
54386932,2026-08-05,2026-08-29T16:49:51,2
54386942,2026-08-05,2026-08-29T17:08:44,2
54386952,2026-08-29T16:52:55,2026-08-29T16:52:55,1
54386985,2026-08-05,2026-08-29T17:01:26,2
54387039,2026-08-05,2026-08-29T17:05:19,2
54387290,2026-08-05,2026-08-29T17:06:49,2
54387299,2026-08-05,2026-08-29T17:08:59,2
54387428,2026-08-29T16:57:28,2026-08-29T16:57:28,1
54387478,2026-08-05,2026-08-29T17:05:48,2
54387582,2026-08-05,2026-08-05,1
54387584,2026-08-05,2026-08-05,1
54387609,2026-08-05,2026-08-29T16:47:31,2
54387621,2026-08-05,2026-08-29T16:32:26,2
54387649,2026-08-05,2026-08-29T16:42:56,2
54387873,2026-08-05,2026-08-29T16:43:46,2
54387912,2026-08-29T17:02:43,2026-08-29T17:02:43,1
54387944,2026-08-05,2026-08-29T16:44:02,2
54387969,2026-08-05,2026-08-29T16:43:52,2
54388011,2026-08-05,2026-08-29T16:36:33,2
54388037,2026-08-29T16:56:52,2026-08-29T16:56:52,1
54388072,2026-08-05,2026-08-29T16:29:07,2
54388249,2026-08-05,2026-08-29T17:07:10,2
54388429,2026-08-05,2026-08-05,1
54388461,2026-08-05,2026-08-29T16:43:49,2
54388482,2026-08-29T17:00:17,2026-08-29T17:00:17,1
54388484,2026-08-29T17:00:23,2026-08-29T17:00:23,1
54388485,2026-08-05,2026-08-29T16:45:36,2
54388486,2026-08-29T17:00:23,2026-08-29T17:00:23,1
54388489,2026-08-29T17:00:23,2026-08-29T17:00:23,1
54388499,2026-08-05,2026-08-29T16:43:42,2
54388647,2026-08-29T16:35:31,2026-08-29T16:35:31,1
54388766,2026-08-29T16:59:49,2026-08-29T16:59:49,1
54388947,2026-08-05,2026-08-29T17:01:26,2
54388968,2026-08-29T16:59:29,2026-08-29T16:59:29,1
54388975,2026-08-05,2026-08-29T17:01:26,2
54389038,2026-08-29T16:52:42,2026-08-29T16:52:42,1
54389057,2026-08-05,2026-08-29T16:29:11,2
54389174,2026-08-29T16:37:21,2026-08-29T16:37:21,1
54389223,2026-08-05,2026-08-29T17:00:41,2
54389300,2026-08-05,2026-08-29T16:46:57,2
54389303,2026-08-05,2026-08-29T16:46:57,2
54389326,2026-08-05,2026-08-29T17:11:28,2
54389327,2026-08-05,2026-08-29T16:37:58,2
54389330,2026-08-05,2026-08-29T17:12:19,2
54389354,2026-08-29T16:57:37,2026-08-29T16:57:37,1
54389689,2026-08-05,2026-08-05,1
54389697,2026-08-05,2026-08-29T16:36:18,2
54389722,2026-08-05,2026-08-05,1
54390209,2026-08-05,2026-08-29T16:46:04,2
54390498,2026-08-05,2026-08-29T16:46:29,2
54390590,2026-08-29T17:00:23,2026-08-29T17:00:23,1
54390661,2026-08-05,2026-08-29T17:07:10,2
54390820,2026-08-05,2026-08-29T16:48:37,2
54390842,2026-08-29T16:59:46,2026-08-29T16:59:46,1
54390997,2026-08-29T16:40:32,2026-08-29T16:40:32,1
54391053,2026-08-05,2026-08-29T16:49:02,2
54391057,2026-08-29T17:03:19,2026-08-29T17:03:19,1
54391094,2026-08-05,2026-08-29T16:41:27,2
54391116,2026-08-29T16:54:19,2026-08-29T16:54:19,1
54391150,2026-08-05,2026-08-29T17:05:48,2
54391472,2026-08-05,2026-08-29T16:48:14,2
54391539,2026-08-29T17:00:08,2026-08-29T17:00:08,1
54391720,2026-08-29T16:35:35,2026-08-29T16:35:35,1
54391742,2026-08-29T16:52:58,2026-08-29T16:52:58,1
54391745,2026-08-05,2026-08-29T16:55:46,2
54391785,2026-08-29T16:35:35,2026-08-29T16:35:35,1
54391808,2026-08-29T16:56:39,2026-08-29T16:56:39,1
54391858,2026-08-29T17:00:20,2026-08-29T17:00:20,1
54391882,2026-08-05,2026-08-29T16:40:43,2
54391928,2026-08-05,2026-08-29T16:33:59,2
54391931,2026-08-05,2026-08-29T17:05:13,2
54391932,2026-08-05,2026-08-29T17:09:41,2
54391962,2026-08-05,2026-08-29T16:55:12,2
54391977,2026-08-05,2026-08-29T16:36:33,2
54391992,2026-08-05,2026-08-29T16:48:34,2
54392021,2026-08-05,2026-08-29T16:34:50,2
54392073,2026-08-05,2026-08-29T16:46:38,2
54392107,2026-08-05,2026-08-29T16:47:31,2
54392108,2026-08-05,2026-08-29T16:32:28,2
54392148,2026-08-05,2026-08-29T16:50:08,2
54392254,2026-08-05,2026-08-05,1
54392281,2026-08-05,2026-08-29T16:47:13,2
54392305,2026-08-05,2026-08-29T16:44:05,2
54392312,2026-08-05,2026-08-29T17:12:19,2
54392447,2026-08-05,2026-08-29T16:40:58,2
54392477,2026-08-05,2026-08-29T16:51:39,2
54392588,2026-08-29T16:54:02,2026-08-29T16:54:02,1
54392640,2026-08-29T17:04:40,2026-08-29T17:04:40,1
54392706,2026-08-05,2026-08-29T16:42:01,2
54392796,2026-08-29T16:57:06,2026-08-29T16:57:06,1
54392821,2026-08-29T16:56:11,2026-08-29T16:56:11,1
54392825,2026-08-29T17:03:33,2026-08-29T17:03:33,1
54392848,2026-08-05,2026-08-29T16:37:21,2
54392876,2026-08-05,2026-08-29T16:41:43,2
54392879,2026-08-05,2026-08-29T16:37:17,2
54392880,2026-08-05,2026-08-29T17:01:26,2
54392999,2026-08-05,2026-08-29T17:06:29,2
54393000,2026-08-29T16:51:26,2026-08-29T16:51:26,1
54393089,2026-08-05,2026-08-05,1
54393116,2026-08-05,2026-08-05,1
54393118,2026-08-29T16:54:14,2026-08-29T16:54:14,1
54393126,2026-08-29T16:57:03,2026-08-29T16:57:03,1
54393136,2026-08-05,2026-08-29T16:42:53,2
54393322,2026-08-05,2026-08-29T16:44:13,2
54393339,2026-08-29T17:04:43,2026-08-29T17:04:43,1
54393378,2026-08-05,2026-08-29T16:48:08,2
54393424,2026-08-05,2026-08-29T16:39:22,2
54393488,2026-08-29T16:40:48,2026-08-29T16:40:48,1
54393499,2026-08-05,2026-08-29T16:42:24,2
54393515,2026-08-05,2026-08-29T16:49:56,2
54393542,2026-08-05,2026-08-29T16:44:59,2
54393573,2026-08-05,2026-08-05,1
54393626,2026-08-05,2026-08-29T16:46:57,2
54393641,2026-08-05,2026-08-29T16:29:20,2
54393709,2026-08-05,2026-08-29T16:42:56,2
54393719,2026-08-05,2026-08-29T16:42:56,2
54393762,2026-08-05,2026-08-29T16:42:56,2
54393844,2026-08-05,2026-08-29T16:42:56,2
54393850,2026-08-05,2026-08-29T16:46:25,2
54394020,2026-08-29T16:39:22,2026-08-29T16:39:22,1
54394040,2026-08-29T17:04:03,2026-08-29T17:04:03,1
54394041,2026-08-05,2026-08-29T16:37:32,2
54394050,2026-08-05,2026-08-29T16:46:29,2
54394087,2026-08-05,2026-08-29T17:05:22,2
54394103,2026-08-05,2026-08-29T17:05:39,2
54394107,2026-08-05,2026-08-29T17:07:04,2
54394185,2026-08-05,2026-08-29T17:05:36,2
54394198,2026-08-05,2026-08-29T17:06:03,2
54394260,2026-08-05,2026-08-29T16:58:09,2
54394270,2026-08-05,2026-08-29T16:35:43,2
54394271,2026-08-05,2026-08-29T17:05:36,2
54394569,2026-08-05,2026-08-29T17:01:26,2
54394583,2026-08-05,2026-08-29T17:01:26,2
54394597,2026-08-29T16:52:19,2026-08-29T16:52:19,1
54394601,2026-08-05,2026-08-29T16:53:44,2
54394606,2026-08-05,2026-08-29T16:53:44,2
54394630,2026-08-05,2026-08-29T16:48:52,2
54394788,2026-08-29T17:03:30,2026-08-29T17:03:30,1
54394847,2026-08-05,2026-08-29T17:11:36,2
54394916,2026-08-29T16:58:21,2026-08-29T16:58:21,1
54394992,2026-08-29T16:58:15,2026-08-29T16:58:15,1
54395064,2026-08-29T16:52:39,2026-08-29T16:52:39,1
54395166,2026-08-05,2026-08-29T16:47:03,2
54395168,2026-08-05,2026-08-29T17:10:21,2
54395190,2026-08-05,2026-08-29T17:10:21,2
54395233,2026-08-29T17:05:07,2026-08-29T17:05:07,1
54395236,2026-08-05,2026-08-29T16:49:36,2
54395307,2026-08-29T17:02:58,2026-08-29T17:02:58,1
54395330,2026-08-05,2026-08-29T16:44:19,2
54395342,2026-08-05,2026-08-29T16:44:19,2
54395348,2026-08-29T16:54:58,2026-08-29T16:54:58,1
54395376,2026-08-05,2026-08-29T16:46:41,2
54395386,2026-08-05,2026-08-29T17:08:31,2
54395421,2026-08-05,2026-08-29T16:33:19,2
54395444,2026-08-05,2026-08-05,1
54395447,2026-08-05,2026-08-05,1
54395449,2026-08-05,2026-08-29T16:38:24,2
54395459,2026-08-05,2026-08-29T17:07:25,2
54395460,2026-08-05,2026-08-05,1
54395477,2026-08-05,2026-08-05,1
54395491,2026-08-05,2026-08-05,1
54395498,2026-08-05,2026-08-05,1
54395505,2026-08-05,2026-08-05,1
54395509,2026-08-05,2026-08-05,1
54395528,2026-08-05,2026-08-05,1
54395550,2026-08-05,2026-08-05,1
54395559,2026-08-05,2026-08-05,1
54395566,2026-08-05,2026-08-05,1
54395576,2026-08-05,2026-08-29T17:00:50,2
54395581,2026-08-05,2026-08-29T16:47:53,2
54395584,2026-08-05,2026-08-05,1
54395622,2026-08-05,2026-08-29T17:08:31,2
54395672,2026-08-05,2026-08-29T16:31:47,2
54395726,2026-08-05,2026-08-29T16:48:20,2
54395763,2026-08-05,2026-08-29T16:44:56,2
54395770,2026-08-05,2026-08-29T16:44:29,2
54395847,2026-08-05,2026-08-29T16:50:05,2
54395868,2026-08-05,2026-08-29T16:51:32,2
54395881,2026-08-05,2026-08-29T16:40:58,2
54395898,2026-08-05,2026-08-29T17:00:41,2
54395910,2026-08-05,2026-08-05,1
54395934,2026-08-05,2026-08-05,1
54396047,2026-08-05,2026-08-29T17:07:25,2
54396180,2026-08-05,2026-08-29T16:48:17,2
54396466,2026-08-05,2026-08-29T16:50:21,2
54396495,2026-08-05,2026-08-29T17:10:55,2
54396518,2026-08-05,2026-08-29T16:46:22,2
54396576,2026-08-29T16:40:20,2026-08-29T16:40:20,1
54396843,2026-08-05,2026-08-29T16:31:30,2
54396866,2026-08-05,2026-08-29T17:01:59,2
54396918,2026-08-05,2026-08-29T16:49:51,2
54396937,2026-08-05,2026-08-05,1
54396938,2026-08-05,2026-08-05,1
54396939,2026-08-05,2026-08-05,1
54396940,2026-08-05,2026-08-05,1
54396941,2026-08-05,2026-08-05,1
54396942,2026-08-05,2026-08-05,1
54396947,2026-08-05,2026-08-05,1
54396948,2026-08-05,2026-08-05,1
54396949,2026-08-05,2026-08-05,1
54396950,2026-08-05,2026-08-05,1
54396951,2026-08-05,2026-08-05,1
54396952,2026-08-05,2026-08-05,1
54396953,2026-08-05,2026-08-05,1
54396954,2026-08-05,2026-08-05,1
54396955,2026-08-05,2026-08-29T17:12:06,2
54396957,2026-08-05,2026-08-29T17:12:06,2
54396958,2026-08-05,2026-08-29T17:12:09,2
54396960,2026-08-05,2026-08-29T17:12:06,2
54396996,2026-08-29T16:45:02,2026-08-29T16:45:02,1
54397002,2026-08-05,2026-08-29T16:39:58,2
54397051,2026-08-05,2026-08-29T16:48:52,2
54397052,2026-08-05,2026-08-29T16:48:52,2
54397078,2026-08-05,2026-08-29T16:50:08,2
54397084,2026-08-05,2026-08-29T16:48:52,2
54397150,2026-08-29T16:57:40,2026-08-29T16:57:40,1
54397211,2026-08-05,2026-08-29T16:32:22,2
54397273,2026-08-05,2026-08-29T16:49:08,2
54397315,2026-08-05,2026-08-29T16:49:33,2
54397514,2026-08-05,2026-08-05,1
54397525,2026-08-05,2026-08-29T16:48:52,2
54397526,2026-08-05,2026-08-29T17:02:28,2
54397611,2026-08-29T16:58:09,2026-08-29T16:58:09,1
54397612,2026-08-29T16:58:09,2026-08-29T16:58:09,1
54397659,2026-08-05,2026-08-29T16:36:28,2
54397660,2026-08-05,2026-08-29T16:36:28,2
54397661,2026-08-05,2026-08-29T16:36:28,2
54397724,2026-08-29T16:32:28,2026-08-29T16:32:28,1
54397792,2026-08-05,2026-08-29T16:28:53,2
54397872,2026-08-29T16:56:52,2026-08-29T16:56:52,1
54397892,2026-08-05,2026-08-29T16:28:45,2
54397916,2026-08-05,2026-08-29T16:29:00,2
54398267,2026-08-05,2026-08-29T17:05:45,2
54398277,2026-08-05,2026-08-05,1
54398288,2026-08-05,2026-08-05,1
54398310,2026-08-05,2026-08-29T16:48:11,2
54398511,2026-08-29T16:50:28,2026-08-29T16:50:28,1
54398712,2026-08-05,2026-08-29T17:01:32,2
54398782,2026-08-05,2026-08-29T16:40:32,2
54398837,2026-08-05,2026-08-29T16:46:48,2
54398917,2026-08-29T17:03:04,2026-08-29T17:03:04,1
54398920,2026-08-29T16:53:53,2026-08-29T16:53:53,1
54399065,2026-08-29T16:52:42,2026-08-29T16:52:42,1
54399147,2026-08-29T16:57:12,2026-08-29T16:57:12,1
54399212,2026-08-05,2026-08-29T16:51:49,2
54399226,2026-08-05,2026-08-29T16:41:18,2
54399392,2026-08-05,2026-08-29T17:11:42,2
54399425,2026-08-05,2026-08-29T16:39:42,2
54399661,2026-08-29T16:59:02,2026-08-29T16:59:02,1
54399698,2026-08-05,2026-08-29T17:08:34,2
54399748,2026-08-29T16:52:05,2026-08-29T16:52:05,1
54399785,2026-08-29T17:04:52,2026-08-29T17:04:52,1
54399787,2026-08-05,2026-08-29T17:04:52,2
54399860,2026-08-05,2026-08-29T16:35:13,2
54399897,2026-08-05,2026-08-29T16:47:38,2
54399903,2026-08-05,2026-08-29T16:49:30,2
54399958,2026-08-05,2026-08-29T16:49:54,2
54399991,2026-08-05,2026-08-29T16:47:13,2
54400083,2026-08-05,2026-08-05,1
54400089,2026-08-05,2026-08-29T16:43:13,2
54400114,2026-08-05,2026-08-05,1
54400137,2026-08-05,2026-08-29T16:41:14,2
54400174,2026-08-05,2026-08-29T17:02:46,2
54400217,2026-08-05,2026-08-29T16:47:44,2
54400320,2026-08-05,2026-08-29T17:05:25,2
54400508,2026-08-05,2026-08-29T16:49:47,2
54400550,2026-08-05,2026-08-29T17:08:34,2
54400600,2026-08-05,2026-08-29T16:47:19,2
54400743,2026-08-29T16:34:59,2026-08-29T16:34:59,1
54400771,2026-08-05,2026-08-29T17:10:39,2
54400775,2026-08-05,2026-08-05,1
54400930,2026-08-05,2026-08-29T17:01:26,2
54401020,2026-08-05,2026-08-29T16:36:47,2
54401051,2026-08-29T16:59:02,2026-08-29T16:59:02,1
54401151,2026-08-29T17:03:06,2026-08-29T17:03:06,1
54401319,2026-08-05,2026-08-29T16:34:19,2
54401321,2026-08-05,2026-08-29T17:09:17,2
54401349,2026-08-05,2026-08-29T16:34:47,2
54401472,2026-08-05,2026-08-05,1
54401820,2026-08-05,2026-08-29T17:00:29,2
54402091,2026-08-29T16:43:20,2026-08-29T16:43:20,1
54402140,2026-08-05,2026-08-29T16:47:19,2
54402598,2026-08-05,2026-08-29T16:42:35,2
54402786,2026-08-05,2026-08-29T16:45:25,2
54402956,2026-08-29T16:56:52,2026-08-29T16:56:52,1
54403001,2026-08-29T16:56:36,2026-08-29T16:56:36,1
54403004,2026-08-05,2026-08-29T17:05:10,2
54403106,2026-08-05,2026-08-29T16:35:51,2
54403546,2026-08-05,2026-08-05,1
54403600,2026-08-29T16:35:06,2026-08-29T16:35:06,1
54403680,2026-08-29T17:04:25,2026-08-29T17:04:25,1
54403782,2026-08-05,2026-08-29T16:29:48,2
54403940,2026-08-29T16:31:00,2026-08-29T16:31:00,1
54404019,2026-08-05,2026-08-29T16:47:31,2
54404055,2026-08-29T16:33:12,2026-08-29T16:33:12,1
54404089,2026-08-29T16:54:48,2026-08-29T16:54:48,1
54404102,2026-08-05,2026-08-29T16:32:41,2
54404107,2026-08-05,2026-08-29T16:37:54,2
54404160,2026-08-05,2026-08-29T17:00:47,2
54404181,2026-08-05,2026-08-29T16:30:34,2
54404188,2026-08-29T16:58:07,2026-08-29T16:58:07,1
54404236,2026-08-05,2026-08-29T16:44:13,2
54404238,2026-08-05,2026-08-29T16:44:13,2
54404242,2026-08-05,2026-08-29T16:44:13,2
54404243,2026-08-05,2026-08-29T16:44:13,2
54404299,2026-08-05,2026-08-29T16:43:30,2
54404430,2026-08-05,2026-08-29T16:37:24,2
54404553,2026-08-05,2026-08-05,1
54404574,2026-08-29T16:53:22,2026-08-29T16:53:22,1
54404582,2026-08-05,2026-08-05,1
54404604,2026-08-05,2026-08-29T17:01:08,2
54404626,2026-08-05,2026-08-29T16:40:36,2
54404848,2026-08-05,2026-08-29T16:48:59,2
54404864,2026-08-05,2026-08-29T16:49:11,2
54404866,2026-08-05,2026-08-29T16:36:42,2
54404902,2026-08-05,2026-08-29T16:48:04,2
54404932,2026-08-05,2026-08-29T16:43:10,2
54404933,2026-08-05,2026-08-29T16:43:10,2
54404934,2026-08-29T17:04:52,2026-08-29T17:04:52,1
54404938,2026-08-05,2026-08-29T16:43:10,2
54404939,2026-08-05,2026-08-29T16:43:10,2
54404965,2026-08-05,2026-08-29T16:46:57,2
54404975,2026-08-29T16:56:05,2026-08-29T16:56:05,1
54404976,2026-08-29T16:56:05,2026-08-29T16:56:05,1
54404978,2026-08-05,2026-08-29T16:43:10,2
54404982,2026-08-29T16:59:55,2026-08-29T16:59:55,1
54405000,2026-08-29T16:59:55,2026-08-29T16:59:55,1
54405004,2026-08-05,2026-08-29T16:32:28,2
54405065,2026-08-29T16:43:30,2026-08-29T16:43:30,1
54405067,2026-08-29T16:57:43,2026-08-29T16:57:43,1
54405072,2026-08-29T16:56:05,2026-08-29T16:56:05,1
54405073,2026-08-29T16:56:02,2026-08-29T16:56:02,1
54405075,2026-08-05,2026-08-29T16:43:10,2
54405076,2026-08-05,2026-08-29T16:43:10,2
54405099,2026-08-29T16:57:43,2026-08-29T16:57:43,1
54405107,2026-08-29T16:56:05,2026-08-29T16:56:05,1
54405108,2026-08-05,2026-08-29T17:04:22,2
54405109,2026-08-29T16:56:02,2026-08-29T16:56:02,1
54405112,2026-08-05,2026-08-29T16:43:13,2
54405114,2026-08-05,2026-08-29T16:43:10,2
54405115,2026-08-05,2026-08-29T16:43:13,2
54405194,2026-08-05,2026-08-05,1
54405243,2026-08-05,2026-08-29T16:50:02,2
54405284,2026-08-05,2026-08-05,1
54405336,2026-08-05,2026-08-05,1
54405544,2026-08-05,2026-08-29T16:33:55,2
54405557,2026-08-05,2026-08-05,1
54405658,2026-08-29T17:04:28,2026-08-29T17:04:28,1
54405706,2026-08-29T16:42:01,2026-08-29T16:42:01,1
54405718,2026-08-05,2026-08-29T16:43:20,2
54405744,2026-08-29T16:58:40,2026-08-29T16:58:40,1
54405746,2026-08-05,2026-08-29T17:12:00,2
54405782,2026-08-05,2026-08-29T16:46:57,2
54405790,2026-08-05,2026-08-29T16:46:57,2
54405830,2026-08-05,2026-08-29T16:46:51,2
54406320,2026-08-05,2026-08-29T17:01:29,2
54406588,2026-08-05,2026-08-29T16:33:55,2
54406880,2026-08-05,2026-08-29T17:08:53,2
54406910,2026-08-29T17:00:23,2026-08-29T17:00:23,1
54406931,2026-08-29T16:48:43,2026-08-29T16:48:43,1
54406936,2026-08-05,2026-08-29T16:38:14,2
54406937,2026-08-05,2026-08-29T16:46:29,2
54407379,2026-08-05,2026-08-29T17:06:24,2
54407385,2026-08-05,2026-08-05,1
54407386,2026-08-05,2026-08-29T17:10:06,2
54407398,2026-08-05,2026-08-29T16:45:49,2
54407400,2026-08-05,2026-08-29T17:01:11,2
54407456,2026-08-29T16:58:28,2026-08-29T16:58:28,1
54407526,2026-08-05,2026-08-29T16:30:07,2
54407571,2026-08-29T16:51:20,2026-08-29T16:51:20,1
54407717,2026-08-05,2026-08-29T16:47:10,2
54407760,2026-08-05,2026-08-29T16:44:59,2
54407761,2026-08-29T16:58:33,2026-08-29T16:58:33,1
54407782,2026-08-05,2026-08-29T16:47:55,2
54407811,2026-08-29T16:44:35,2026-08-29T16:44:35,1
54407883,2026-08-29T16:31:51,2026-08-29T16:31:51,1
54408067,2026-08-05,2026-08-29T17:00:44,2
54408138,2026-08-29T16:54:51,2026-08-29T16:54:51,1
54408224,2026-08-05,2026-08-29T17:06:49,2
54408233,2026-08-05,2026-08-29T17:07:07,2
54408263,2026-08-29T17:02:55,2026-08-29T17:02:55,1
54408271,2026-08-05,2026-08-29T16:43:36,2
54408303,2026-08-05,2026-08-29T16:30:19,2
54408306,2026-08-05,2026-08-29T17:08:40,2
54408368,2026-08-05,2026-08-29T16:33:22,2
54408399,2026-08-05,2026-08-29T17:11:36,2
54408484,2026-08-05,2026-08-29T16:45:39,2
54408494,2026-08-29T16:58:25,2026-08-29T16:58:25,1
54408502,2026-08-05,2026-08-29T17:12:19,2
54408559,2026-08-29T17:03:24,2026-08-29T17:03:24,1
54408587,2026-08-05,2026-08-29T17:12:19,2
54408598,2026-08-05,2026-08-29T16:46:54,2
54408602,2026-08-29T16:39:51,2026-08-29T16:39:51,1
54408623,2026-08-05,2026-08-29T16:46:54,2
54408636,2026-08-05,2026-08-29T16:48:34,2
54408721,2026-08-05,2026-08-29T16:45:19,2
54408769,2026-08-29T17:04:40,2026-08-29T17:04:40,1
54408874,2026-08-29T17:04:10,2026-08-29T17:04:10,1
54408878,2026-08-05,2026-08-29T17:11:49,2
54408887,2026-08-05,2026-08-29T17:11:25,2
54408980,2026-08-05,2026-08-29T16:41:43,2
54408997,2026-08-05,2026-08-29T16:48:37,2
54409182,2026-08-05,2026-08-05,1
54409215,2026-08-05,2026-08-29T16:41:09,2
54409327,2026-08-05,2026-08-05,1
54409438,2026-08-29T17:02:52,2026-08-29T17:02:52,1
54409510,2026-08-05,2026-08-29T16:55:43,2
54409590,2026-08-05,2026-08-29T16:46:34,2
54409593,2026-08-29T16:30:26,2026-08-29T16:30:26,1
54409616,2026-08-05,2026-08-29T16:33:33,2
54409633,2026-08-29T16:59:39,2026-08-29T16:59:39,1
54409637,2026-08-05,2026-08-29T16:39:46,2
54409752,2026-08-05,2026-08-05,1
54409907,2026-08-05,2026-08-29T16:55:09,2
54409972,2026-08-05,2026-08-29T16:46:34,2
54409973,2026-08-29T16:57:58,2026-08-29T16:57:58,1
54410093,2026-08-29T16:55:43,2026-08-29T16:55:43,1
54410173,2026-08-05,2026-08-29T16:49:02,2
54410178,2026-08-05,2026-08-29T16:51:42,2
54410186,2026-08-05,2026-08-29T16:51:42,2
54410205,2026-08-05,2026-08-29T16:45:02,2
54410320,2026-08-05,2026-08-29T17:02:31,2
54410323,2026-08-05,2026-08-29T17:02:31,2
54410325,2026-08-05,2026-08-29T17:02:31,2
54410391,2026-08-29T16:41:43,2026-08-29T16:41:43,1
54410526,2026-08-05,2026-08-29T16:55:43,2
54410658,2026-08-05,2026-08-29T16:48:04,2
54410666,2026-08-29T16:58:30,2026-08-29T16:58:30,1
54410801,2026-08-05,2026-08-29T16:47:07,2
54411052,2026-08-05,2026-08-29T17:09:48,2
54411118,2026-08-29T16:41:14,2026-08-29T16:41:14,1
54411134,2026-08-05,2026-08-29T17:01:35,2
54411161,2026-08-05,2026-08-29T16:45:58,2
54411199,2026-08-05,2026-08-05,1
54411311,2026-08-29T17:02:37,2026-08-29T17:02:37,1
54411409,2026-08-05,2026-08-05,1
54411646,2026-08-05,2026-08-29T16:42:16,2
54411722,2026-08-05,2026-08-05,1
54411765,2026-08-29T16:39:22,2026-08-29T16:39:22,1
54411817,2026-08-05,2026-08-05,1
54411818,2026-08-05,2026-08-05,1
54411819,2026-08-05,2026-08-05,1
54411820,2026-08-05,2026-08-05,1
54411822,2026-08-05,2026-08-05,1
54411823,2026-08-05,2026-08-05,1
54411824,2026-08-05,2026-08-05,1
54411825,2026-08-05,2026-08-05,1
54411826,2026-08-05,2026-08-05,1
54411845,2026-08-05,2026-08-05,1
54412063,2026-08-05,2026-08-29T17:11:39,2
54412148,2026-08-29T16:56:43,2026-08-29T16:56:43,1
54412200,2026-08-05,2026-08-29T16:39:46,2
54412409,2026-08-05,2026-08-29T16:46:22,2
54412456,2026-08-29T16:35:39,2026-08-29T16:35:39,1
54412533,2026-08-05,2026-08-29T17:05:48,2
54412537,2026-08-29T16:30:19,2026-08-29T16:30:19,1
54412539,2026-08-29T17:04:28,2026-08-29T17:04:28,1
54412566,2026-08-05,2026-08-29T16:33:19,2
54412570,2026-08-29T16:38:59,2026-08-29T16:38:59,1
54412571,2026-08-29T16:36:10,2026-08-29T16:36:10,1
54412581,2026-08-29T16:36:10,2026-08-29T16:36:10,1
54412745,2026-08-29T16:44:02,2026-08-29T16:44:02,1
54412837,2026-08-29T16:56:46,2026-08-29T16:56:46,1
54412878,2026-08-05,2026-08-29T16:41:48,2
54413044,2026-08-05,2026-08-29T16:46:04,2
54413235,2026-08-05,2026-08-29T16:48:59,2
54413365,2026-08-05,2026-08-29T16:32:28,2
54413369,2026-08-05,2026-08-29T17:01:02,2
54413370,2026-08-29T16:51:06,2026-08-29T16:51:06,1
54413445,2026-08-05,2026-08-29T16:35:16,2
54413467,2026-08-29T17:03:45,2026-08-29T17:03:45,1
54413509,2026-08-05,2026-08-29T16:39:38,2
54413567,2026-08-29T16:30:37,2026-08-29T16:30:37,1
54413624,2026-08-05,2026-08-29T16:46:41,2
54413653,2026-08-05,2026-08-29T16:50:24,2
54413721,2026-08-05,2026-08-29T16:56:23,2
54413802,2026-08-29T16:33:08,2026-08-29T16:33:08,1
54413859,2026-08-05,2026-08-29T16:46:48,2
54413888,2026-08-05,2026-08-29T16:48:37,2
54413896,2026-08-05,2026-08-29T16:35:47,2
54414022,2026-08-05,2026-08-29T16:34:47,2
54414036,2026-08-05,2026-08-29T16:42:39,2
54414148,2026-08-05,2026-08-29T16:41:18,2
54414298,2026-08-05,2026-08-29T16:32:28,2
54414379,2026-08-05,2026-08-29T17:07:42,2
54414384,2026-08-29T16:55:43,2026-08-29T16:55:43,1
54414418,2026-08-05,2026-08-29T16:45:46,2
54414480,2026-08-05,2026-08-29T16:42:35,2
54414493,2026-08-05,2026-08-29T17:08:56,2
54414527,2026-08-29T17:02:43,2026-08-29T17:02:43,1
54414563,2026-08-05,2026-08-29T16:43:49,2
54414644,2026-08-29T16:32:47,2026-08-29T16:32:47,1
54414647,2026-08-29T16:59:43,2026-08-29T16:59:43,1
54414661,2026-08-05,2026-08-29T16:42:16,2
54414662,2026-08-05,2026-08-29T16:35:51,2
54415047,2026-08-05,2026-08-29T17:07:22,2
54415057,2026-08-05,2026-08-29T17:07:22,2
54415094,2026-08-05,2026-08-29T17:07:22,2
54415097,2026-08-05,2026-08-29T16:50:28,2
54415131,2026-08-05,2026-08-29T16:51:55,2
54415340,2026-08-29T16:43:13,2026-08-29T16:43:13,1
54415448,2026-08-05,2026-08-29T16:40:28,2
54415449,2026-08-05,2026-08-29T16:28:56,2
54415761,2026-08-05,2026-08-29T17:12:09,2
54415768,2026-08-05,2026-08-29T17:12:09,2
54415769,2026-08-05,2026-08-29T16:35:27,2
54415770,2026-08-05,2026-08-29T17:10:27,2
54415779,2026-08-29T17:00:04,2026-08-29T17:00:04,1
54415875,2026-08-05,2026-08-29T16:50:28,2
54416117,2026-08-05,2026-08-29T16:48:04,2
54416124,2026-08-05,2026-08-29T16:52:16,2
54416340,2026-08-29T17:03:51,2026-08-29T17:03:51,1
54416342,2026-08-05,2026-08-29T17:09:41,2
54416344,2026-08-05,2026-08-29T17:09:41,2
54416352,2026-08-29T16:59:46,2026-08-29T16:59:46,1
54416548,2026-08-29T16:38:40,2026-08-29T16:38:40,1
54416828,2026-08-29T16:58:59,2026-08-29T16:58:59,1
54416892,2026-08-05,2026-08-05,1
54416917,2026-08-05,2026-08-05,1
54417154,2026-08-29T16:54:25,2026-08-29T16:54:25,1
54417174,2026-08-05,2026-08-05,1
54417260,2026-08-05,2026-08-29T17:10:31,2
54417287,2026-08-05,2026-08-29T17:09:44,2
54417323,2026-08-05,2026-08-29T16:47:38,2
54417335,2026-08-05,2026-08-29T16:46:01,2
54417356,2026-08-29T16:55:40,2026-08-29T16:55:40,1
54417396,2026-08-05,2026-08-29T16:36:28,2
54417399,2026-08-05,2026-08-29T16:36:33,2
54417408,2026-08-05,2026-08-05,1
54417477,2026-08-29T17:04:31,2026-08-29T17:04:31,1
54417478,2026-08-05,2026-08-29T16:46:51,2
54417493,2026-08-05,2026-08-29T16:46:51,2
54417501,2026-08-05,2026-08-29T16:48:24,2
54417524,2026-08-05,2026-08-29T16:48:24,2
54417526,2026-08-05,2026-08-29T17:11:31,2
54417547,2026-08-05,2026-08-29T16:48:28,2
54417626,2026-08-05,2026-08-29T16:48:08,2
54417636,2026-08-05,2026-08-29T16:29:52,2
54417643,2026-08-29T17:05:01,2026-08-29T17:05:01,1
54417689,2026-08-29T16:29:52,2026-08-29T16:29:52,1
54417706,2026-08-05,2026-08-29T16:39:34,2
54417720,2026-08-05,2026-08-29T16:51:42,2
54417722,2026-08-29T16:52:19,2026-08-29T16:52:19,1
54417728,2026-08-05,2026-08-29T16:30:26,2
54417746,2026-08-05,2026-08-29T16:51:42,2
54417771,2026-08-05,2026-08-29T16:51:42,2
54417781,2026-08-29T16:54:14,2026-08-29T16:54:14,1
54417792,2026-08-05,2026-08-29T16:44:35,2
54417793,2026-08-05,2026-08-29T17:11:49,2
54417810,2026-08-29T16:52:55,2026-08-29T16:52:55,1
54417815,2026-08-05,2026-08-05,1
54417852,2026-08-05,2026-08-29T16:48:20,2
54417869,2026-08-05,2026-08-29T16:51:42,2
54417878,2026-08-05,2026-08-29T17:12:09,2
54417922,2026-08-29T16:57:25,2026-08-29T16:57:25,1
54417977,2026-08-29T16:56:02,2026-08-29T16:56:02,1
54417978,2026-08-29T16:56:02,2026-08-29T16:56:02,1
54418047,2026-08-05,2026-08-29T17:10:34,2
54418048,2026-08-05,2026-08-29T17:08:09,2
54418062,2026-08-05,2026-08-05,1
54418065,2026-08-05,2026-08-29T16:34:47,2
54418100,2026-08-05,2026-08-29T16:37:54,2
54418115,2026-08-05,2026-08-29T16:37:32,2
54418193,2026-08-05,2026-08-29T17:07:53,2
54418230,2026-08-29T16:59:17,2026-08-29T16:59:17,1
54418239,2026-08-05,2026-08-29T17:07:29,2
54418265,2026-08-29T16:34:16,2026-08-29T16:34:16,1
54418266,2026-08-05,2026-08-29T16:39:06,2
54418307,2026-08-29T16:57:09,2026-08-29T16:57:09,1
54418389,2026-08-29T16:52:58,2026-08-29T16:52:58,1
54418391,2026-08-05,2026-08-29T17:06:40,2
54418404,2026-08-29T16:52:45,2026-08-29T16:52:45,1
54418441,2026-08-29T16:52:45,2026-08-29T16:52:45,1
54418542,2026-08-05,2026-08-29T16:28:56,2
54418634,2026-08-05,2026-08-29T16:30:19,2
54418673,2026-08-05,2026-08-29T17:01:44,2
54418685,2026-08-05,2026-08-05,1
54418705,2026-08-29T16:55:40,2026-08-29T16:55:40,1
54418783,2026-08-29T16:55:40,2026-08-29T16:55:40,1
54418834,2026-08-05,2026-08-29T16:46:07,2
54418844,2026-08-29T16:55:40,2026-08-29T16:55:40,1
54418865,2026-08-29T16:55:40,2026-08-29T16:55:40,1
54418888,2026-08-05,2026-08-29T16:43:16,2
54418993,2026-08-29T17:02:55,2026-08-29T17:02:55,1
54419188,2026-08-29T16:29:52,2026-08-29T16:29:52,1
54419206,2026-08-05,2026-08-29T17:11:46,2
54419312,2026-08-05,2026-08-29T16:49:59,2
54419474,2026-08-05,2026-08-29T16:35:27,2
54419576,2026-08-05,2026-08-29T16:39:30,2
54419598,2026-08-29T16:47:31,2026-08-29T16:47:31,1
54419850,2026-08-05,2026-08-29T16:40:23,2
54419869,2026-08-05,2026-08-29T16:34:16,2
54420130,2026-08-05,2026-08-29T16:48:49,2
54420153,2026-08-29T16:39:26,2026-08-29T16:39:26,1
54420164,2026-08-05,2026-08-29T16:30:04,2
54420198,2026-08-05,2026-08-29T16:45:25,2
54420222,2026-08-05,2026-08-29T16:43:16,2
54420228,2026-08-05,2026-08-29T16:34:33,2
54420231,2026-08-29T16:32:32,2026-08-29T16:32:32,1
54420282,2026-08-29T16:53:44,2026-08-29T16:53:44,1
54420297,2026-08-29T17:03:30,2026-08-29T17:03:30,1
54420307,2026-08-05,2026-08-29T17:00:56,2
54420316,2026-08-05,2026-08-29T16:39:14,2
54420353,2026-08-29T17:03:30,2026-08-29T17:03:30,1
54420476,2026-08-29T16:56:49,2026-08-29T16:56:49,1
54420563,2026-08-05,2026-08-29T16:50:21,2
54420598,2026-08-05,2026-08-29T17:11:02,2
54420627,2026-08-29T16:51:58,2026-08-29T16:51:58,1
54420634,2026-08-05,2026-08-29T17:01:26,2
54420706,2026-08-29T16:53:05,2026-08-29T16:53:05,1
54420712,2026-08-29T17:03:19,2026-08-29T17:03:19,1
54420724,2026-08-29T17:03:19,2026-08-29T17:03:19,1
54420729,2026-08-05,2026-08-29T17:11:02,2
54420747,2026-08-05,2026-08-29T17:00:53,2
54420764,2026-08-05,2026-08-29T17:00:53,2
54420785,2026-08-05,2026-08-29T16:48:40,2
54420786,2026-08-29T17:04:00,2026-08-29T17:04:00,1
54420801,2026-08-05,2026-08-29T17:00:53,2
54420814,2026-08-05,2026-08-29T16:34:19,2
54420816,2026-08-05,2026-08-29T17:00:53,2
54420836,2026-08-05,2026-08-29T17:00:53,2
54420853,2026-08-05,2026-08-29T17:11:02,2
54420870,2026-08-05,2026-08-29T16:31:09,2
54420877,2026-08-05,2026-08-29T17:08:24,2
54420948,2026-08-05,2026-08-29T17:11:02,2
54420955,2026-08-29T16:51:03,2026-08-29T16:51:03,1
54420970,2026-08-29T16:40:40,2026-08-29T16:40:40,1
54420999,2026-08-29T16:59:39,2026-08-29T16:59:39,1
54421113,2026-08-05,2026-08-29T16:39:42,2
54421120,2026-08-29T16:40:40,2026-08-29T16:40:40,1
54421189,2026-08-05,2026-08-29T16:42:32,2
54421208,2026-08-29T16:38:44,2026-08-29T16:38:44,1
54421253,2026-08-05,2026-08-29T16:48:24,2
54421317,2026-08-05,2026-08-29T16:44:05,2
54421365,2026-08-05,2026-08-29T16:48:17,2
54421450,2026-08-05,2026-08-05,1
54421452,2026-08-29T16:37:54,2026-08-29T16:37:54,1
54421478,2026-08-05,2026-08-29T17:07:22,2
54421504,2026-08-05,2026-08-29T16:39:10,2
54421572,2026-08-05,2026-08-29T16:30:45,2
54421584,2026-08-05,2026-08-29T16:46:41,2
54421656,2026-08-05,2026-08-29T17:10:31,2
54421657,2026-08-05,2026-08-29T17:08:06,2
54421658,2026-08-05,2026-08-29T17:11:46,2
54421770,2026-08-05,2026-08-29T16:52:02,2
54421785,2026-08-29T16:32:28,2026-08-29T16:32:28,1
54421902,2026-08-05,2026-08-29T16:36:33,2
54421961,2026-08-05,2026-08-29T16:33:22,2
54421967,2026-08-05,2026-08-29T17:00:50,2
54421973,2026-08-05,2026-08-29T16:35:47,2
54421976,2026-08-05,2026-08-29T16:32:56,2
54422002,2026-08-05,2026-08-05,1
54422036,2026-08-05,2026-08-29T16:45:09,2
54422056,2026-08-05,2026-08-29T16:42:24,2
54422125,2026-08-05,2026-08-29T16:36:33,2
54422250,2026-08-05,2026-08-29T16:32:38,2
54422303,2026-08-05,2026-08-29T16:32:53,2
54422322,2026-08-29T17:04:46,2026-08-29T17:04:46,1
54422393,2026-08-05,2026-08-29T16:55:25,2
54422400,2026-08-05,2026-08-29T16:47:25,2
54422437,2026-08-05,2026-08-29T16:40:28,2
54422438,2026-08-05,2026-08-29T16:32:32,2
54422499,2026-08-05,2026-08-29T16:31:54,2
54422517,2026-08-29T16:30:37,2026-08-29T16:30:37,1
54422607,2026-08-29T16:55:59,2026-08-29T16:55:59,1
54422736,2026-08-05,2026-08-29T16:48:46,2
54422739,2026-08-05,2026-08-29T16:46:51,2
54422746,2026-08-05,2026-08-29T16:46:54,2
54422753,2026-08-29T16:59:29,2026-08-29T16:59:29,1
54422770,2026-08-05,2026-08-29T16:46:54,2
54422775,2026-08-05,2026-08-29T16:46:54,2
54422777,2026-08-05,2026-08-29T16:35:27,2
54422782,2026-08-05,2026-08-29T16:46:54,2
54422786,2026-08-05,2026-08-29T16:46:54,2
54422798,2026-08-05,2026-08-29T16:45:09,2
54422806,2026-08-05,2026-08-29T16:46:48,2
54422814,2026-08-05,2026-08-29T16:46:48,2
54422859,2026-08-05,2026-08-29T16:46:48,2
54422864,2026-08-05,2026-08-29T16:43:30,2
54422947,2026-08-05,2026-08-29T16:42:16,2
54423034,2026-08-05,2026-08-29T16:29:28,2
54423089,2026-08-29T17:00:04,2026-08-29T17:00:04,1
54423135,2026-08-05,2026-08-29T16:29:24,2
54423178,2026-08-05,2026-08-29T16:35:31,2
54423222,2026-08-29T17:03:06,2026-08-29T17:03:06,1
54423242,2026-08-29T17:03:06,2026-08-29T17:03:06,1
54423245,2026-08-29T17:02:55,2026-08-29T17:02:55,1
54423327,2026-08-29T16:52:45,2026-08-29T16:52:45,1
54423528,2026-08-29T16:54:48,2026-08-29T16:54:48,1
54423535,2026-08-05,2026-08-29T16:42:59,2
54423931,2026-08-05,2026-08-29T16:50:28,2
54423940,2026-08-05,2026-08-29T16:48:24,2
54423948,2026-08-29T17:00:26,2026-08-29T17:00:26,1
54423949,2026-08-05,2026-08-29T16:30:45,2
54423956,2026-08-29T16:29:14,2026-08-29T16:29:14,1
54423957,2026-08-05,2026-08-29T16:30:45,2
54423959,2026-08-29T16:30:45,2026-08-29T16:30:45,1
54423971,2026-08-29T16:57:40,2026-08-29T16:57:40,1
54424095,2026-08-29T16:57:49,2026-08-29T16:57:49,1
54424104,2026-08-29T16:59:39,2026-08-29T16:59:39,1
54424150,2026-08-05,2026-08-29T16:44:22,2
54424155,2026-08-05,2026-08-29T16:42:29,2
54424216,2026-08-05,2026-08-29T16:50:21,2
54424281,2026-08-05,2026-08-29T17:11:39,2
54424373,2026-08-05,2026-08-29T17:10:24,2
54424399,2026-08-29T16:54:48,2026-08-29T16:54:48,1
54424410,2026-08-29T16:59:49,2026-08-29T16:59:49,1
54424424,2026-08-05,2026-08-29T17:10:24,2
54424434,2026-08-05,2026-08-29T16:46:25,2
54424498,2026-08-05,2026-08-29T16:29:00,2
54424668,2026-08-29T17:03:36,2026-08-29T17:03:36,1
54424675,2026-08-05,2026-08-05,1
54424722,2026-08-05,2026-08-29T16:36:33,2
54424754,2026-08-29T17:00:01,2026-08-29T17:00:01,1
54424774,2026-08-05,2026-08-29T16:36:33,2
54424819,2026-08-05,2026-08-29T16:42:42,2
54424824,2026-08-05,2026-08-29T17:08:53,2
54424843,2026-08-05,2026-08-29T16:50:08,2
54424946,2026-08-29T16:44:37,2026-08-29T16:44:37,1
54424970,2026-08-05,2026-08-29T16:45:52,2
54425000,2026-08-05,2026-08-29T16:48:17,2
54425013,2026-08-29T16:54:45,2026-08-29T16:54:45,1
54425033,2026-08-05,2026-08-29T17:08:53,2
54425045,2026-08-05,2026-08-29T16:38:59,2
54425067,2026-08-05,2026-08-29T16:48:28,2
54425078,2026-08-05,2026-08-29T16:29:59,2
54425097,2026-08-05,2026-08-05,1
54425109,2026-08-05,2026-08-29T16:29:17,2
54425137,2026-08-29T17:03:39,2026-08-29T17:03:39,1
54425142,2026-08-29T16:42:12,2026-08-29T16:42:12,1
54425152,2026-08-05,2026-08-29T17:10:52,2
54425161,2026-08-05,2026-08-29T17:07:17,2
54425165,2026-08-05,2026-08-29T16:45:25,2
54425178,2026-08-05,2026-08-29T17:10:52,2
54425198,2026-08-05,2026-08-05,1
54425207,2026-08-29T16:43:13,2026-08-29T16:43:13,1
54425216,2026-08-05,2026-08-29T17:08:56,2
54425229,2026-08-29T16:54:45,2026-08-29T16:54:45,1
54425258,2026-08-29T16:40:58,2026-08-29T16:40:58,1
54425297,2026-08-05,2026-08-29T17:10:52,2
54425339,2026-08-05,2026-08-29T16:30:49,2
54425342,2026-08-05,2026-08-29T17:06:43,2
54425392,2026-08-29T16:44:40,2026-08-29T16:44:40,1
54425398,2026-08-05,2026-08-05,1
54425641,2026-08-05,2026-08-29T16:56:11,2
54425663,2026-08-29T16:40:58,2026-08-29T16:40:58,1
54425749,2026-08-05,2026-08-29T16:29:04,2
54425791,2026-08-29T17:02:43,2026-08-29T17:02:43,1
54425838,2026-08-05,2026-08-29T16:48:43,2
54425880,2026-08-05,2026-08-29T16:48:04,2
54425973,2026-08-05,2026-08-29T17:08:44,2
54426004,2026-08-29T16:59:35,2026-08-29T16:59:35,1
54426014,2026-08-05,2026-08-29T16:33:15,2
54426050,2026-08-05,2026-08-05,1
54426059,2026-08-05,2026-08-29T16:47:03,2
54426064,2026-08-05,2026-08-05,1
54426252,2026-08-05,2026-08-29T17:09:44,2
54426480,2026-08-29T16:44:37,2026-08-29T16:44:37,1
54426522,2026-08-05,2026-08-29T16:41:35,2
54426533,2026-08-29T16:37:43,2026-08-29T16:37:43,1
54426987,2026-08-29T16:59:43,2026-08-29T16:59:43,1
54427088,2026-08-29T17:04:34,2026-08-29T17:04:34,1
54427246,2026-08-05,2026-08-05,1
54427270,2026-08-29T17:04:46,2026-08-29T17:04:46,1
54427273,2026-08-29T17:04:46,2026-08-29T17:04:46,1
54427402,2026-08-05,2026-08-29T16:44:26,2
54427409,2026-08-05,2026-08-29T16:34:26,2
54427779,2026-08-29T16:51:20,2026-08-29T16:51:20,1
54427780,2026-08-29T16:51:20,2026-08-29T16:51:20,1
54427833,2026-08-29T17:03:06,2026-08-29T17:03:06,1
54427857,2026-08-05,2026-08-29T17:10:06,2
54427858,2026-08-05,2026-08-29T17:01:11,2
54427876,2026-08-05,2026-08-29T17:02:28,2
54428142,2026-08-29T17:04:58,2026-08-29T17:04:58,1
54428212,2026-08-29T17:03:36,2026-08-29T17:03:36,1
54428322,2026-08-05,2026-08-29T16:34:33,2
54428334,2026-08-29T17:03:36,2026-08-29T17:03:36,1
54428375,2026-08-29T16:50:21,2026-08-29T16:50:21,1
54428460,2026-08-29T16:34:50,2026-08-29T16:34:50,1
54428512,2026-08-05,2026-08-29T16:34:13,2
54428513,2026-08-05,2026-08-29T16:34:13,2
54428528,2026-08-29T16:53:35,2026-08-29T16:53:35,1
54428628,2026-08-05,2026-08-29T17:11:06,2
54428719,2026-08-29T16:33:55,2026-08-29T16:33:55,1
54429049,2026-08-29T16:48:20,2026-08-29T16:48:20,1
54429061,2026-08-29T16:59:05,2026-08-29T16:59:05,1
54429143,2026-08-05,2026-08-29T17:00:29,2
54429149,2026-08-05,2026-08-29T17:07:04,2
54429212,2026-08-29T16:58:30,2026-08-29T16:58:30,1
54429249,2026-08-05,2026-08-29T17:01:08,2
54429262,2026-08-05,2026-08-29T16:51:00,2
54429294,2026-08-05,2026-08-29T16:36:14,2
54429307,2026-08-05,2026-08-29T16:59:05,2
54429350,2026-08-29T16:30:37,2026-08-29T16:30:37,1
54429368,2026-08-05,2026-08-29T17:01:26,2
54429373,2026-08-29T16:45:58,2026-08-29T16:45:58,1
54429389,2026-08-29T16:50:28,2026-08-29T16:50:28,1
54429427,2026-08-05,2026-08-29T16:50:38,2
54429439,2026-08-05,2026-08-29T16:50:51,2
54429500,2026-08-29T16:57:09,2026-08-29T16:57:09,1
54429512,2026-08-29T16:53:25,2026-08-29T16:53:25,1
54429525,2026-08-05,2026-08-29T16:43:39,2
54429531,2026-08-29T16:43:16,2026-08-29T16:43:16,1
54429535,2026-08-05,2026-08-29T17:08:50,2
54429554,2026-08-05,2026-08-29T16:50:08,2
54429563,2026-08-05,2026-08-29T16:36:14,2
54429708,2026-08-05,2026-08-29T16:49:47,2
54429733,2026-08-29T16:57:03,2026-08-29T16:57:03,1
54429757,2026-08-05,2026-08-29T16:50:38,2
54429779,2026-08-05,2026-08-29T17:00:53,2
54429792,2026-08-05,2026-08-29T16:33:15,2
54429793,2026-08-05,2026-08-29T16:48:52,2
54429830,2026-08-05,2026-08-29T16:35:19,2
54429831,2026-08-05,2026-08-29T16:57:18,2
54429862,2026-08-29T16:43:16,2026-08-29T16:43:16,1
54429873,2026-08-29T16:41:06,2026-08-29T16:41:06,1
54429892,2026-08-05,2026-08-29T16:43:36,2
54429920,2026-08-05,2026-08-05,1
54429933,2026-08-29T17:04:10,2026-08-29T17:04:10,1
54429954,2026-08-05,2026-08-29T16:50:08,2
54429978,2026-08-29T16:57:46,2026-08-29T16:57:46,1
54429995,2026-08-29T17:04:10,2026-08-29T17:04:10,1
54430017,2026-08-29T16:40:43,2026-08-29T16:40:43,1
54430219,2026-08-05,2026-08-29T16:49:17,2
54430276,2026-08-29T16:30:34,2026-08-29T16:30:34,1
54430314,2026-08-05,2026-08-29T16:44:05,2
54430320,2026-08-05,2026-08-29T16:36:03,2
54430489,2026-08-05,2026-08-29T16:44:47,2
54430629,2026-08-29T16:52:36,2026-08-29T16:52:36,1
54430673,2026-08-29T16:53:44,2026-08-29T16:53:44,1
54430691,2026-08-29T16:53:02,2026-08-29T16:53:02,1
54430694,2026-08-05,2026-08-29T16:43:59,2
54430725,2026-08-29T16:57:40,2026-08-29T16:57:40,1
54430731,2026-08-29T16:51:13,2026-08-29T16:51:13,1
54430769,2026-08-05,2026-08-29T17:06:06,2
54430777,2026-08-29T16:28:53,2026-08-29T16:28:53,1
54430778,2026-08-29T16:28:53,2026-08-29T16:28:53,1
54430779,2026-08-29T16:54:19,2026-08-29T16:54:19,1
54430781,2026-08-29T16:53:28,2026-08-29T16:53:28,1
54430783,2026-08-29T16:53:28,2026-08-29T16:53:28,1
54430784,2026-08-29T16:53:28,2026-08-29T16:53:28,1
54430785,2026-08-29T16:53:28,2026-08-29T16:53:28,1
54430788,2026-08-05,2026-08-29T16:42:35,2
54430814,2026-08-29T16:50:54,2026-08-29T16:50:54,1
54430821,2026-08-29T16:53:09,2026-08-29T16:53:09,1
54430875,2026-08-29T16:41:43,2026-08-29T16:41:43,1
54430961,2026-08-05,2026-08-29T16:48:40,2
54430964,2026-08-05,2026-08-29T16:32:35,2
54430992,2026-08-05,2026-08-29T17:11:53,2
54431017,2026-08-05,2026-08-29T17:11:19,2
54431115,2026-08-05,2026-08-29T16:46:48,2
54431118,2026-08-05,2026-08-29T16:46:48,2
54431182,2026-08-05,2026-08-29T16:32:53,2
54431184,2026-08-05,2026-08-29T17:06:00,2
54431291,2026-08-05,2026-08-29T17:09:06,2
54431466,2026-08-05,2026-08-29T16:58:33,2
54431473,2026-08-29T16:51:52,2026-08-29T16:51:52,1
54431540,2026-08-05,2026-08-29T16:48:46,2
54431849,2026-08-05,2026-08-05,1
54432191,2026-08-05,2026-08-29T17:00:38,2
54432196,2026-08-29T17:02:58,2026-08-29T17:02:58,1
54432211,2026-08-29T16:30:45,2026-08-29T16:30:45,1
54432239,2026-08-05,2026-08-29T16:47:28,2
54432253,2026-08-29T16:45:22,2026-08-29T16:45:22,1
54432686,2026-08-05,2026-08-29T17:02:28,2
54433096,2026-08-05,2026-08-29T17:01:29,2
54433191,2026-08-05,2026-08-29T17:01:29,2
54433197,2026-08-05,2026-08-29T16:46:54,2
54433207,2026-08-05,2026-08-29T17:08:09,2
54433225,2026-08-05,2026-08-29T16:42:29,2
54433241,2026-08-05,2026-08-05,1
54433246,2026-08-05,2026-08-29T17:00:59,2
54433248,2026-08-05,2026-08-29T16:48:46,2
54433262,2026-08-05,2026-08-29T17:00:59,2
54433300,2026-08-05,2026-08-29T16:33:12,2
54433304,2026-08-05,2026-08-29T16:44:29,2
54433372,2026-08-05,2026-08-29T16:45:25,2
54433449,2026-08-05,2026-08-29T17:08:34,2
54433510,2026-08-05,2026-08-29T17:12:09,2
54433564,2026-08-05,2026-08-05,1
54433570,2026-08-05,2026-08-05,1
54433571,2026-08-05,2026-08-05,1
54433662,2026-08-29T16:40:58,2026-08-29T16:40:58,1
54433681,2026-08-29T16:41:02,2026-08-29T16:41:02,1
54433703,2026-08-05,2026-08-29T16:34:47,2
54433704,2026-08-05,2026-08-29T16:51:06,2
54433733,2026-08-29T16:41:02,2026-08-29T16:41:02,1
54433808,2026-08-29T17:04:13,2026-08-29T17:04:13,1
54433812,2026-08-29T16:56:20,2026-08-29T16:56:20,1
54433837,2026-08-29T16:41:02,2026-08-29T16:41:02,1
54433840,2026-08-29T16:40:58,2026-08-29T16:40:58,1
54433870,2026-08-29T16:51:09,2026-08-29T16:51:09,1
54433904,2026-08-05,2026-08-29T16:40:16,2
54433913,2026-08-05,2026-08-05,1
54433941,2026-08-05,2026-08-29T16:59:26,2
54433970,2026-08-05,2026-08-29T17:00:29,2
54433986,2026-08-29T17:02:40,2026-08-29T17:02:40,1
54434027,2026-08-05,2026-08-29T16:59:26,2
54434051,2026-08-05,2026-08-29T16:42:45,2
54434073,2026-08-05,2026-08-29T16:29:14,2
54434090,2026-08-05,2026-08-29T16:33:59,2
54434106,2026-08-29T16:57:40,2026-08-29T16:57:40,1
54434107,2026-08-05,2026-08-29T16:29:59,2
54434242,2026-08-05,2026-08-29T16:46:07,2
54434273,2026-08-05,2026-08-29T16:49:20,2
54434286,2026-08-05,2026-08-29T16:49:23,2
54434398,2026-08-05,2026-08-29T16:31:09,2
54434414,2026-08-29T16:51:52,2026-08-29T16:51:52,1
54434477,2026-08-05,2026-08-05,1
54434478,2026-08-29T17:03:12,2026-08-29T17:03:12,1
54434508,2026-08-05,2026-08-29T16:41:22,2
54434554,2026-08-29T16:52:55,2026-08-29T16:52:55,1
54434556,2026-08-29T16:37:24,2026-08-29T16:37:24,1
54434561,2026-08-29T17:03:21,2026-08-29T17:03:21,1
54434607,2026-08-29T16:53:05,2026-08-29T16:53:05,1
54434621,2026-08-05,2026-08-29T17:11:39,2
54434655,2026-08-29T17:05:04,2026-08-29T17:05:04,1
54434702,2026-08-29T17:05:04,2026-08-29T17:05:04,1
54434710,2026-08-05,2026-08-29T16:52:05,2
54434830,2026-08-05,2026-08-29T17:07:32,2
54434850,2026-08-05,2026-08-29T16:44:19,2
54434859,2026-08-29T16:33:05,2026-08-29T16:33:05,1
54435041,2026-08-05,2026-08-29T16:35:03,2
54435042,2026-08-05,2026-08-29T17:07:39,2
54435161,2026-08-05,2026-08-29T17:07:39,2
54435164,2026-08-05,2026-08-29T16:35:16,2
54435190,2026-08-05,2026-08-29T17:11:42,2
54435362,2026-08-05,2026-08-29T16:42:32,2
54435365,2026-08-05,2026-08-29T16:35:27,2
54435387,2026-08-05,2026-08-29T16:31:17,2
54435420,2026-08-05,2026-08-29T16:37:39,2
54435433,2026-08-05,2026-08-29T17:01:26,2
54435438,2026-08-05,2026-08-29T17:00:29,2
54435447,2026-08-29T16:54:25,2026-08-29T16:54:25,1
54435451,2026-08-05,2026-08-05,1
54435466,2026-08-05,2026-08-29T16:34:26,2
54435469,2026-08-05,2026-08-29T16:30:37,2
54435523,2026-08-05,2026-08-29T16:37:39,2
54435549,2026-08-05,2026-08-29T16:31:34,2
54435566,2026-08-05,2026-08-29T16:31:30,2
54435582,2026-08-05,2026-08-29T16:34:10,2
54435599,2026-08-05,2026-08-29T16:59:26,2
54435607,2026-08-05,2026-08-29T17:03:57,2
54435672,2026-08-29T16:51:29,2026-08-29T16:51:29,1
54435684,2026-08-29T16:55:49,2026-08-29T16:55:49,1
54435739,2026-08-29T16:58:33,2026-08-29T16:58:33,1
54435797,2026-08-05,2026-08-29T16:35:27,2
54435806,2026-08-05,2026-08-29T16:35:55,2
54435824,2026-08-05,2026-08-29T16:59:26,2
54435841,2026-08-29T16:59:58,2026-08-29T16:59:58,1
54435917,2026-08-05,2026-08-29T16:37:39,2
54435980,2026-08-05,2026-08-29T16:37:13,2
54435989,2026-08-29T16:57:58,2026-08-29T16:57:58,1
54436057,2026-08-05,2026-08-29T17:01:26,2
54436102,2026-08-29T16:55:49,2026-08-29T16:55:49,1
54436120,2026-08-05,2026-08-29T16:37:10,2
54436160,2026-08-29T16:51:55,2026-08-29T16:51:55,1
54436364,2026-08-29T16:39:14,2026-08-29T16:39:14,1
54436593,2026-08-29T16:59:32,2026-08-29T16:59:32,1
54436601,2026-08-05,2026-08-29T17:08:53,2
54436703,2026-08-05,2026-08-29T16:32:44,2
54436816,2026-08-29T16:51:29,2026-08-29T16:51:29,1
54436888,2026-08-05,2026-08-29T17:11:31,2
54436919,2026-08-29T16:37:06,2026-08-29T16:37:06,1
54436966,2026-08-05,2026-08-29T16:32:50,2
54436984,2026-08-29T16:37:06,2026-08-29T16:37:06,1
54437094,2026-08-05,2026-08-05,1
54437435,2026-08-05,2026-08-29T16:43:23,2
54437478,2026-08-05,2026-08-29T16:43:23,2
54437481,2026-08-05,2026-08-29T16:36:14,2
54437608,2026-08-05,2026-08-29T16:35:03,2
54437677,2026-08-29T17:03:06,2026-08-29T17:03:06,1
54437716,2026-08-05,2026-08-29T16:38:10,2
54437888,2026-08-29T16:57:25,2026-08-29T16:57:25,1
54437889,2026-08-29T16:57:25,2026-08-29T16:57:25,1
54438006,2026-08-05,2026-08-29T16:48:52,2
54438150,2026-08-29T17:03:54,2026-08-29T17:03:54,1
54438244,2026-08-29T16:59:17,2026-08-29T16:59:17,1
54438360,2026-08-05,2026-08-29T16:40:16,2
54438415,2026-08-05,2026-08-29T16:36:33,2
54438416,2026-08-05,2026-08-29T16:36:33,2
54438504,2026-08-05,2026-08-29T17:01:05,2
54438655,2026-08-05,2026-08-29T16:59:26,2
54438730,2026-08-05,2026-08-29T17:06:49,2
54438742,2026-08-05,2026-08-29T17:09:20,2
54438774,2026-08-05,2026-08-29T17:11:31,2
54438840,2026-08-05,2026-08-29T16:50:08,2
54438880,2026-08-05,2026-08-29T17:11:11,2
54438949,2026-08-29T17:00:14,2026-08-29T17:00:14,1
54438977,2026-08-05,2026-08-29T17:06:00,2
54439043,2026-08-05,2026-08-29T17:11:39,2
54439058,2026-08-29T16:59:43,2026-08-29T16:59:43,1
54439076,2026-08-29T16:59:49,2026-08-29T16:59:49,1
54439159,2026-08-29T16:58:59,2026-08-29T16:58:59,1
54439192,2026-08-29T17:00:11,2026-08-29T17:00:11,1
54439212,2026-08-29T16:59:52,2026-08-29T16:59:52,1
54439219,2026-08-29T16:58:59,2026-08-29T16:58:59,1
54439220,2026-08-05,2026-08-29T17:06:49,2
54439237,2026-08-05,2026-08-29T16:59:26,2
54439317,2026-08-29T16:59:49,2026-08-29T16:59:49,1
54439340,2026-08-29T16:35:23,2026-08-29T16:35:23,1
54439373,2026-08-05,2026-08-29T16:59:26,2
54439435,2026-08-05,2026-08-29T16:30:30,2
54439472,2026-08-05,2026-08-29T17:07:56,2
54439473,2026-08-05,2026-08-29T16:42:20,2
54439484,2026-08-29T16:51:29,2026-08-29T16:51:29,1
54439598,2026-08-05,2026-08-29T16:32:00,2
54439607,2026-08-05,2026-08-29T17:01:05,2
54439621,2026-08-05,2026-08-29T16:59:26,2
54439683,2026-08-05,2026-08-29T16:47:16,2
54439720,2026-08-05,2026-08-29T16:59:26,2
54439732,2026-08-05,2026-08-29T17:06:24,2
54439852,2026-08-29T16:39:18,2026-08-29T16:39:18,1
54439972,2026-08-05,2026-08-29T16:38:02,2
54440032,2026-08-05,2026-08-05,1
54440116,2026-08-05,2026-08-29T16:49:11,2
54440147,2026-08-29T17:04:19,2026-08-29T17:04:19,1
54440291,2026-08-05,2026-08-29T16:55:46,2
54440296,2026-08-05,2026-08-29T16:52:02,2
54440367,2026-08-05,2026-08-29T17:02:22,2
54440385,2026-08-05,2026-08-29T16:49:11,2
54440406,2026-08-29T16:59:08,2026-08-29T16:59:08,1
54440520,2026-08-05,2026-08-29T17:01:26,2
54440551,2026-08-29T16:51:55,2026-08-29T16:51:55,1
54440600,2026-08-05,2026-08-29T17:01:26,2
54440706,2026-08-05,2026-08-29T17:06:29,2
54440712,2026-08-29T16:57:58,2026-08-29T16:57:58,1
54440845,2026-08-29T16:57:58,2026-08-29T16:57:58,1
54440848,2026-08-29T16:59:55,2026-08-29T16:59:55,1
54440874,2026-08-05,2026-08-29T16:47:28,2
54440892,2026-08-05,2026-08-29T16:59:26,2
54440915,2026-08-05,2026-08-29T16:34:13,2
54440916,2026-08-05,2026-08-29T16:59:26,2
54440934,2026-08-05,2026-08-29T16:34:13,2
54441011,2026-08-05,2026-08-29T16:43:55,2
54441019,2026-08-29T17:00:11,2026-08-29T17:00:11,1
54441059,2026-08-05,2026-08-29T16:46:51,2
54441062,2026-08-29T16:59:52,2026-08-29T16:59:52,1
54441096,2026-08-05,2026-08-29T16:46:51,2
54441119,2026-08-05,2026-08-29T16:59:26,2
54441132,2026-08-05,2026-08-29T16:37:02,2
54441156,2026-08-05,2026-08-29T17:06:09,2
54441172,2026-08-29T17:04:37,2026-08-29T17:04:37,1
54441200,2026-08-29T16:59:29,2026-08-29T16:59:29,1
54441252,2026-08-29T16:43:16,2026-08-29T16:43:16,1
54441255,2026-08-05,2026-08-29T16:36:37,2
54441263,2026-08-05,2026-08-05,1
54441294,2026-08-29T16:57:00,2026-08-29T16:57:00,1
54441299,2026-08-29T16:47:50,2026-08-29T16:47:50,1
54441323,2026-08-29T16:35:16,2026-08-29T16:35:16,1
54441356,2026-08-29T17:04:43,2026-08-29T17:04:43,1
54441463,2026-08-29T16:54:11,2026-08-29T16:54:11,1
54441503,2026-08-29T16:52:55,2026-08-29T16:52:55,1
54441623,2026-08-05,2026-08-29T17:00:56,2
54441751,2026-08-05,2026-08-29T16:43:23,2
54442220,2026-08-05,2026-08-29T17:01:26,2
54442637,2026-08-29T17:03:09,2026-08-29T17:03:09,1
54442679,2026-08-29T17:04:40,2026-08-29T17:04:40,1
54442693,2026-08-05,2026-08-29T16:49:59,2
54442702,2026-08-05,2026-08-29T16:48:56,2
54442749,2026-08-29T16:30:45,2026-08-29T16:30:45,1
54442750,2026-08-29T16:30:04,2026-08-29T16:30:04,1
54442751,2026-08-29T16:57:52,2026-08-29T16:57:52,1
54442753,2026-08-05,2026-08-29T16:29:07,2
54442789,2026-08-05,2026-08-05,1
54442790,2026-08-05,2026-08-05,1
54443064,2026-08-05,2026-08-29T16:44:26,2
54443097,2026-08-05,2026-08-29T16:47:03,2
54443201,2026-08-05,2026-08-29T16:38:55,2
54443226,2026-08-05,2026-08-29T16:40:40,2
54443227,2026-08-05,2026-08-29T16:40:40,2
54443228,2026-08-05,2026-08-29T16:40:40,2
54443409,2026-08-05,2026-08-29T17:00:50,2
54443476,2026-08-05,2026-08-29T16:49:20,2
54443479,2026-08-05,2026-08-29T16:49:17,2
54443483,2026-08-05,2026-08-29T16:49:17,2
54443484,2026-08-05,2026-08-29T16:49:17,2
54443500,2026-08-05,2026-08-29T16:35:16,2
54443524,2026-08-05,2026-08-29T16:49:20,2
54443525,2026-08-05,2026-08-29T16:49:20,2
54443678,2026-08-05,2026-08-29T16:31:24,2
54443698,2026-08-05,2026-08-29T16:30:30,2
54443730,2026-08-05,2026-08-29T17:07:07,2
54443797,2026-08-05,2026-08-29T16:45:46,2
54443799,2026-08-05,2026-08-29T17:05:28,2
54443862,2026-08-05,2026-08-29T16:44:35,2
54443864,2026-08-05,2026-08-29T17:06:29,2
54443867,2026-08-05,2026-08-29T16:40:32,2
54443868,2026-08-05,2026-08-29T16:44:35,2
54443869,2026-08-05,2026-08-29T16:45:39,2
54443949,2026-08-05,2026-08-05,1
54443981,2026-08-05,2026-08-29T17:08:56,2
54444087,2026-08-05,2026-08-29T16:38:20,2
54444214,2026-08-29T17:03:36,2026-08-29T17:03:36,1
54444290,2026-08-29T16:46:34,2026-08-29T16:46:34,1
54444291,2026-08-29T16:46:34,2026-08-29T16:46:34,1
54444294,2026-08-29T16:46:38,2026-08-29T16:46:38,1
54444298,2026-08-05,2026-08-29T16:46:41,2
54444299,2026-08-05,2026-08-29T16:43:26,2
54444300,2026-08-05,2026-08-29T16:46:41,2
54444301,2026-08-05,2026-08-29T16:46:41,2
54444372,2026-08-05,2026-08-29T17:00:56,2
54444456,2026-08-05,2026-08-05,1
54444490,2026-08-05,2026-08-29T16:39:14,2
54444547,2026-08-05,2026-08-29T16:43:36,2
54444576,2026-08-05,2026-08-29T16:48:08,2
54444728,2026-08-29T16:56:55,2026-08-29T16:56:55,1
54444938,2026-08-05,2026-08-29T16:33:08,2
54444989,2026-08-05,2026-08-29T16:32:32,2
54445310,2026-08-05,2026-08-29T16:43:20,2
54445318,2026-08-05,2026-08-05,1
54445390,2026-08-05,2026-08-05,1
54445448,2026-08-05,2026-08-29T17:00:47,2
54445527,2026-08-29T16:51:29,2026-08-29T16:51:29,1
54445588,2026-08-05,2026-08-29T16:42:56,2
54445604,2026-08-05,2026-08-29T17:11:46,2
54445630,2026-08-05,2026-08-05,1
54445639,2026-08-05,2026-08-29T17:08:40,2
54445654,2026-08-29T17:00:11,2026-08-29T17:00:11,1
54445716,2026-08-05,2026-08-29T16:32:35,2
54445722,2026-08-29T17:00:11,2026-08-29T17:00:11,1
54445754,2026-08-05,2026-08-29T17:09:48,2
54445755,2026-08-29T16:56:08,2026-08-29T16:56:08,1
54445773,2026-08-05,2026-08-29T16:57:55,2
54445778,2026-08-05,2026-08-29T17:01:26,2
54445788,2026-08-05,2026-08-05,1
54445815,2026-08-05,2026-08-29T17:10:47,2
54445818,2026-08-05,2026-08-29T16:59:23,2
54445826,2026-08-05,2026-08-29T16:32:56,2
54445833,2026-08-29T16:51:29,2026-08-29T16:51:29,1
54445834,2026-08-29T16:51:29,2026-08-29T16:51:29,1
54445837,2026-08-29T17:03:51,2026-08-29T17:03:51,1
54445849,2026-08-29T17:00:11,2026-08-29T17:00:11,1
54445863,2026-08-05,2026-08-29T16:49:11,2
54445876,2026-08-29T16:51:29,2026-08-29T16:51:29,1
54445877,2026-08-05,2026-08-29T16:37:28,2
54445878,2026-08-29T16:57:43,2026-08-29T16:57:43,1
54445879,2026-08-29T17:04:25,2026-08-29T17:04:25,1
54445890,2026-08-05,2026-08-29T17:01:59,2
54445904,2026-08-05,2026-08-29T16:59:23,2
54445905,2026-08-05,2026-08-29T17:01:59,2
54445916,2026-08-05,2026-08-29T16:34:13,2
54445919,2026-08-05,2026-08-29T17:11:42,2
54445922,2026-08-29T17:00:11,2026-08-29T17:00:11,1
54445937,2026-08-05,2026-08-29T17:02:02,2
54445947,2026-08-29T17:04:10,2026-08-29T17:04:10,1
54445949,2026-08-29T17:00:11,2026-08-29T17:00:11,1
54445970,2026-08-29T17:04:10,2026-08-29T17:04:10,1
54445990,2026-08-29T17:04:37,2026-08-29T17:04:37,1
54445997,2026-08-29T17:00:29,2026-08-29T17:00:29,1
54446000,2026-08-05,2026-08-29T17:11:15,2
54446004,2026-08-29T16:56:02,2026-08-29T16:56:02,1
54446006,2026-08-29T17:04:37,2026-08-29T17:04:37,1
54446020,2026-08-29T16:39:58,2026-08-29T16:39:58,1
54446038,2026-08-05,2026-08-29T17:01:35,2
54446077,2026-08-29T16:52:10,2026-08-29T16:52:10,1
54446084,2026-08-05,2026-08-29T17:10:47,2
54446132,2026-08-05,2026-08-29T17:11:15,2
54446146,2026-08-05,2026-08-29T17:01:05,2
54446185,2026-08-05,2026-08-29T17:10:47,2
54446253,2026-08-05,2026-08-29T17:06:36,2
54446483,2026-08-29T16:56:46,2026-08-29T16:56:46,1
54446533,2026-08-29T17:03:39,2026-08-29T17:03:39,1
54446555,2026-08-29T16:37:21,2026-08-29T16:37:21,1
54446564,2026-08-29T17:03:39,2026-08-29T17:03:39,1
54446591,2026-08-29T16:52:48,2026-08-29T16:52:48,1
54446593,2026-08-05,2026-08-29T17:02:02,2
54446606,2026-08-29T17:02:37,2026-08-29T17:02:37,1
54446608,2026-08-05,2026-08-29T16:42:09,2
54446625,2026-08-05,2026-08-29T16:52:02,2
54446632,2026-08-05,2026-08-29T16:33:43,2
54446642,2026-08-05,2026-08-29T16:59:26,2
54446647,2026-08-05,2026-08-29T16:51:23,2
54446654,2026-08-29T16:54:05,2026-08-29T16:54:05,1
54446659,2026-08-29T16:53:31,2026-08-29T16:53:31,1
54446684,2026-08-05,2026-08-29T16:58:33,2
54446700,2026-08-05,2026-08-29T16:36:18,2
54446774,2026-08-05,2026-08-05,1
54446782,2026-08-05,2026-08-29T16:42:35,2
54446785,2026-08-05,2026-08-29T16:47:53,2
54446787,2026-08-29T16:36:42,2026-08-29T16:36:42,1
54446822,2026-08-05,2026-08-29T16:46:51,2
54446832,2026-08-29T16:53:25,2026-08-29T16:53:25,1
54446917,2026-08-29T16:28:56,2026-08-29T16:28:56,1
54446958,2026-08-29T16:54:38,2026-08-29T16:54:38,1
54446986,2026-08-29T16:44:53,2026-08-29T16:44:53,1
54447008,2026-08-05,2026-08-29T17:01:50,2
54447021,2026-08-05,2026-08-29T16:49:17,2
54447056,2026-08-29T16:51:29,2026-08-29T16:51:29,1
54447076,2026-08-05,2026-08-29T17:00:32,2
54447098,2026-08-05,2026-08-29T16:45:15,2
54447111,2026-08-05,2026-08-29T16:51:42,2
54447137,2026-08-05,2026-08-29T16:31:17,2
54447186,2026-08-05,2026-08-29T16:46:57,2
54447187,2026-08-05,2026-08-29T16:46:57,2
54447236,2026-08-05,2026-08-29T16:30:52,2
54447612,2026-08-05,2026-08-29T16:46:04,2
54447674,2026-08-05,2026-08-29T16:35:35,2
54447698,2026-08-05,2026-08-05,1
54447699,2026-08-05,2026-08-05,1
54447700,2026-08-05,2026-08-05,1
54447702,2026-08-05,2026-08-05,1
54447704,2026-08-05,2026-08-05,1
54447742,2026-08-05,2026-08-29T17:00:56,2
54447754,2026-08-05,2026-08-29T17:00:56,2
54447765,2026-08-05,2026-08-05,1
54447921,2026-08-05,2026-08-29T16:48:31,2
54447947,2026-08-05,2026-08-29T16:44:05,2
54448200,2026-08-05,2026-08-29T16:46:13,2
54448483,2026-08-05,2026-08-05,1
54448595,2026-08-05,2026-08-29T17:06:18,2
54448613,2026-08-05,2026-08-29T17:11:36,2
54448657,2026-08-29T16:58:09,2026-08-29T16:58:09,1
54448658,2026-08-29T16:59:43,2026-08-29T16:59:43,1
54448831,2026-08-29T16:55:31,2026-08-29T16:55:31,1
54448841,2026-08-29T16:56:11,2026-08-29T16:56:11,1
54449035,2026-08-05,2026-08-29T16:46:04,2
54449100,2026-08-05,2026-08-29T17:08:34,2
54449132,2026-08-29T16:57:12,2026-08-29T16:57:12,1
54449429,2026-08-05,2026-08-29T16:44:13,2
54449431,2026-08-05,2026-08-05,1
54449519,2026-08-05,2026-08-29T17:08:34,2
54449540,2026-08-29T16:31:27,2026-08-29T16:31:27,1
54449554,2026-08-29T17:04:28,2026-08-29T17:04:28,1
54449750,2026-08-05,2026-08-29T17:09:55,2
54449793,2026-08-05,2026-08-29T16:34:26,2
54449818,2026-08-05,2026-08-05,1
54449828,2026-08-05,2026-08-29T16:54:55,2
54449915,2026-08-29T16:52:48,2026-08-29T16:52:48,1
54450219,2026-08-05,2026-08-05,1
54450221,2026-08-29T17:02:58,2026-08-29T17:02:58,1
54450222,2026-08-05,2026-08-29T17:00:47,2
54450226,2026-08-05,2026-08-29T17:00:47,2
54450228,2026-08-29T17:02:58,2026-08-29T17:02:58,1
54450229,2026-08-29T17:02:52,2026-08-29T17:02:52,1
54450331,2026-08-29T16:45:25,2026-08-29T16:45:25,1
54450353,2026-08-29T16:59:46,2026-08-29T16:59:46,1
54450386,2026-08-29T16:44:05,2026-08-29T16:44:05,1
54450404,2026-08-29T16:55:02,2026-08-29T16:55:02,1
54450418,2026-08-29T16:55:02,2026-08-29T16:55:02,1
54450437,2026-08-05,2026-08-29T16:54:58,2
54450568,2026-08-05,2026-08-29T16:55:02,2
54450683,2026-08-29T16:30:19,2026-08-29T16:30:19,1
54450698,2026-08-05,2026-08-29T17:11:25,2
54450735,2026-08-05,2026-08-29T16:59:23,2
54450832,2026-08-29T16:57:06,2026-08-29T16:57:06,1
54450858,2026-08-05,2026-08-29T16:32:26,2
54450995,2026-08-29T16:52:19,2026-08-29T16:52:19,1
54451004,2026-08-29T16:30:26,2026-08-29T16:30:26,1
54451024,2026-08-05,2026-08-29T17:12:00,2
54451035,2026-08-29T16:59:29,2026-08-29T16:59:29,1
54451060,2026-08-05,2026-08-29T17:11:36,2
54451071,2026-08-05,2026-08-29T16:33:30,2
54451081,2026-08-05,2026-08-29T16:30:19,2
54451113,2026-08-05,2026-08-29T16:44:08,2
54451120,2026-08-29T16:59:29,2026-08-29T16:59:29,1
54451124,2026-08-29T17:03:39,2026-08-29T17:03:39,1
54451133,2026-08-05,2026-08-29T16:44:08,2
54451145,2026-08-05,2026-08-29T17:00:41,2
54451147,2026-08-05,2026-08-29T16:44:08,2
54451154,2026-08-05,2026-08-29T16:59:23,2
54451170,2026-08-29T17:00:11,2026-08-29T17:00:11,1
54451195,2026-08-05,2026-08-29T16:33:19,2
54451196,2026-08-29T16:46:22,2026-08-29T16:46:22,1
54451214,2026-08-05,2026-08-29T16:39:14,2
54451225,2026-08-05,2026-08-29T17:10:44,2
54451246,2026-08-05,2026-08-29T17:08:06,2
54451265,2026-08-05,2026-08-29T16:44:16,2
54451270,2026-08-05,2026-08-29T16:44:16,2
54451376,2026-08-05,2026-08-29T16:29:04,2
54451423,2026-08-05,2026-08-29T16:37:17,2
54451424,2026-08-05,2026-08-29T17:01:59,2
54451448,2026-08-29T16:59:17,2026-08-29T16:59:17,1
54451469,2026-08-05,2026-08-05,1
54451493,2026-08-05,2026-08-29T17:06:26,2
54451521,2026-08-05,2026-08-05,1
54451562,2026-08-05,2026-08-29T17:07:35,2
54451579,2026-08-29T16:52:39,2026-08-29T16:52:39,1
54451587,2026-08-29T16:51:55,2026-08-29T16:51:55,1
54451591,2026-08-05,2026-08-29T16:35:19,2
54451605,2026-08-29T17:04:55,2026-08-29T17:04:55,1
54451630,2026-08-05,2026-08-29T16:44:32,2
54451638,2026-08-05,2026-08-29T16:39:26,2
54451640,2026-08-29T17:00:26,2026-08-29T17:00:26,1
54451768,2026-08-05,2026-08-29T16:46:51,2
54451800,2026-08-05,2026-08-29T17:05:28,2
54451806,2026-08-29T16:39:18,2026-08-29T16:39:18,1
54451812,2026-08-05,2026-08-29T16:43:13,2
54451813,2026-08-05,2026-08-29T16:36:10,2
54451888,2026-08-05,2026-08-29T16:32:06,2
54452026,2026-08-05,2026-08-29T17:05:28,2
54452090,2026-08-05,2026-08-29T16:29:59,2
54452114,2026-08-05,2026-08-29T16:37:47,2
54452134,2026-08-05,2026-08-29T17:05:25,2
54452142,2026-08-05,2026-08-29T16:37:47,2
54452265,2026-08-05,2026-08-29T16:35:09,2
54452279,2026-08-05,2026-08-29T17:11:11,2
54452423,2026-08-05,2026-08-29T17:09:23,2
54452431,2026-08-05,2026-08-29T16:34:19,2
54452437,2026-08-29T16:56:02,2026-08-29T16:56:02,1
54452450,2026-08-29T17:03:36,2026-08-29T17:03:36,1
54452451,2026-08-05,2026-08-29T16:37:13,2
54452459,2026-08-05,2026-08-29T16:43:42,2
54452485,2026-08-05,2026-08-05,1
54452494,2026-08-05,2026-08-29T16:44:32,2
54452620,2026-08-29T17:03:36,2026-08-29T17:03:36,1
54452671,2026-08-05,2026-08-29T16:31:00,2
54452688,2026-08-05,2026-08-29T17:05:19,2
54452697,2026-08-05,2026-08-29T17:05:22,2
54452797,2026-08-05,2026-08-29T17:01:29,2
54452842,2026-08-29T17:03:24,2026-08-29T17:03:24,1
54452966,2026-08-05,2026-08-29T17:00:53,2
54453031,2026-08-05,2026-08-29T16:45:28,2
54453313,2026-08-05,2026-08-29T16:29:28,2
54453316,2026-08-29T16:59:23,2026-08-29T16:59:23,1
54453343,2026-08-29T16:59:23,2026-08-29T16:59:23,1
54453364,2026-08-29T16:56:36,2026-08-29T16:56:36,1
54453369,2026-08-05,2026-08-29T17:01:29,2
54453378,2026-08-29T16:54:48,2026-08-29T16:54:48,1
54453457,2026-08-29T16:54:48,2026-08-29T16:54:48,1
54453574,2026-08-05,2026-08-29T16:38:59,2
54453613,2026-08-05,2026-08-29T16:35:19,2
54453633,2026-08-05,2026-08-29T16:42:04,2
54453898,2026-08-05,2026-08-29T17:07:25,2
54453909,2026-08-05,2026-08-05,1
54453923,2026-08-29T16:59:32,2026-08-29T16:59:32,1
54453925,2026-08-29T16:59:58,2026-08-29T16:59:58,1
54453968,2026-08-05,2026-08-29T16:28:45,2
54453982,2026-08-05,2026-08-29T17:09:27,2
54454026,2026-08-05,2026-08-29T16:33:52,2
54454043,2026-08-05,2026-08-29T16:56:46,2
54454104,2026-08-05,2026-08-29T16:55:18,2
54454147,2026-08-05,2026-08-29T16:35:47,2
54454258,2026-08-29T17:03:01,2026-08-29T17:03:01,1
54454292,2026-08-29T16:46:16,2026-08-29T16:46:16,1
54454351,2026-08-29T16:59:49,2026-08-29T16:59:49,1
54454379,2026-08-05,2026-08-29T16:34:19,2
54454384,2026-08-05,2026-08-29T17:02:22,2
54454422,2026-08-29T16:58:07,2026-08-29T16:58:07,1
54454423,2026-08-05,2026-08-05,1
54454426,2026-08-05,2026-08-29T17:11:11,2
54454432,2026-08-05,2026-08-29T17:11:28,2
54454445,2026-08-05,2026-08-29T17:11:28,2
54454453,2026-08-05,2026-08-29T17:11:28,2
54454456,2026-08-05,2026-08-29T17:11:25,2
54454477,2026-08-29T17:04:52,2026-08-29T17:04:52,1
54454488,2026-08-05,2026-08-29T16:43:42,2
54454528,2026-08-05,2026-08-29T17:11:46,2
54454551,2026-08-05,2026-08-29T16:41:06,2
54454593,2026-08-05,2026-08-29T16:48:52,2
54454595,2026-08-05,2026-08-29T17:11:02,2
54454685,2026-08-05,2026-08-29T16:39:26,2
54454708,2026-08-29T16:57:15,2026-08-29T16:57:15,1
54454742,2026-08-05,2026-08-29T17:05:54,2
54454746,2026-08-29T16:57:06,2026-08-29T16:57:06,1
54454794,2026-08-05,2026-08-29T17:11:02,2
54454816,2026-08-05,2026-08-29T16:37:13,2
54454840,2026-08-05,2026-08-29T17:06:09,2
54454907,2026-08-05,2026-08-29T16:49:54,2
54454910,2026-08-05,2026-08-05,1
54454946,2026-08-05,2026-08-29T17:11:28,2
54454963,2026-08-29T16:51:09,2026-08-29T16:51:09,1
54454991,2026-08-05,2026-08-29T17:11:25,2
54454992,2026-08-29T16:56:29,2026-08-29T16:56:29,1
54454996,2026-08-29T17:04:06,2026-08-29T17:04:06,1
54454998,2026-08-05,2026-08-29T16:35:35,2
54455030,2026-08-29T16:51:29,2026-08-29T16:51:29,1
54455055,2026-08-29T16:56:29,2026-08-29T16:56:29,1
54455085,2026-08-05,2026-08-05,1
54455130,2026-08-29T17:03:01,2026-08-29T17:03:01,1
54455132,2026-08-05,2026-08-29T16:41:14,2
54455133,2026-08-29T16:39:55,2026-08-29T16:39:55,1
54455134,2026-08-29T17:03:42,2026-08-29T17:03:42,1
54455135,2026-08-05,2026-08-29T16:42:24,2
54455136,2026-08-29T17:03:42,2026-08-29T17:03:42,1
54455145,2026-08-29T16:52:25,2026-08-29T16:52:25,1
54455182,2026-08-29T17:03:24,2026-08-29T17:03:24,1
54455209,2026-08-05,2026-08-29T17:05:19,2
54455238,2026-08-05,2026-08-29T17:09:44,2
54455246,2026-08-29T16:56:49,2026-08-29T16:56:49,1
54455265,2026-08-05,2026-08-29T17:05:22,2
54455302,2026-08-05,2026-08-29T17:05:33,2
54455328,2026-08-29T16:42:49,2026-08-29T16:42:49,1
54455355,2026-08-05,2026-08-29T16:44:47,2
54455371,2026-08-05,2026-08-29T16:48:49,2
54455375,2026-08-05,2026-08-29T16:32:19,2
54455397,2026-08-29T16:56:36,2026-08-29T16:56:36,1
54455403,2026-08-05,2026-08-29T16:48:49,2
54455408,2026-08-05,2026-08-29T17:05:22,2
54455412,2026-08-05,2026-08-29T16:57:49,2
54455414,2026-08-05,2026-08-29T16:49:11,2
54455422,2026-08-05,2026-08-29T16:37:39,2
54455424,2026-08-05,2026-08-29T16:31:30,2
54455468,2026-08-05,2026-08-29T16:45:42,2
54455471,2026-08-05,2026-08-29T16:45:42,2
54455529,2026-08-29T16:59:17,2026-08-29T16:59:17,1
54455564,2026-08-05,2026-08-29T16:45:12,2
54455567,2026-08-29T17:00:11,2026-08-29T17:00:11,1
54455577,2026-08-05,2026-08-05,1
54455599,2026-08-05,2026-08-29T17:11:28,2
54455602,2026-08-05,2026-08-05,1
54455735,2026-08-29T17:04:28,2026-08-29T17:04:28,1
54455761,2026-08-05,2026-08-05,1
54455799,2026-08-29T16:56:29,2026-08-29T16:56:29,1
54455824,2026-08-05,2026-08-29T16:37:06,2
54455911,2026-08-29T16:45:28,2026-08-29T16:45:28,1
54455966,2026-08-05,2026-08-29T16:57:34,2
54455967,2026-08-05,2026-08-29T16:28:56,2
54455970,2026-08-29T16:50:51,2026-08-29T16:50:51,1
54456010,2026-08-05,2026-08-29T17:09:06,2
54456011,2026-08-05,2026-08-29T17:08:02,2
54456014,2026-08-05,2026-08-29T16:51:42,2
54456015,2026-08-29T16:59:26,2026-08-29T16:59:26,1
54456017,2026-08-05,2026-08-29T16:51:42,2
54456033,2026-08-05,2026-08-05,1
54456038,2026-08-05,2026-08-29T16:51:42,2
54456046,2026-08-05,2026-08-29T16:51:42,2
54456047,2026-08-05,2026-08-29T16:51:42,2
54456052,2026-08-05,2026-08-29T16:51:42,2
54456055,2026-08-05,2026-08-29T16:56:55,2
54456057,2026-08-05,2026-08-29T16:51:42,2
54456058,2026-08-05,2026-08-29T16:51:42,2
54456065,2026-08-05,2026-08-29T16:56:55,2
54456083,2026-08-05,2026-08-29T16:37:06,2
54456135,2026-08-05,2026-08-29T16:42:29,2
54456150,2026-08-05,2026-08-05,1
54456158,2026-08-29T16:45:25,2026-08-29T16:45:25,1
54456163,2026-08-05,2026-08-29T16:43:42,2
54456189,2026-08-29T16:56:39,2026-08-29T16:56:39,1
54456204,2026-08-29T16:56:49,2026-08-29T16:56:49,1
54456284,2026-08-29T16:41:35,2026-08-29T16:41:35,1
54456291,2026-08-05,2026-08-05,1
54456301,2026-08-05,2026-08-05,1
54456331,2026-08-29T16:59:43,2026-08-29T16:59:43,1
54456333,2026-08-05,2026-08-05,1
54456346,2026-08-05,2026-08-05,1
54456362,2026-08-05,2026-08-05,1
54456426,2026-08-05,2026-08-29T16:48:04,2
54456532,2026-08-29T16:59:46,2026-08-29T16:59:46,1
54456574,2026-08-29T16:54:02,2026-08-29T16:54:02,1
54456649,2026-08-05,2026-08-05,1
54456720,2026-08-29T16:56:14,2026-08-29T16:56:14,1
54456770,2026-08-29T16:58:55,2026-08-29T16:58:55,1
54456773,2026-08-29T16:58:55,2026-08-29T16:58:55,1
54456797,2026-08-05,2026-08-29T16:52:19,2
54456833,2026-08-05,2026-08-29T16:59:05,2
54456854,2026-08-05,2026-08-29T17:11:19,2
54457215,2026-08-05,2026-08-29T17:09:44,2
54457237,2026-08-05,2026-08-29T17:05:36,2
54457268,2026-08-05,2026-08-29T17:05:33,2
54457338,2026-08-29T16:56:14,2026-08-29T16:56:14,1
54457404,2026-08-05,2026-08-29T16:47:59,2
54457638,2026-08-05,2026-08-29T16:59:08,2
54457750,2026-08-29T17:03:36,2026-08-29T17:03:36,1
54457755,2026-08-29T16:52:45,2026-08-29T16:52:45,1
54457762,2026-08-29T16:58:33,2026-08-29T16:58:33,1
54457766,2026-08-29T16:39:46,2026-08-29T16:39:46,1
54457782,2026-08-05,2026-08-29T17:11:53,2
54457845,2026-08-29T16:56:39,2026-08-29T16:56:39,1
54457851,2026-08-29T16:50:24,2026-08-29T16:50:24,1
54457853,2026-08-29T16:55:06,2026-08-29T16:55:06,1
54457898,2026-08-29T17:04:03,2026-08-29T17:04:03,1
54457908,2026-08-05,2026-08-29T16:37:06,2
54457974,2026-08-05,2026-08-29T16:34:36,2
54458048,2026-08-05,2026-08-29T16:49:59,2
54458052,2026-08-29T17:02:40,2026-08-29T17:02:40,1
54458058,2026-08-05,2026-08-29T16:50:21,2
54458127,2026-08-05,2026-08-29T17:11:36,2
54458151,2026-08-29T16:50:24,2026-08-29T16:50:24,1
54458227,2026-08-29T16:57:21,2026-08-29T16:57:21,1
54458282,2026-08-05,2026-08-29T17:01:35,2
54458367,2026-08-05,2026-08-29T16:42:29,2
54458384,2026-08-05,2026-08-29T16:43:36,2
54458396,2026-08-05,2026-08-29T16:57:03,2
54458418,2026-08-29T16:42:04,2026-08-29T16:42:04,1
54458439,2026-08-05,2026-08-29T16:50:28,2
54458456,2026-08-05,2026-08-29T16:33:43,2
54458459,2026-08-29T16:53:25,2026-08-29T16:53:25,1
54458469,2026-08-29T16:56:55,2026-08-29T16:56:55,1
54458485,2026-08-05,2026-08-05,1
54458503,2026-08-05,2026-08-29T16:41:57,2
54458508,2026-08-29T16:56:55,2026-08-29T16:56:55,1
54458516,2026-08-29T16:59:14,2026-08-29T16:59:14,1
54458532,2026-08-05,2026-08-29T16:58:28,2
54458547,2026-08-05,2026-08-29T17:01:08,2
54458561,2026-08-05,2026-08-29T16:51:42,2
54458565,2026-08-05,2026-08-29T16:51:42,2
54458610,2026-08-29T17:04:43,2026-08-29T17:04:43,1
54458618,2026-08-29T17:04:43,2026-08-29T17:04:43,1
54458671,2026-08-29T16:59:46,2026-08-29T16:59:46,1
54458718,2026-08-29T16:36:07,2026-08-29T16:36:07,1
54458803,2026-08-29T16:56:29,2026-08-29T16:56:29,1
54458841,2026-08-29T16:52:55,2026-08-29T16:52:55,1
54458900,2026-08-29T16:57:55,2026-08-29T16:57:55,1
54458923,2026-08-29T16:57:55,2026-08-29T16:57:55,1
54458938,2026-08-29T16:56:46,2026-08-29T16:56:46,1
54458987,2026-08-29T16:55:59,2026-08-29T16:55:59,1
54459179,2026-08-05,2026-08-29T16:47:03,2
54459188,2026-08-05,2026-08-29T16:58:49,2
54459280,2026-08-05,2026-08-29T17:08:56,2
54459349,2026-08-05,2026-08-29T16:46:38,2
54459460,2026-08-29T16:31:51,2026-08-29T16:31:51,1
54459483,2026-08-29T16:40:02,2026-08-29T16:40:02,1
54459522,2026-08-05,2026-08-29T17:11:25,2
54459543,2026-08-05,2026-08-29T16:30:07,2
54459578,2026-08-05,2026-08-29T17:07:59,2
54459720,2026-08-05,2026-08-29T16:34:59,2
54459722,2026-08-05,2026-08-29T16:34:59,2
54459727,2026-08-05,2026-08-29T16:34:59,2
54459819,2026-08-05,2026-08-29T16:34:33,2
54459826,2026-08-05,2026-08-29T16:47:25,2
54459848,2026-08-05,2026-08-29T16:33:39,2
54459889,2026-08-29T16:56:11,2026-08-29T16:56:11,1
54459894,2026-08-29T16:58:46,2026-08-29T16:58:46,1
54459899,2026-08-05,2026-08-29T17:00:56,2
54460246,2026-08-05,2026-08-05,1
54460249,2026-08-05,2026-08-05,1
54460264,2026-08-05,2026-08-05,1
54460274,2026-08-05,2026-08-05,1
54460275,2026-08-05,2026-08-05,1
54460279,2026-08-05,2026-08-05,1
54460360,2026-08-05,2026-08-05,1
54460397,2026-08-05,2026-08-05,1
54460423,2026-08-05,2026-08-05,1
54460474,2026-08-05,2026-08-05,1
54460636,2026-08-05,2026-08-29T17:09:23,2
54460642,2026-08-05,2026-08-29T16:53:02,2
54460740,2026-08-05,2026-08-05,1
54460741,2026-08-05,2026-08-05,1
54460742,2026-08-29T16:30:12,2026-08-29T16:30:12,1
54460751,2026-08-29T16:37:06,2026-08-29T16:37:06,1
54460752,2026-08-29T16:37:06,2026-08-29T16:37:06,1
54460817,2026-08-05,2026-08-05,1
54460834,2026-08-29T17:02:52,2026-08-29T17:02:52,1
54460835,2026-08-29T17:05:04,2026-08-29T17:05:04,1
54460838,2026-08-05,2026-08-29T17:00:38,2
54460969,2026-08-05,2026-08-05,1
54460974,2026-08-05,2026-08-29T17:02:10,2
54461048,2026-08-05,2026-08-05,1
54461096,2026-08-05,2026-08-29T17:06:36,2
54461167,2026-08-05,2026-08-29T16:48:46,2
54461308,2026-08-29T16:58:40,2026-08-29T16:58:40,1
54461332,2026-08-05,2026-08-29T16:42:49,2
54461411,2026-08-29T17:04:43,2026-08-29T17:04:43,1
54461420,2026-08-29T16:56:39,2026-08-29T16:56:39,1
54461459,2026-08-29T16:56:29,2026-08-29T16:56:29,1
54461484,2026-08-05,2026-08-29T17:09:06,2
54461502,2026-08-05,2026-08-29T16:33:55,2
54461574,2026-08-05,2026-08-29T17:01:41,2
54461579,2026-08-05,2026-08-05,1
54461771,2026-08-05,2026-08-29T16:33:19,2
54461800,2026-08-29T17:03:54,2026-08-29T17:03:54,1
54461812,2026-08-05,2026-08-29T17:00:32,2
54461909,2026-08-29T16:31:00,2026-08-29T16:31:00,1
54461941,2026-08-05,2026-08-29T16:38:02,2
54462005,2026-08-05,2026-08-29T17:10:44,2
54462026,2026-08-05,2026-08-29T17:08:38,2
54462053,2026-08-05,2026-08-29T16:42:01,2
54462089,2026-08-05,2026-08-29T17:08:38,2
54462132,2026-08-05,2026-08-29T16:45:58,2
54462201,2026-08-05,2026-08-29T16:46:22,2
54462248,2026-08-29T16:59:08,2026-08-29T16:59:08,1
54462260,2026-08-05,2026-08-29T16:46:10,2
54462267,2026-08-05,2026-08-29T17:09:06,2
54462415,2026-08-05,2026-08-29T17:06:26,2
54462437,2026-08-05,2026-08-29T17:06:21,2
54462552,2026-08-05,2026-08-05,1
54462563,2026-08-29T16:56:29,2026-08-29T16:56:29,1
54462579,2026-08-05,2026-08-29T17:07:42,2
54462605,2026-08-05,2026-08-29T17:08:50,2
54462625,2026-08-29T16:53:22,2026-08-29T16:53:22,1
54462722,2026-08-05,2026-08-29T16:38:06,2
54462796,2026-08-29T16:30:26,2026-08-29T16:30:26,1
54462816,2026-08-05,2026-08-29T16:51:26,2
54462855,2026-08-05,2026-08-29T16:32:50,2
54462878,2026-08-29T16:59:08,2026-08-29T16:59:08,1
54462883,2026-08-05,2026-08-29T17:11:11,2
54462988,2026-08-29T16:53:22,2026-08-29T16:53:22,1
54463013,2026-08-29T16:59:08,2026-08-29T16:59:08,1
54463045,2026-08-05,2026-08-29T17:01:05,2
54463078,2026-08-05,2026-08-29T16:42:39,2
54463186,2026-08-29T16:52:36,2026-08-29T16:52:36,1
54463203,2026-08-29T16:55:40,2026-08-29T16:55:40,1
54463253,2026-08-05,2026-08-29T16:32:35,2
54463271,2026-08-05,2026-08-29T17:01:56,2
54463275,2026-08-05,2026-08-29T16:59:23,2
54463299,2026-08-29T16:59:49,2026-08-29T16:59:49,1
54463327,2026-08-05,2026-08-29T16:59:23,2
54463361,2026-08-29T16:52:25,2026-08-29T16:52:25,1
54463363,2026-08-05,2026-08-29T16:59:23,2
54463372,2026-08-29T16:51:29,2026-08-29T16:51:29,1
54463392,2026-08-05,2026-08-05,1
54463413,2026-08-05,2026-08-29T16:32:50,2
54463515,2026-08-29T16:51:49,2026-08-29T16:51:49,1
54463659,2026-08-29T17:03:45,2026-08-29T17:03:45,1
54463661,2026-08-29T16:57:40,2026-08-29T16:57:40,1
54463674,2026-08-29T16:56:36,2026-08-29T16:56:36,1
54463688,2026-08-05,2026-08-29T17:00:59,2
54463705,2026-08-29T16:42:20,2026-08-29T16:42:20,1
54463763,2026-08-05,2026-08-29T16:45:42,2
54463808,2026-08-29T16:57:40,2026-08-29T16:57:40,1
54463815,2026-08-29T16:44:16,2026-08-29T16:44:16,1
54463838,2026-08-29T16:42:20,2026-08-29T16:42:20,1
54463855,2026-08-29T16:31:00,2026-08-29T16:31:00,1
54463866,2026-08-05,2026-08-29T16:42:20,2
54463957,2026-08-29T17:04:46,2026-08-29T17:04:46,1
54464013,2026-08-29T17:04:37,2026-08-29T17:04:37,1
54464151,2026-08-29T17:03:21,2026-08-29T17:03:21,1
54464154,2026-08-29T16:56:39,2026-08-29T16:56:39,1
54464171,2026-08-29T16:50:24,2026-08-29T16:50:24,1
54464172,2026-08-05,2026-08-29T16:47:13,2
54464173,2026-08-05,2026-08-29T17:00:26,2
54464256,2026-08-05,2026-08-05,1
54464269,2026-08-05,2026-08-29T16:47:22,2
54464349,2026-08-05,2026-08-29T17:00:56,2
54464365,2026-08-05,2026-08-29T16:34:59,2
54464367,2026-08-05,2026-08-29T16:34:59,2
54464379,2026-08-05,2026-08-29T16:34:59,2
54464380,2026-08-05,2026-08-29T16:34:59,2
54464387,2026-08-05,2026-08-29T16:34:59,2
54464390,2026-08-05,2026-08-29T16:34:59,2
54464392,2026-08-05,2026-08-29T16:34:59,2
54464431,2026-08-29T16:59:46,2026-08-29T16:59:46,1
54464703,2026-08-05,2026-08-29T16:52:10,2
54464705,2026-08-05,2026-08-29T16:52:10,2
54464706,2026-08-05,2026-08-29T16:41:14,2
54464707,2026-08-05,2026-08-29T16:52:10,2
54464708,2026-08-05,2026-08-29T16:52:10,2
54464709,2026-08-05,2026-08-29T16:30:41,2
54464710,2026-08-05,2026-08-29T16:41:35,2
54464711,2026-08-05,2026-08-29T16:38:28,2
54464850,2026-08-05,2026-08-05,1
54464873,2026-08-29T16:55:18,2026-08-29T16:55:18,1
54464899,2026-08-29T17:03:33,2026-08-29T17:03:33,1
54464901,2026-08-05,2026-08-29T16:45:55,2
54464928,2026-08-05,2026-08-29T16:42:09,2
54465069,2026-08-05,2026-08-29T17:05:22,2
54465148,2026-08-05,2026-08-29T16:42:09,2
54465429,2026-08-05,2026-08-05,1
54465656,2026-08-05,2026-08-29T17:01:56,2
54465859,2026-08-05,2026-08-29T17:08:53,2
54465950,2026-08-05,2026-08-29T17:07:32,2
54466562,2026-08-29T16:59:08,2026-08-29T16:59:08,1
54466648,2026-08-29T16:59:08,2026-08-29T16:59:08,1
54466711,2026-08-29T16:59:08,2026-08-29T16:59:08,1
54466737,2026-08-29T17:04:52,2026-08-29T17:04:52,1
54466739,2026-08-29T16:53:47,2026-08-29T16:53:47,1
54466798,2026-08-29T16:53:47,2026-08-29T16:53:47,1
54466890,2026-08-29T16:51:06,2026-08-29T16:51:06,1
54466898,2026-08-29T16:59:52,2026-08-29T16:59:52,1
54466899,2026-08-29T16:46:22,2026-08-29T16:46:22,1
54466972,2026-08-29T16:59:08,2026-08-29T16:59:08,1
54466988,2026-08-05,2026-08-29T17:06:36,2
54467091,2026-08-05,2026-08-29T17:02:22,2
54467183,2026-08-05,2026-08-29T16:44:08,2
54467200,2026-08-29T16:59:58,2026-08-29T16:59:58,1
54467230,2026-08-29T17:03:27,2026-08-29T17:03:27,1
54467238,2026-08-05,2026-08-29T17:08:31,2
54467239,2026-08-05,2026-08-29T17:08:53,2
54467240,2026-08-29T17:04:55,2026-08-29T17:04:55,1
54467278,2026-08-05,2026-08-29T17:02:16,2
54467318,2026-08-05,2026-08-29T17:01:29,2
54467335,2026-08-29T17:04:55,2026-08-29T17:04:55,1
54467378,2026-08-05,2026-08-29T16:29:00,2
54467379,2026-08-05,2026-08-29T16:42:24,2
54467399,2026-08-29T17:04:10,2026-08-29T17:04:10,1
54467404,2026-08-29T17:04:31,2026-08-29T17:04:31,1
54467416,2026-08-29T17:04:10,2026-08-29T17:04:10,1
54467444,2026-08-29T17:04:10,2026-08-29T17:04:10,1
54467452,2026-08-05,2026-08-29T16:56:32,2
54467470,2026-08-05,2026-08-29T17:10:03,2
54467481,2026-08-05,2026-08-29T17:09:48,2
54467482,2026-08-05,2026-08-29T17:10:03,2
54467502,2026-08-05,2026-08-29T16:33:08,2
54467510,2026-08-05,2026-08-29T16:42:12,2
54467518,2026-08-05,2026-08-29T17:10:03,2
54467537,2026-08-05,2026-08-29T17:10:03,2
54467555,2026-08-05,2026-08-29T17:09:55,2
54467556,2026-08-05,2026-08-29T17:09:48,2
54467604,2026-08-05,2026-08-05,1
54467633,2026-08-05,2026-08-29T16:33:08,2
54467700,2026-08-29T16:56:55,2026-08-29T16:56:55,1
54467761,2026-08-29T16:35:09,2026-08-29T16:35:09,1
54467798,2026-08-05,2026-08-05,1
54467813,2026-08-05,2026-08-05,1
54467884,2026-08-29T16:51:49,2026-08-29T16:51:49,1
54467954,2026-08-29T16:59:43,2026-08-29T16:59:43,1
54467984,2026-08-05,2026-08-29T16:44:05,2
54467987,2026-08-29T17:02:37,2026-08-29T17:02:37,1
54468042,2026-08-29T17:03:33,2026-08-29T17:03:33,1
54468101,2026-08-05,2026-08-29T16:58:30,2
54468152,2026-08-05,2026-08-29T17:08:50,2
54468197,2026-08-05,2026-08-29T16:34:33,2
54468203,2026-08-29T16:56:08,2026-08-29T16:56:08,1
54468220,2026-08-29T17:02:52,2026-08-29T17:02:52,1
54468265,2026-08-05,2026-08-29T16:39:03,2
54468311,2026-08-05,2026-08-29T17:10:06,2
54468317,2026-08-05,2026-08-29T16:32:22,2
54468327,2026-08-05,2026-08-29T17:08:50,2
54468345,2026-08-05,2026-08-29T16:42:32,2
54468351,2026-08-05,2026-08-05,1
54468374,2026-08-05,2026-08-29T17:11:53,2
54468387,2026-08-05,2026-08-05,1
54468427,2026-08-29T17:04:19,2026-08-29T17:04:19,1
54468459,2026-08-29T17:04:19,2026-08-29T17:04:19,1
54468472,2026-08-05,2026-08-29T16:41:48,2
54468487,2026-08-05,2026-08-29T17:08:20,2
54468617,2026-08-05,2026-08-29T17:10:44,2
54468733,2026-08-05,2026-08-29T16:41:30,2
54468765,2026-08-05,2026-08-29T16:38:06,2
54468782,2026-08-05,2026-08-29T16:38:06,2
54468794,2026-08-05,2026-08-29T16:29:39,2
54468804,2026-08-05,2026-08-29T16:46:34,2
54468818,2026-08-05,2026-08-05,1
54468876,2026-08-05,2026-08-29T16:42:59,2
54468892,2026-08-29T16:39:51,2026-08-29T16:39:51,1
54468916,2026-08-05,2026-08-29T16:37:17,2
54468936,2026-08-05,2026-08-29T16:33:08,2
54468958,2026-08-05,2026-08-29T16:45:42,2
54469066,2026-08-05,2026-08-29T16:34:30,2
54469125,2026-08-29T16:57:03,2026-08-29T16:57:03,1
54469154,2026-08-05,2026-08-05,1
54469349,2026-08-05,2026-08-29T16:37:17,2
54469366,2026-08-05,2026-08-29T16:48:31,2
54469459,2026-08-05,2026-08-29T16:32:03,2
54469489,2026-08-29T16:41:06,2026-08-29T16:41:06,1
54469697,2026-08-05,2026-08-29T17:02:46,2
54469710,2026-08-05,2026-08-29T17:00:56,2
54469714,2026-08-05,2026-08-29T16:44:05,2
54469758,2026-08-05,2026-08-29T16:30:15,2
54469771,2026-08-29T16:40:23,2026-08-29T16:40:23,1
54469778,2026-08-29T16:42:20,2026-08-29T16:42:20,1
54469887,2026-08-05,2026-08-29T17:08:53,2
54470023,2026-08-05,2026-08-29T16:48:08,2
54470126,2026-08-05,2026-08-29T16:39:14,2
54470192,2026-08-05,2026-08-05,1
54470210,2026-08-05,2026-08-05,1
54470213,2026-08-05,2026-08-05,1
54470219,2026-08-05,2026-08-05,1
54470245,2026-08-05,2026-08-05,1
54470324,2026-08-05,2026-08-29T17:06:26,2
54470339,2026-08-05,2026-08-29T17:01:38,2
54470350,2026-08-29T17:04:46,2026-08-29T17:04:46,1
54470423,2026-08-29T16:34:02,2026-08-29T16:34:02,1
54470471,2026-08-05,2026-08-29T16:47:44,2
54470487,2026-08-29T16:54:25,2026-08-29T16:54:25,1
54470497,2026-08-29T17:04:25,2026-08-29T17:04:25,1
54470639,2026-08-05,2026-08-05,1
54470681,2026-08-05,2026-08-29T16:57:52,2
54470697,2026-08-29T17:03:54,2026-08-29T17:03:54,1
54470730,2026-08-05,2026-08-05,1
54470943,2026-08-29T16:56:29,2026-08-29T16:56:29,1
54471057,2026-08-05,2026-08-29T17:06:40,2
54471069,2026-08-29T16:56:29,2026-08-29T16:56:29,1
54471075,2026-08-29T16:52:39,2026-08-29T16:52:39,1
54471076,2026-08-05,2026-08-29T17:09:44,2
54471107,2026-08-05,2026-08-29T17:06:29,2
54471118,2026-08-05,2026-08-29T17:06:36,2
54471130,2026-08-05,2026-08-29T17:01:41,2
54471183,2026-08-29T16:49:33,2026-08-29T16:49:33,1
54471192,2026-08-05,2026-08-05,1
54471196,2026-08-29T16:28:49,2026-08-29T16:28:49,1
54471222,2026-08-05,2026-08-29T16:37:28,2
54471400,2026-08-05,2026-08-05,1
54471440,2026-08-05,2026-08-29T17:01:05,2
54471462,2026-08-05,2026-08-05,1
54471543,2026-08-05,2026-08-29T17:01:05,2
54471559,2026-08-05,2026-08-29T17:02:22,2
54471562,2026-08-05,2026-08-05,1
54471611,2026-08-05,2026-08-29T16:39:38,2
54471614,2026-08-29T17:03:01,2026-08-29T17:03:01,1
54471633,2026-08-05,2026-08-29T16:29:43,2
54471656,2026-08-05,2026-08-29T17:06:00,2
54471668,2026-08-05,2026-08-29T16:40:23,2
54471714,2026-08-29T16:57:58,2026-08-29T16:57:58,1
54471732,2026-08-05,2026-08-29T16:34:30,2
54471762,2026-08-05,2026-08-29T17:05:45,2
54471766,2026-08-05,2026-08-29T17:01:44,2
54471809,2026-08-05,2026-08-29T16:40:23,2
54471826,2026-08-05,2026-08-29T16:33:55,2
54471836,2026-08-05,2026-08-29T16:34:33,2
54471940,2026-08-05,2026-08-29T16:34:13,2
54472016,2026-08-29T16:53:22,2026-08-29T16:53:22,1
54472052,2026-08-05,2026-08-29T17:08:38,2
54472061,2026-08-29T16:55:15,2026-08-29T16:55:15,1
54472073,2026-08-29T16:52:31,2026-08-29T16:52:31,1
54472133,2026-08-05,2026-08-29T16:51:26,2
54472135,2026-08-29T16:36:37,2026-08-29T16:36:37,1
54472165,2026-08-05,2026-08-29T16:33:49,2
54472189,2026-08-05,2026-08-29T16:45:52,2
54472212,2026-08-05,2026-08-29T16:47:13,2
54472238,2026-08-05,2026-08-29T16:39:42,2
54472276,2026-08-05,2026-08-29T16:30:45,2
54472350,2026-08-05,2026-08-29T16:36:14,2
54472383,2026-08-29T16:50:24,2026-08-29T16:50:24,1
54472392,2026-08-05,2026-08-29T16:28:56,2
54472411,2026-08-05,2026-08-29T16:34:50,2
54472428,2026-08-05,2026-08-29T16:38:02,2
54472497,2026-08-05,2026-08-29T16:52:02,2
54472599,2026-08-05,2026-08-29T16:29:14,2
54472630,2026-08-05,2026-08-29T17:06:32,2
54472635,2026-08-05,2026-08-29T16:45:36,2
54472680,2026-08-29T16:54:25,2026-08-29T16:54:25,1
54472700,2026-08-05,2026-08-29T17:11:25,2
54472721,2026-08-05,2026-08-05,1
54472783,2026-08-29T16:52:45,2026-08-29T16:52:45,1
54472812,2026-08-29T17:04:06,2026-08-29T17:04:06,1
54472975,2026-08-05,2026-08-29T16:32:50,2
54472987,2026-08-29T16:37:36,2026-08-29T16:37:36,1
54473047,2026-08-05,2026-08-29T17:11:02,2
54473145,2026-08-05,2026-08-29T16:33:19,2
54473290,2026-08-05,2026-08-29T16:43:07,2
54473309,2026-08-29T17:02:40,2026-08-29T17:02:40,1
54473366,2026-08-05,2026-08-29T17:08:02,2
54473368,2026-08-05,2026-08-29T17:10:24,2
54473482,2026-08-05,2026-08-05,1
54473568,2026-08-05,2026-08-29T16:33:12,2
54473636,2026-08-05,2026-08-29T16:38:24,2
54473640,2026-08-29T16:55:12,2026-08-29T16:55:12,1
54473676,2026-08-05,2026-08-29T17:07:29,2
54473746,2026-08-05,2026-08-29T17:05:57,2
54473768,2026-08-29T16:52:13,2026-08-29T16:52:13,1
54473851,2026-08-05,2026-08-29T16:50:41,2
54473885,2026-08-29T16:55:40,2026-08-29T16:55:40,1
54473966,2026-08-29T16:32:35,2026-08-29T16:32:35,1
54474055,2026-08-05,2026-08-29T16:45:36,2
54474085,2026-08-05,2026-08-29T17:08:34,2
54474102,2026-08-29T16:50:24,2026-08-29T16:50:24,1
54474116,2026-08-29T16:50:24,2026-08-29T16:50:24,1
54474289,2026-08-05,2026-08-29T17:01:44,2
54474304,2026-08-05,2026-08-29T17:00:56,2
54474337,2026-08-29T16:57:12,2026-08-29T16:57:12,1
54474344,2026-08-05,2026-08-29T17:09:27,2
54474345,2026-08-29T17:03:01,2026-08-29T17:03:01,1
54474346,2026-08-05,2026-08-29T17:08:28,2
54474361,2026-08-05,2026-08-29T16:47:53,2
54474363,2026-08-05,2026-08-29T17:08:34,2
54474494,2026-08-05,2026-08-29T16:47:31,2
54474619,2026-08-29T16:56:49,2026-08-29T16:56:49,1
54474677,2026-08-05,2026-08-29T17:06:06,2
54474854,2026-08-29T16:50:31,2026-08-29T16:50:31,1
54474861,2026-08-05,2026-08-29T17:10:24,2
54474875,2026-08-05,2026-08-29T16:58:28,2
54474937,2026-08-05,2026-08-29T16:32:56,2
54475002,2026-08-05,2026-08-29T16:46:16,2
54475035,2026-08-05,2026-08-29T16:48:14,2
54475036,2026-08-05,2026-08-29T16:48:14,2
54475040,2026-08-05,2026-08-29T16:45:15,2
54475362,2026-08-05,2026-08-29T16:48:02,2
54475508,2026-08-29T16:58:25,2026-08-29T16:58:25,1
54475510,2026-08-29T16:58:25,2026-08-29T16:58:25,1
54475512,2026-08-29T16:58:25,2026-08-29T16:58:25,1
54475513,2026-08-29T16:58:25,2026-08-29T16:58:25,1
54475515,2026-08-29T16:58:25,2026-08-29T16:58:25,1
54475516,2026-08-29T16:58:25,2026-08-29T16:58:25,1
54475518,2026-08-29T16:58:25,2026-08-29T16:58:25,1
54475519,2026-08-29T16:59:52,2026-08-29T16:59:52,1
54475521,2026-08-29T16:59:52,2026-08-29T16:59:52,1
54475522,2026-08-29T16:58:25,2026-08-29T16:58:25,1
54475523,2026-08-05,2026-08-29T17:08:53,2
54475525,2026-08-05,2026-08-29T17:08:53,2
54475527,2026-08-05,2026-08-29T17:08:38,2
54475528,2026-08-05,2026-08-29T17:08:38,2
54475529,2026-08-05,2026-08-29T17:08:38,2
54475530,2026-08-29T16:58:25,2026-08-29T16:58:25,1
54475531,2026-08-29T16:58:25,2026-08-29T16:58:25,1
54475532,2026-08-29T16:58:25,2026-08-29T16:58:25,1
54475533,2026-08-29T16:58:25,2026-08-29T16:58:25,1
54475534,2026-08-29T16:58:25,2026-08-29T16:58:25,1
54475535,2026-08-29T16:58:25,2026-08-29T16:58:25,1
54475536,2026-08-29T16:58:25,2026-08-29T16:58:25,1
54475537,2026-08-29T16:58:25,2026-08-29T16:58:25,1
54475538,2026-08-29T16:58:25,2026-08-29T16:58:25,1
54475539,2026-08-29T16:58:25,2026-08-29T16:58:25,1
54475540,2026-08-05,2026-08-29T17:08:38,2
54475541,2026-08-05,2026-08-29T17:08:38,2
54475543,2026-08-05,2026-08-29T17:08:38,2
54475545,2026-08-05,2026-08-29T17:08:38,2
54475547,2026-08-05,2026-08-29T17:08:38,2
54475601,2026-08-05,2026-08-29T16:50:28,2
54475717,2026-08-29T16:59:20,2026-08-29T16:59:20,1
54475730,2026-08-05,2026-08-29T16:36:33,2
54475732,2026-08-05,2026-08-29T16:36:33,2
54475828,2026-08-05,2026-08-29T17:07:07,2
54475925,2026-08-29T16:59:46,2026-08-29T16:59:46,1
54476269,2026-08-05,2026-08-05,1
54476317,2026-08-05,2026-08-29T16:45:46,2
54476333,2026-08-05,2026-08-29T17:01:35,2
54476334,2026-08-05,2026-08-29T17:01:35,2
54476337,2026-08-05,2026-08-29T16:45:58,2
54476344,2026-08-05,2026-08-29T16:51:00,2
54476534,2026-08-29T16:36:10,2026-08-29T16:36:10,1
54476559,2026-08-05,2026-08-29T16:46:41,2
54476661,2026-08-05,2026-08-29T16:32:50,2
54476674,2026-08-29T16:54:42,2026-08-29T16:54:42,1
54476679,2026-08-05,2026-08-29T17:10:09,2
54476705,2026-08-05,2026-08-29T17:05:36,2
54476725,2026-08-05,2026-08-29T17:05:36,2
54476727,2026-08-05,2026-08-29T17:08:59,2
54476748,2026-08-05,2026-08-29T17:06:03,2
54476806,2026-08-05,2026-08-29T16:29:28,2
54476817,2026-08-29T16:35:55,2026-08-29T16:35:55,1
54476854,2026-08-05,2026-08-29T16:47:50,2
54476887,2026-08-29T16:39:30,2026-08-29T16:39:30,1
54476893,2026-08-29T17:03:54,2026-08-29T17:03:54,1
54476948,2026-08-05,2026-08-29T17:11:42,2
54476949,2026-08-05,2026-08-29T17:10:52,2
54476950,2026-08-05,2026-08-29T17:10:52,2
54476951,2026-08-05,2026-08-29T17:10:52,2
54476962,2026-08-05,2026-08-29T17:10:52,2
54476963,2026-08-05,2026-08-29T17:10:52,2
54476964,2026-08-05,2026-08-29T17:10:52,2
54476967,2026-08-05,2026-08-29T16:55:34,2
54476968,2026-08-05,2026-08-29T17:08:59,2
54476995,2026-08-05,2026-08-29T17:07:22,2
54477029,2026-08-29T16:57:09,2026-08-29T16:57:09,1
54477091,2026-08-05,2026-08-29T17:08:59,2
54477134,2026-08-29T17:04:06,2026-08-29T17:04:06,1
54477162,2026-08-29T16:31:13,2026-08-29T16:31:13,1
54477239,2026-08-29T16:51:32,2026-08-29T16:51:32,1
54477328,2026-08-29T17:05:01,2026-08-29T17:05:01,1
54477391,2026-08-29T17:05:01,2026-08-29T17:05:01,1
54477403,2026-08-29T16:54:42,2026-08-29T16:54:42,1
54477429,2026-08-05,2026-08-29T16:50:28,2
54477439,2026-08-05,2026-08-29T17:06:03,2
54477514,2026-08-05,2026-08-05,1
54477547,2026-08-05,2026-08-29T16:37:17,2
54477564,2026-08-05,2026-08-05,1
54477568,2026-08-05,2026-08-29T17:11:25,2
54477596,2026-08-29T17:03:36,2026-08-29T17:03:36,1
54477629,2026-08-05,2026-08-29T16:46:10,2
54477642,2026-08-05,2026-08-05,1
54477682,2026-08-05,2026-08-29T17:00:56,2
54477698,2026-08-05,2026-08-29T17:05:57,2
54477712,2026-08-05,2026-08-29T16:44:59,2
54477745,2026-08-29T16:45:02,2026-08-29T16:45:02,1
54477748,2026-08-05,2026-08-29T17:06:12,2
54477782,2026-08-05,2026-08-29T17:11:25,2
54477825,2026-08-05,2026-08-29T16:43:07,2
54477845,2026-08-29T16:44:26,2026-08-29T16:44:26,1
54477870,2026-08-29T16:57:03,2026-08-29T16:57:03,1
54477876,2026-08-29T16:45:22,2026-08-29T16:45:22,1
54477920,2026-08-05,2026-08-29T17:06:40,2
54478008,2026-08-05,2026-08-29T17:09:06,2
54478011,2026-08-05,2026-08-29T17:10:15,2
54478031,2026-08-29T16:52:36,2026-08-29T16:52:36,1
54478277,2026-08-05,2026-08-29T16:28:49,2
54478282,2026-08-05,2026-08-29T16:31:24,2
54478374,2026-08-29T16:51:32,2026-08-29T16:51:32,1
54478388,2026-08-05,2026-08-29T16:39:34,2
54478412,2026-08-05,2026-08-05,1
54478498,2026-08-29T16:35:16,2026-08-29T16:35:16,1
54478501,2026-08-29T16:38:59,2026-08-29T16:38:59,1
54478504,2026-08-05,2026-08-29T16:49:51,2
54478541,2026-08-05,2026-08-05,1
54478583,2026-08-29T16:51:16,2026-08-29T16:51:16,1
54478584,2026-08-05,2026-08-29T16:40:20,2
54478607,2026-08-29T16:52:25,2026-08-29T16:52:25,1
54478632,2026-08-05,2026-08-29T17:05:30,2
54478633,2026-08-29T16:40:58,2026-08-29T16:40:58,1
54478634,2026-08-05,2026-08-29T17:05:30,2
54478635,2026-08-05,2026-08-29T17:05:33,2
54478662,2026-08-29T16:58:30,2026-08-29T16:58:30,1
54478696,2026-08-29T16:58:30,2026-08-29T16:58:30,1
54478714,2026-08-29T16:40:54,2026-08-29T16:40:54,1
54478781,2026-08-05,2026-08-05,1
54478799,2026-08-29T16:52:48,2026-08-29T16:52:48,1
54478812,2026-08-29T16:33:15,2026-08-29T16:33:15,1
54478846,2026-08-29T16:58:30,2026-08-29T16:58:30,1
54478867,2026-08-29T16:52:05,2026-08-29T16:52:05,1
54478881,2026-08-29T16:58:30,2026-08-29T16:58:30,1
54478907,2026-08-29T16:52:05,2026-08-29T16:52:05,1
54479312,2026-08-05,2026-08-29T16:54:45,2
54479354,2026-08-29T16:58:04,2026-08-29T16:58:04,1
54479367,2026-08-05,2026-08-29T16:39:30,2
54479468,2026-08-05,2026-08-29T17:01:50,2
54479471,2026-08-05,2026-08-29T16:43:07,2
54479503,2026-08-05,2026-08-29T16:48:56,2
54479594,2026-08-05,2026-08-29T16:29:28,2
54479715,2026-08-05,2026-08-29T17:00:56,2
54479742,2026-08-29T16:49:33,2026-08-29T16:49:33,1
54479783,2026-08-05,2026-08-29T16:39:46,2
54479911,2026-08-29T16:48:52,2026-08-29T16:48:52,1
54480040,2026-08-05,2026-08-29T16:42:53,2
54480060,2026-08-29T16:38:44,2026-08-29T16:38:44,1
54480079,2026-08-29T16:40:36,2026-08-29T16:40:36,1
54480086,2026-08-05,2026-08-29T17:10:24,2
54480089,2026-08-29T16:38:32,2026-08-29T16:38:32,1
54480106,2026-08-05,2026-08-29T16:34:30,2
54480116,2026-08-05,2026-08-29T16:48:40,2
54480125,2026-08-05,2026-08-29T17:09:48,2
54480131,2026-08-05,2026-08-05,1
54480133,2026-08-05,2026-08-29T16:32:22,2
54480147,2026-08-05,2026-08-29T16:40:36,2
54480176,2026-08-05,2026-08-29T17:07:01,2
54480181,2026-08-05,2026-08-29T17:07:01,2
54480193,2026-08-05,2026-08-29T17:09:41,2
54480229,2026-08-05,2026-08-29T16:47:28,2
54480285,2026-08-05,2026-08-29T16:41:30,2
54480287,2026-08-05,2026-08-29T16:30:04,2
54480289,2026-08-05,2026-08-29T16:40:28,2
54480345,2026-08-05,2026-08-29T16:46:34,2
54480428,2026-08-05,2026-08-05,1
54480429,2026-08-05,2026-08-05,1
54480430,2026-08-05,2026-08-05,1
54481343,2026-08-05,2026-08-29T17:02:10,2
54481409,2026-08-05,2026-08-29T16:32:00,2
54481541,2026-08-05,2026-08-29T16:29:28,2
54481796,2026-08-05,2026-08-29T16:29:14,2
54481893,2026-08-05,2026-08-29T17:09:06,2
54481968,2026-08-05,2026-08-29T16:40:48,2
54481976,2026-08-05,2026-08-29T17:07:01,2
54481998,2026-08-05,2026-08-29T16:45:15,2
54482192,2026-08-05,2026-08-29T17:07:29,2
54482213,2026-08-05,2026-08-29T17:11:53,2
54482296,2026-08-05,2026-08-05,1
54482314,2026-08-05,2026-08-29T17:12:12,2
54482318,2026-08-05,2026-08-29T16:40:28,2
54482330,2026-08-05,2026-08-29T17:11:53,2
54482331,2026-08-05,2026-08-29T16:58:55,2
54482334,2026-08-05,2026-08-29T16:34:10,2
54482377,2026-08-05,2026-08-29T17:08:24,2
54482414,2026-08-05,2026-08-29T16:45:46,2
54482460,2026-08-05,2026-08-05,1
54482461,2026-08-05,2026-08-29T17:01:50,2
54482524,2026-08-05,2026-08-29T17:01:32,2
54482539,2026-08-05,2026-08-29T17:00:59,2
54482683,2026-08-05,2026-08-29T17:00:59,2
54482745,2026-08-05,2026-08-29T16:48:17,2
54482760,2026-08-05,2026-08-05,1
54482770,2026-08-29T17:03:51,2026-08-29T17:03:51,1
54482841,2026-08-05,2026-08-29T16:43:07,2
54482845,2026-08-29T16:52:39,2026-08-29T16:52:39,1
54482869,2026-08-05,2026-08-29T16:29:24,2
54482874,2026-08-05,2026-08-29T17:02:13,2
54482894,2026-08-05,2026-08-29T17:05:54,2
54482900,2026-08-05,2026-08-05,1
54482922,2026-08-05,2026-08-29T16:39:22,2
54482943,2026-08-05,2026-08-29T17:10:09,2
54482989,2026-08-05,2026-08-29T16:29:14,2
54483012,2026-08-29T16:50:44,2026-08-29T16:50:44,1
54483015,2026-08-29T17:00:08,2026-08-29T17:00:08,1
54483049,2026-08-05,2026-08-29T16:44:13,2
54483071,2026-08-29T16:56:49,2026-08-29T16:56:49,1
54483084,2026-08-29T17:02:43,2026-08-29T17:02:43,1
54483086,2026-08-05,2026-08-29T17:05:10,2
54483099,2026-08-05,2026-08-29T16:49:11,2
54483135,2026-08-05,2026-08-29T16:49:08,2
54483168,2026-08-05,2026-08-29T17:11:39,2
54483188,2026-08-05,2026-08-29T16:48:20,2
54483212,2026-08-05,2026-08-29T17:01:50,2
54483214,2026-08-05,2026-08-29T16:49:11,2
54483215,2026-08-05,2026-08-05,1
54483227,2026-08-05,2026-08-29T17:01:50,2
54483241,2026-08-05,2026-08-29T16:46:29,2
54483257,2026-08-05,2026-08-29T16:59:23,2
54483263,2026-08-05,2026-08-29T16:49:08,2
54483270,2026-08-05,2026-08-29T16:43:07,2
54483281,2026-08-29T16:43:07,2026-08-29T16:43:07,1
54483284,2026-08-05,2026-08-29T17:01:50,2
54483295,2026-08-05,2026-08-29T17:02:25,2
54483308,2026-08-29T17:02:49,2026-08-29T17:02:49,1
54483318,2026-08-29T17:02:52,2026-08-29T17:02:52,1
54483332,2026-08-05,2026-08-29T17:01:50,2
54483346,2026-08-05,2026-08-05,1
54483352,2026-08-29T16:56:23,2026-08-29T16:56:23,1
54483359,2026-08-05,2026-08-29T16:32:28,2
54483370,2026-08-05,2026-08-29T16:47:03,2
54483378,2026-08-29T16:53:28,2026-08-29T16:53:28,1
54483440,2026-08-29T16:43:13,2026-08-29T16:43:13,1
54483447,2026-08-05,2026-08-29T16:50:44,2
54483481,2026-08-29T16:51:58,2026-08-29T16:51:58,1
54483483,2026-08-05,2026-08-29T16:38:10,2
54483493,2026-08-05,2026-08-29T16:45:42,2
54483508,2026-08-29T16:57:00,2026-08-29T16:57:00,1
54483557,2026-08-29T16:39:51,2026-08-29T16:39:51,1
54483574,2026-08-05,2026-08-29T16:29:14,2
54483583,2026-08-05,2026-08-29T16:46:10,2
54483591,2026-08-05,2026-08-29T16:29:14,2
54483593,2026-08-29T16:52:36,2026-08-29T16:52:36,1
54483598,2026-08-29T16:39:42,2026-08-29T16:39:42,1
54483602,2026-08-05,2026-08-29T16:30:37,2
54483623,2026-08-29T16:38:02,2026-08-29T16:38:02,1
54483635,2026-08-29T16:51:29,2026-08-29T16:51:29,1
54483749,2026-08-05,2026-08-29T17:10:55,2
54483757,2026-08-29T16:29:28,2026-08-29T16:29:28,1
54483774,2026-08-05,2026-08-29T16:30:19,2
54483807,2026-08-05,2026-08-29T17:01:47,2
54483824,2026-08-05,2026-08-29T16:41:30,2
54483830,2026-08-29T16:53:44,2026-08-29T16:53:44,1
54483883,2026-08-05,2026-08-29T16:30:12,2
54483886,2026-08-29T16:37:51,2026-08-29T16:37:51,1
54483920,2026-08-29T16:53:28,2026-08-29T16:53:28,1
54483988,2026-08-05,2026-08-29T16:52:19,2
54483991,2026-08-29T16:59:29,2026-08-29T16:59:29,1
54484012,2026-08-05,2026-08-29T17:07:29,2
54484041,2026-08-05,2026-08-29T17:10:09,2
54484078,2026-08-29T17:02:43,2026-08-29T17:02:43,1
54484089,2026-08-05,2026-08-29T17:05:45,2
54484141,2026-08-05,2026-08-29T17:11:39,2
54484143,2026-08-05,2026-08-29T16:52:19,2
54484271,2026-08-29T17:03:30,2026-08-29T17:03:30,1
54484281,2026-08-29T17:03:27,2026-08-29T17:03:27,1
54484298,2026-08-05,2026-08-29T16:44:59,2
54484301,2026-08-29T16:41:14,2026-08-29T16:41:14,1
54484580,2026-08-05,2026-08-05,1
54484621,2026-08-05,2026-08-29T17:06:58,2
54484680,2026-08-05,2026-08-29T17:11:39,2
54484701,2026-08-05,2026-08-29T17:11:39,2
54484739,2026-08-29T17:00:23,2026-08-29T17:00:23,1
54484813,2026-08-29T17:04:55,2026-08-29T17:04:55,1
54484817,2026-08-29T17:04:40,2026-08-29T17:04:40,1
54484819,2026-08-05,2026-08-29T16:47:28,2
54484866,2026-08-05,2026-08-29T16:46:25,2
54484890,2026-08-05,2026-08-29T17:01:32,2
54484914,2026-08-05,2026-08-29T17:11:25,2
54485153,2026-08-05,2026-08-29T17:07:42,2
54485163,2026-08-05,2026-08-29T17:12:03,2
54485169,2026-08-05,2026-08-29T17:05:54,2
54485170,2026-08-05,2026-08-29T17:07:42,2
54485179,2026-08-05,2026-08-29T17:07:35,2
54485192,2026-08-05,2026-08-05,1
54485196,2026-08-05,2026-08-29T17:10:12,2
54485220,2026-08-29T16:43:13,2026-08-29T16:43:13,1
54485223,2026-08-05,2026-08-05,1
54485225,2026-08-29T16:54:14,2026-08-29T16:54:14,1
54485415,2026-08-05,2026-08-29T17:00:59,2
54485436,2026-08-05,2026-08-29T16:34:33,2
54485456,2026-08-05,2026-08-29T17:00:59,2
54485496,2026-08-05,2026-08-29T17:05:54,2
54485614,2026-08-29T17:02:58,2026-08-29T17:02:58,1
54485622,2026-08-05,2026-08-05,1
54485625,2026-08-05,2026-08-05,1
54485634,2026-08-05,2026-08-29T16:33:55,2
54485831,2026-08-05,2026-08-29T16:29:31,2
54485839,2026-08-29T16:33:15,2026-08-29T16:33:15,1
54485878,2026-08-29T16:51:16,2026-08-29T16:51:16,1
54485883,2026-08-29T16:45:12,2026-08-29T16:45:12,1
54485901,2026-08-05,2026-08-29T16:38:06,2
54485945,2026-08-29T16:44:02,2026-08-29T16:44:02,1
54485967,2026-08-05,2026-08-29T16:39:14,2
54485997,2026-08-05,2026-08-29T17:09:09,2
54486034,2026-08-05,2026-08-29T16:30:04,2
54486037,2026-08-05,2026-08-29T17:06:18,2
54486042,2026-08-05,2026-08-29T16:29:31,2
54486044,2026-08-05,2026-08-05,1
54486069,2026-08-05,2026-08-05,1
54486190,2026-08-05,2026-08-29T16:40:20,2
54486194,2026-08-05,2026-08-05,1
54486227,2026-08-05,2026-08-29T16:41:18,2
54486270,2026-08-29T16:52:36,2026-08-29T16:52:36,1
54486339,2026-08-29T17:00:14,2026-08-29T17:00:14,1
54486385,2026-08-05,2026-08-05,1
54486449,2026-08-05,2026-08-29T17:12:19,2
54486519,2026-08-29T17:04:13,2026-08-29T17:04:13,1
54486523,2026-08-29T17:04:10,2026-08-29T17:04:10,1
54486535,2026-08-05,2026-08-29T17:01:53,2
54486556,2026-08-29T16:32:38,2026-08-29T16:32:38,1
54486603,2026-08-05,2026-08-29T16:39:22,2
54486630,2026-08-05,2026-08-29T17:11:39,2
54486704,2026-08-05,2026-08-29T17:11:46,2
54486814,2026-08-05,2026-08-29T16:56:46,2
54486822,2026-08-29T16:58:09,2026-08-29T16:58:09,1
54486874,2026-08-05,2026-08-29T17:05:33,2
54486886,2026-08-29T16:55:22,2026-08-29T16:55:22,1
54486951,2026-08-05,2026-08-29T17:05:25,2
54486962,2026-08-05,2026-08-29T17:07:10,2
54486976,2026-08-29T16:55:22,2026-08-29T16:55:22,1
54486984,2026-08-05,2026-08-29T16:33:05,2
54487230,2026-08-29T16:59:43,2026-08-29T16:59:43,1
54487306,2026-08-05,2026-08-29T17:01:32,2
54487350,2026-08-05,2026-08-29T17:00:41,2
54487411,2026-08-05,2026-08-29T16:34:22,2
54487422,2026-08-29T16:59:08,2026-08-29T16:59:08,1
54487427,2026-08-05,2026-08-29T16:41:22,2
54487471,2026-08-05,2026-08-29T16:43:46,2
54487485,2026-08-29T16:43:13,2026-08-29T16:43:13,1
54487500,2026-08-29T17:02:43,2026-08-29T17:02:43,1
54487505,2026-08-05,2026-08-29T17:05:54,2
54487548,2026-08-05,2026-08-29T16:48:49,2
54487578,2026-08-05,2026-08-29T17:08:24,2
54487630,2026-08-05,2026-08-05,1
54487637,2026-08-29T16:52:52,2026-08-29T16:52:52,1
54487693,2026-08-29T16:52:39,2026-08-29T16:52:39,1
54487748,2026-08-05,2026-08-29T16:45:42,2
54487853,2026-08-29T16:31:17,2026-08-29T16:31:17,1
54487855,2026-08-05,2026-08-05,1
54487857,2026-08-05,2026-08-05,1
54487862,2026-08-05,2026-08-05,1
54487885,2026-08-29T16:41:35,2026-08-29T16:41:35,1
54488072,2026-08-05,2026-08-29T16:39:46,2
54488078,2026-08-05,2026-08-29T16:45:46,2
54488084,2026-08-05,2026-08-29T16:45:46,2
54488085,2026-08-29T16:30:19,2026-08-29T16:30:19,1
54488103,2026-08-05,2026-08-29T16:45:46,2
54488143,2026-08-05,2026-08-29T16:45:46,2
54488144,2026-08-05,2026-08-29T16:45:39,2
54488229,2026-08-05,2026-08-05,1
54488273,2026-08-05,2026-08-05,1
54488299,2026-08-29T16:41:35,2026-08-29T16:41:35,1
54488318,2026-08-05,2026-08-29T17:11:39,2
54488323,2026-08-29T16:41:39,2026-08-29T16:41:39,1
54488355,2026-08-29T16:52:58,2026-08-29T16:52:58,1
54488358,2026-08-29T16:36:03,2026-08-29T16:36:03,1
54488384,2026-08-29T17:03:30,2026-08-29T17:03:30,1
54488394,2026-08-29T16:56:49,2026-08-29T16:56:49,1
54488411,2026-08-05,2026-08-29T16:50:02,2
54488468,2026-08-29T16:59:46,2026-08-29T16:59:46,1
54488495,2026-08-29T16:38:51,2026-08-29T16:38:51,1
54488502,2026-08-05,2026-08-29T17:01:29,2
54488521,2026-08-29T16:49:36,2026-08-29T16:49:36,1
54488534,2026-08-05,2026-08-29T17:05:57,2
54488556,2026-08-05,2026-08-29T16:52:19,2
54488560,2026-08-05,2026-08-29T16:32:00,2
54488561,2026-08-29T16:58:15,2026-08-29T16:58:15,1
54488599,2026-08-05,2026-08-29T17:07:29,2
54488693,2026-08-29T16:52:29,2026-08-29T16:52:29,1
54488715,2026-08-05,2026-08-29T17:05:57,2
54488763,2026-08-05,2026-08-29T17:05:57,2
54488786,2026-08-05,2026-08-05,1
54488801,2026-08-05,2026-08-29T17:08:59,2
54488824,2026-08-05,2026-08-29T17:08:59,2
54488834,2026-08-29T16:52:36,2026-08-29T16:52:36,1
54488839,2026-08-05,2026-08-05,1
54488851,2026-08-05,2026-08-29T16:31:24,2
54488874,2026-08-29T16:57:03,2026-08-29T16:57:03,1
54488962,2026-08-05,2026-08-29T16:55:31,2
54489078,2026-08-29T17:03:06,2026-08-29T17:03:06,1
54489172,2026-08-29T16:35:51,2026-08-29T16:35:51,1
54489237,2026-08-05,2026-08-29T17:07:29,2
54489242,2026-08-29T16:54:14,2026-08-29T16:54:14,1
54489246,2026-08-29T16:58:12,2026-08-29T16:58:12,1
54489258,2026-08-05,2026-08-05,1
54489260,2026-08-29T16:57:43,2026-08-29T16:57:43,1
54489271,2026-08-05,2026-08-05,1
54489294,2026-08-05,2026-08-29T17:05:54,2
54489316,2026-08-05,2026-08-05,1
54489338,2026-08-05,2026-08-29T17:01:50,2
54489353,2026-08-05,2026-08-29T16:43:04,2
54489376,2026-08-29T17:02:43,2026-08-29T17:02:43,1
54489432,2026-08-29T16:55:59,2026-08-29T16:55:59,1
54489552,2026-08-29T16:55:59,2026-08-29T16:55:59,1
54489665,2026-08-29T16:51:55,2026-08-29T16:51:55,1
54489721,2026-08-05,2026-08-29T17:10:47,2
54489874,2026-08-05,2026-08-29T16:34:44,2
54489919,2026-08-05,2026-08-29T16:29:11,2
54489955,2026-08-05,2026-08-29T17:04:06,2
54489976,2026-08-29T16:59:17,2026-08-29T16:59:17,1
54490105,2026-08-05,2026-08-29T16:35:43,2
54490239,2026-08-05,2026-08-29T17:11:39,2
54490276,2026-08-05,2026-08-29T16:34:50,2
54490284,2026-08-05,2026-08-29T16:55:25,2
54490313,2026-08-05,2026-08-29T17:00:59,2
54490351,2026-08-05,2026-08-29T17:10:39,2
54490412,2026-08-05,2026-08-29T17:06:46,2
54490481,2026-08-05,2026-08-29T16:51:09,2
54490488,2026-08-05,2026-08-29T16:51:09,2
54490621,2026-08-05,2026-08-29T17:06:06,2
54490667,2026-08-05,2026-08-29T17:07:56,2
54490739,2026-08-29T16:55:59,2026-08-29T16:55:59,1
54490770,2026-08-29T16:44:50,2026-08-29T16:44:50,1
54490771,2026-08-05,2026-08-29T16:45:39,2
54490810,2026-08-05,2026-08-29T16:47:19,2
54490874,2026-08-29T16:57:49,2026-08-29T16:57:49,1
54490875,2026-08-05,2026-08-29T16:37:36,2
54490905,2026-08-29T16:57:49,2026-08-29T16:57:49,1
54490911,2026-08-29T16:57:49,2026-08-29T16:57:49,1
54490919,2026-08-05,2026-08-29T17:00:53,2
54490921,2026-08-29T16:57:49,2026-08-29T16:57:49,1
54490998,2026-08-29T17:03:21,2026-08-29T17:03:21,1
54491184,2026-08-05,2026-08-05,1
54491185,2026-08-05,2026-08-29T17:08:38,2
54491214,2026-08-29T16:54:14,2026-08-29T16:54:14,1
54491216,2026-08-05,2026-08-29T16:50:51,2
54491241,2026-08-05,2026-08-29T16:50:51,2
54491291,2026-08-05,2026-08-29T16:44:56,2
54491297,2026-08-29T16:58:01,2026-08-29T16:58:01,1
54491300,2026-08-29T17:04:13,2026-08-29T17:04:13,1
54491416,2026-08-05,2026-08-29T16:42:24,2
54491423,2026-08-29T17:03:45,2026-08-29T17:03:45,1
54491432,2026-08-05,2026-08-29T16:51:13,2
54491528,2026-08-29T16:44:32,2026-08-29T16:44:32,1
54491543,2026-08-05,2026-08-29T16:37:32,2
54491555,2026-08-05,2026-08-29T16:36:28,2
54491576,2026-08-29T16:57:31,2026-08-29T16:57:31,1
54491598,2026-08-05,2026-08-29T16:45:52,2
54491743,2026-08-29T16:55:22,2026-08-29T16:55:22,1
54491795,2026-08-05,2026-08-05,1
54491845,2026-08-29T16:52:48,2026-08-29T16:52:48,1
54491851,2026-08-05,2026-08-29T17:01:29,2
54491853,2026-08-29T16:59:32,2026-08-29T16:59:32,1
54491919,2026-08-05,2026-08-29T17:04:25,2
54491938,2026-08-05,2026-08-29T17:05:51,2
54492033,2026-08-05,2026-08-29T17:10:58,2
54492089,2026-08-05,2026-08-29T16:39:06,2
54492351,2026-08-05,2026-08-29T16:37:10,2
54492352,2026-08-05,2026-08-29T16:47:16,2
54492353,2026-08-05,2026-08-29T16:47:16,2
54492392,2026-08-05,2026-08-29T16:43:13,2
54492409,2026-08-05,2026-08-29T17:04:28,2
54492457,2026-08-29T16:39:42,2026-08-29T16:39:42,1
54492473,2026-08-05,2026-08-29T16:41:22,2
54492485,2026-08-05,2026-08-05,1
54492488,2026-08-05,2026-08-29T17:01:56,2
54492595,2026-08-05,2026-08-05,1
54492657,2026-08-29T16:31:30,2026-08-29T16:31:30,1
54492722,2026-08-05,2026-08-29T16:36:03,2
54492914,2026-08-05,2026-08-05,1
54492989,2026-08-05,2026-08-29T16:35:55,2
54493135,2026-08-05,2026-08-29T16:41:02,2
54493200,2026-08-05,2026-08-29T16:44:16,2
54493202,2026-08-05,2026-08-29T16:44:19,2
54493252,2026-08-05,2026-08-29T17:04:06,2
54493294,2026-08-29T16:36:54,2026-08-29T16:36:54,1
54493310,2026-08-29T17:03:45,2026-08-29T17:03:45,1
54493314,2026-08-29T16:55:31,2026-08-29T16:55:31,1
54493317,2026-08-05,2026-08-05,1
54493371,2026-08-05,2026-08-05,1
54493393,2026-08-29T16:57:12,2026-08-29T16:57:12,1
54493397,2026-08-05,2026-08-29T16:48:43,2
54493398,2026-08-05,2026-08-29T16:37:32,2
54493416,2026-08-29T16:54:02,2026-08-29T16:54:02,1
54493477,2026-08-05,2026-08-29T16:32:41,2
54493490,2026-08-05,2026-08-29T16:31:34,2
54493512,2026-08-05,2026-08-29T16:49:17,2
54493516,2026-08-05,2026-08-29T16:49:17,2
54493518,2026-08-05,2026-08-29T16:42:45,2
54493524,2026-08-05,2026-08-29T16:49:17,2
54493525,2026-08-05,2026-08-29T16:49:17,2
54493584,2026-08-05,2026-08-29T16:50:18,2
54493585,2026-08-05,2026-08-29T16:46:41,2
54493586,2026-08-05,2026-08-29T16:50:15,2
54493588,2026-08-05,2026-08-29T16:50:15,2
54493590,2026-08-05,2026-08-29T16:50:15,2
54493592,2026-08-05,2026-08-29T16:50:15,2
54493598,2026-08-29T16:38:20,2026-08-29T16:38:20,1
54493667,2026-08-05,2026-08-29T16:37:43,2
54493692,2026-08-05,2026-08-29T17:05:13,2
54493761,2026-08-29T16:58:15,2026-08-29T16:58:15,1
54493772,2026-08-29T17:02:55,2026-08-29T17:02:55,1
54493860,2026-08-05,2026-08-29T17:00:41,2
54493896,2026-08-29T16:47:07,2026-08-29T16:47:07,1
54493910,2026-08-29T16:53:47,2026-08-29T16:53:47,1
54493911,2026-08-29T16:53:47,2026-08-29T16:53:47,1
54493912,2026-08-29T16:53:47,2026-08-29T16:53:47,1
54493913,2026-08-29T16:44:37,2026-08-29T16:44:37,1
54493915,2026-08-29T16:53:47,2026-08-29T16:53:47,1
54493916,2026-08-29T16:44:37,2026-08-29T16:44:37,1
54493917,2026-08-29T16:53:47,2026-08-29T16:53:47,1
54493918,2026-08-29T16:53:47,2026-08-29T16:53:47,1
54493919,2026-08-05,2026-08-29T16:38:24,2
54493920,2026-08-05,2026-08-29T16:38:24,2
54493923,2026-08-05,2026-08-29T16:38:24,2
54493927,2026-08-05,2026-08-29T16:38:24,2
54493930,2026-08-05,2026-08-29T16:38:24,2
54493932,2026-08-29T16:53:47,2026-08-29T16:53:47,1
54493934,2026-08-05,2026-08-29T16:38:24,2
54493949,2026-08-05,2026-08-29T16:38:24,2
54493950,2026-08-05,2026-08-29T16:38:24,2
54493951,2026-08-05,2026-08-29T16:38:51,2
54493957,2026-08-05,2026-08-29T16:38:51,2
54493958,2026-08-05,2026-08-29T16:38:44,2
54493960,2026-08-05,2026-08-29T16:38:51,2
54493965,2026-08-05,2026-08-29T16:38:51,2
54493966,2026-08-05,2026-08-29T16:38:51,2
54493971,2026-08-05,2026-08-29T16:38:28,2
54493972,2026-08-05,2026-08-29T16:38:28,2
54493973,2026-08-05,2026-08-29T16:38:51,2
54493975,2026-08-05,2026-08-29T16:38:51,2
54493976,2026-08-05,2026-08-29T16:38:51,2
54493980,2026-08-05,2026-08-29T16:38:28,2
54493981,2026-08-05,2026-08-29T16:38:28,2
54493983,2026-08-05,2026-08-29T16:38:28,2
54493985,2026-08-05,2026-08-29T16:38:28,2
54493986,2026-08-05,2026-08-29T16:38:28,2
54493988,2026-08-05,2026-08-29T16:38:28,2
54493989,2026-08-05,2026-08-29T16:38:28,2
54493992,2026-08-05,2026-08-29T16:38:28,2
54493994,2026-08-05,2026-08-29T16:38:28,2
54493995,2026-08-05,2026-08-29T16:38:32,2
54493998,2026-08-05,2026-08-29T16:38:32,2
54494000,2026-08-05,2026-08-29T16:38:32,2
54494001,2026-08-05,2026-08-29T16:38:32,2
54494004,2026-08-05,2026-08-29T16:38:32,2
54494005,2026-08-05,2026-08-29T16:38:32,2
54494006,2026-08-05,2026-08-29T16:36:37,2
54494008,2026-08-05,2026-08-29T16:38:28,2
54494010,2026-08-05,2026-08-29T16:38:14,2
54494013,2026-08-05,2026-08-29T16:38:40,2
54494014,2026-08-05,2026-08-29T16:38:32,2
54494015,2026-08-05,2026-08-29T16:38:32,2
54494016,2026-08-05,2026-08-29T16:38:32,2
54494017,2026-08-05,2026-08-29T16:38:32,2
54494018,2026-08-05,2026-08-29T16:38:32,2
54494019,2026-08-05,2026-08-29T16:38:32,2
54494020,2026-08-05,2026-08-29T16:38:40,2
54494021,2026-08-05,2026-08-29T16:38:40,2
54494024,2026-08-05,2026-08-29T16:38:06,2
54494025,2026-08-05,2026-08-29T16:38:10,2
54494026,2026-08-05,2026-08-29T16:38:51,2
54494028,2026-08-05,2026-08-29T16:36:37,2
54494029,2026-08-05,2026-08-29T16:38:40,2
54494030,2026-08-05,2026-08-29T16:38:40,2
54494031,2026-08-05,2026-08-29T16:38:10,2
54494032,2026-08-05,2026-08-29T16:38:40,2
54494033,2026-08-05,2026-08-29T16:36:37,2
54494034,2026-08-05,2026-08-29T16:36:37,2
54494036,2026-08-05,2026-08-29T16:36:37,2
54494037,2026-08-05,2026-08-29T16:36:37,2
54494038,2026-08-05,2026-08-29T16:36:37,2
54494042,2026-08-05,2026-08-29T16:36:37,2
54494043,2026-08-05,2026-08-29T16:36:37,2
54494044,2026-08-05,2026-08-29T16:38:40,2
54494049,2026-08-05,2026-08-05,1
54494177,2026-08-05,2026-08-29T16:39:14,2
54494205,2026-08-29T16:59:26,2026-08-29T16:59:26,1
54494267,2026-08-05,2026-08-29T17:02:52,2
54494285,2026-08-05,2026-08-29T16:45:58,2
54494302,2026-08-05,2026-08-29T16:46:29,2
54494605,2026-08-29T16:45:36,2026-08-29T16:45:36,1
54494646,2026-08-29T17:04:06,2026-08-29T17:04:06,1
54494661,2026-08-05,2026-08-29T16:30:12,2
54494662,2026-08-05,2026-08-29T17:11:06,2
54494737,2026-08-05,2026-08-29T16:36:14,2
54494743,2026-08-29T16:30:26,2026-08-29T16:30:26,1
54494751,2026-08-05,2026-08-29T16:59:23,2
54494778,2026-08-05,2026-08-29T16:59:23,2
54494809,2026-08-29T16:30:37,2026-08-29T16:30:37,1
54494818,2026-08-05,2026-08-29T16:39:03,2
54494848,2026-08-29T16:32:03,2026-08-29T16:32:03,1
54494852,2026-08-29T17:04:16,2026-08-29T17:04:16,1
54494907,2026-08-05,2026-08-29T16:51:46,2
54494959,2026-08-05,2026-08-29T16:37:32,2
54494964,2026-08-29T16:44:37,2026-08-29T16:44:37,1
54494983,2026-08-05,2026-08-29T16:59:23,2
54495067,2026-08-05,2026-08-29T16:49:47,2
54495100,2026-08-29T17:04:06,2026-08-29T17:04:06,1
54495114,2026-08-05,2026-08-29T16:50:57,2
54495202,2026-08-05,2026-08-29T17:06:00,2
54495310,2026-08-05,2026-08-29T16:31:30,2
54495485,2026-08-29T16:55:18,2026-08-29T16:55:18,1
54495492,2026-08-29T16:59:23,2026-08-29T16:59:23,1
54495493,2026-08-05,2026-08-29T16:52:22,2
54495494,2026-08-05,2026-08-29T16:31:17,2
54495501,2026-08-05,2026-08-29T17:05:16,2
54495561,2026-08-05,2026-08-29T16:43:52,2
54495606,2026-08-05,2026-08-29T16:52:22,2
54495648,2026-08-29T17:04:49,2026-08-29T17:04:49,1
54495670,2026-08-05,2026-08-29T16:40:07,2
54495695,2026-08-05,2026-08-29T17:11:15,2
54495704,2026-08-29T16:44:13,2026-08-29T16:44:13,1
54495711,2026-08-05,2026-08-29T17:11:53,2
54495761,2026-08-05,2026-08-29T16:44:13,2
54495777,2026-08-05,2026-08-29T17:11:15,2
54495779,2026-08-05,2026-08-29T17:02:52,2
54495789,2026-08-29T16:45:15,2026-08-29T16:45:15,1
54495843,2026-08-05,2026-08-29T16:52:22,2
54495900,2026-08-05,2026-08-05,1
54495974,2026-08-05,2026-08-29T17:12:09,2
54495996,2026-08-29T16:56:23,2026-08-29T16:56:23,1
54496035,2026-08-05,2026-08-29T16:46:01,2
54496066,2026-08-29T16:56:23,2026-08-29T16:56:23,1
54496088,2026-08-05,2026-08-29T16:59:23,2
54496157,2026-08-05,2026-08-29T16:41:35,2
54496172,2026-08-05,2026-08-29T16:41:30,2
54496203,2026-08-05,2026-08-29T16:48:11,2
54496276,2026-08-05,2026-08-29T17:10:21,2
54496315,2026-08-05,2026-08-05,1
54496321,2026-08-29T16:52:48,2026-08-29T16:52:48,1
54496333,2026-08-29T16:58:30,2026-08-29T16:58:30,1
54496343,2026-08-05,2026-08-29T16:46:25,2
54496377,2026-08-05,2026-08-29T16:51:09,2
54496388,2026-08-05,2026-08-29T16:46:25,2
54496490,2026-08-05,2026-08-29T17:00:44,2
54496579,2026-08-05,2026-08-29T16:50:05,2
54496599,2026-08-29T16:44:26,2026-08-29T16:44:26,1
54496650,2026-08-29T17:03:30,2026-08-29T17:03:30,1
54496682,2026-08-29T16:58:21,2026-08-29T16:58:21,1
54496715,2026-08-05,2026-08-29T17:06:29,2
54496881,2026-08-05,2026-08-05,1
54496932,2026-08-05,2026-08-29T16:55:28,2
54497267,2026-08-29T16:31:00,2026-08-29T16:31:00,1
54497269,2026-08-05,2026-08-29T16:35:43,2
54497298,2026-08-05,2026-08-29T17:10:09,2
54497422,2026-08-05,2026-08-05,1
54497923,2026-08-05,2026-08-29T16:47:44,2
54497934,2026-08-05,2026-08-29T16:47:44,2
54497938,2026-08-05,2026-08-29T16:34:22,2
54497940,2026-08-29T16:54:35,2026-08-29T16:54:35,1
54497955,2026-08-05,2026-08-05,1
54497979,2026-08-29T16:55:59,2026-08-29T16:55:59,1
54497980,2026-08-29T16:55:59,2026-08-29T16:55:59,1
54498021,2026-08-29T16:51:20,2026-08-29T16:51:20,1
54498022,2026-08-29T16:51:16,2026-08-29T16:51:16,1
54498199,2026-08-05,2026-08-05,1
54498233,2026-08-29T16:58:12,2026-08-29T16:58:12,1
54498257,2026-08-05,2026-08-29T16:38:06,2
54498333,2026-08-05,2026-08-29T16:44:22,2
54498334,2026-08-05,2026-08-29T16:44:37,2
54498335,2026-08-29T16:32:32,2026-08-29T16:32:32,1
54498418,2026-08-05,2026-08-29T16:44:32,2
54498419,2026-08-05,2026-08-29T16:44:32,2
54498432,2026-08-05,2026-08-29T17:07:32,2
54498495,2026-08-05,2026-08-29T16:38:06,2
54498626,2026-08-29T16:52:58,2026-08-29T16:52:58,1
54498646,2026-08-05,2026-08-29T16:45:46,2
54498682,2026-08-29T16:46:04,2026-08-29T16:46:04,1
54498753,2026-08-29T16:59:20,2026-08-29T16:59:20,1
54498764,2026-08-29T16:59:17,2026-08-29T16:59:17,1
54498821,2026-08-05,2026-08-29T16:44:22,2
54498839,2026-08-05,2026-08-29T16:44:22,2
54498901,2026-08-05,2026-08-29T17:10:06,2
54499005,2026-08-05,2026-08-29T16:59:23,2
54499034,2026-08-05,2026-08-29T16:41:27,2
54499039,2026-08-05,2026-08-29T16:59:23,2
54499041,2026-08-05,2026-08-29T16:56:11,2
54499050,2026-08-29T16:57:03,2026-08-29T16:57:03,1
54499054,2026-08-05,2026-08-29T17:09:09,2
54499094,2026-08-05,2026-08-29T17:12:09,2
54499133,2026-08-29T16:33:27,2026-08-29T16:33:27,1
54499214,2026-08-05,2026-08-05,1
54499231,2026-08-29T16:30:41,2026-08-29T16:30:41,1
54499252,2026-08-05,2026-08-05,1
54499253,2026-08-05,2026-08-05,1
54499254,2026-08-05,2026-08-29T16:44:13,2
54499255,2026-08-05,2026-08-29T16:44:16,2
54499268,2026-08-05,2026-08-29T16:44:16,2
54499273,2026-08-05,2026-08-05,1
54499277,2026-08-05,2026-08-29T16:43:30,2
54499291,2026-08-05,2026-08-29T16:44:56,2
54499297,2026-08-05,2026-08-29T16:43:33,2
54499298,2026-08-05,2026-08-05,1
54499307,2026-08-05,2026-08-05,1
54499311,2026-08-05,2026-08-05,1
54499316,2026-08-05,2026-08-29T16:43:16,2
54499317,2026-08-05,2026-08-29T17:00:50,2
54499319,2026-08-29T17:02:58,2026-08-29T17:02:58,1
54499320,2026-08-29T17:02:58,2026-08-29T17:02:58,1
54499325,2026-08-05,2026-08-29T16:31:57,2
54499514,2026-08-05,2026-08-29T17:10:06,2
54499557,2026-08-05,2026-08-29T16:35:35,2
54499560,2026-08-29T16:43:16,2026-08-29T16:43:16,1
54499617,2026-08-29T16:43:16,2026-08-29T16:43:16,1
54499656,2026-08-29T16:37:47,2026-08-29T16:37:47,1
54499775,2026-08-05,2026-08-29T16:43:26,2
54499786,2026-08-05,2026-08-05,1
54499798,2026-08-05,2026-08-29T17:07:25,2
54499819,2026-08-29T16:54:45,2026-08-29T16:54:45,1
54499856,2026-08-05,2026-08-29T16:43:26,2
54499940,2026-08-05,2026-08-05,1
54500131,2026-08-05,2026-08-05,1
54500192,2026-08-05,2026-08-29T16:39:03,2
54500329,2026-08-29T17:03:48,2026-08-29T17:03:48,1
54500419,2026-08-05,2026-08-05,1
54500512,2026-08-05,2026-08-29T17:10:27,2
54500581,2026-08-29T16:52:31,2026-08-29T16:52:31,1
54500615,2026-08-05,2026-08-29T17:11:15,2
54500643,2026-08-05,2026-08-29T17:11:15,2
54500658,2026-08-29T17:04:06,2026-08-29T17:04:06,1
54500668,2026-08-05,2026-08-29T16:34:50,2
54500868,2026-08-29T16:55:22,2026-08-29T16:55:22,1
54500873,2026-08-05,2026-08-29T16:39:18,2
54500905,2026-08-05,2026-08-29T16:35:51,2
54501028,2026-08-05,2026-08-29T16:29:28,2
54501029,2026-08-05,2026-08-05,1
54501055,2026-08-29T16:55:31,2026-08-29T16:55:31,1
54501061,2026-08-05,2026-08-29T16:38:10,2
54501098,2026-08-05,2026-08-29T16:56:23,2
54501118,2026-08-29T16:48:11,2026-08-29T16:48:11,1
54501123,2026-08-29T16:54:42,2026-08-29T16:54:42,1
54501133,2026-08-29T16:52:58,2026-08-29T16:52:58,1
54501261,2026-08-05,2026-08-29T17:05:10,2
54501263,2026-08-05,2026-08-29T16:33:22,2
54501377,2026-08-29T16:52:10,2026-08-29T16:52:10,1
54501412,2026-08-29T16:55:31,2026-08-29T16:55:31,1
54501416,2026-08-29T16:59:32,2026-08-29T16:59:32,1
54501435,2026-08-05,2026-08-29T16:34:30,2
54501449,2026-08-05,2026-08-29T17:00:41,2
54501486,2026-08-29T16:30:49,2026-08-29T16:30:49,1
54501510,2026-08-05,2026-08-29T16:34:30,2
54501712,2026-08-05,2026-08-29T17:07:49,2
54501740,2026-08-29T16:37:32,2026-08-29T16:37:32,1
54501755,2026-08-05,2026-08-29T16:36:28,2
54501770,2026-08-05,2026-08-29T17:01:29,2
54501777,2026-08-29T16:56:08,2026-08-29T16:56:08,1
54501779,2026-08-05,2026-08-29T16:42:24,2
54501790,2026-08-29T16:46:25,2026-08-29T16:46:25,1
54501835,2026-08-29T16:36:03,2026-08-29T16:36:03,1
54501895,2026-08-29T16:44:32,2026-08-29T16:44:32,1
54501905,2026-08-29T17:04:28,2026-08-29T17:04:28,1
54501906,2026-08-29T16:58:59,2026-08-29T16:58:59,1
54501910,2026-08-05,2026-08-29T16:48:11,2
54501923,2026-08-29T17:04:28,2026-08-29T17:04:28,1
54502029,2026-08-05,2026-08-29T17:10:44,2
54502094,2026-08-29T16:40:07,2026-08-29T16:40:07,1
54502128,2026-08-05,2026-08-29T16:34:33,2
54502178,2026-08-29T16:54:48,2026-08-29T16:54:48,1
54502198,2026-08-05,2026-08-29T17:11:19,2
54502266,2026-08-29T16:54:45,2026-08-29T16:54:45,1
54502329,2026-08-05,2026-08-29T16:46:29,2
54502335,2026-08-29T17:04:06,2026-08-29T17:04:06,1
54502518,2026-08-05,2026-08-29T16:39:26,2
54502554,2026-08-05,2026-08-29T16:50:18,2
54502827,2026-08-05,2026-08-05,1
54502916,2026-08-29T16:56:29,2026-08-29T16:56:29,1
54503058,2026-08-05,2026-08-05,1
54503094,2026-08-29T16:31:54,2026-08-29T16:31:54,1
54503248,2026-08-29T16:58:21,2026-08-29T16:58:21,1
54503274,2026-08-05,2026-08-05,1
54503281,2026-08-05,2026-08-29T17:12:06,2
54503302,2026-08-05,2026-08-05,1
54503373,2026-08-05,2026-08-05,1
54503394,2026-08-05,2026-08-29T17:11:11,2
54503395,2026-08-05,2026-08-29T17:12:03,2
54503396,2026-08-05,2026-08-29T17:11:11,2
54503399,2026-08-05,2026-08-29T17:11:11,2
54503401,2026-08-05,2026-08-29T17:11:11,2
54503402,2026-08-05,2026-08-29T17:11:11,2
54503403,2026-08-05,2026-08-29T17:11:11,2
54503575,2026-08-05,2026-08-29T16:31:34,2
54503576,2026-08-05,2026-08-29T16:31:34,2
54503578,2026-08-05,2026-08-29T16:45:19,2
54503579,2026-08-05,2026-08-29T16:45:19,2
54503580,2026-08-05,2026-08-29T16:36:47,2
54503581,2026-08-05,2026-08-29T16:31:38,2
54503582,2026-08-05,2026-08-29T16:48:40,2
54503743,2026-08-05,2026-08-29T16:49:36,2
54503748,2026-08-05,2026-08-29T16:48:40,2
54503763,2026-08-05,2026-08-29T16:50:15,2
54503764,2026-08-05,2026-08-29T16:50:15,2
54503767,2026-08-05,2026-08-29T16:50:15,2
54503768,2026-08-05,2026-08-29T16:49:14,2
54503769,2026-08-05,2026-08-29T16:50:15,2
54503771,2026-08-05,2026-08-29T16:46:45,2
54503783,2026-08-05,2026-08-05,1
54503787,2026-08-05,2026-08-05,1
54503948,2026-08-29T16:46:04,2026-08-29T16:46:04,1
54504049,2026-08-05,2026-08-29T17:07:53,2
54504050,2026-08-29T16:52:13,2026-08-29T16:52:13,1
54504055,2026-08-29T16:40:10,2026-08-29T16:40:10,1
54504073,2026-08-05,2026-08-05,1
54504076,2026-08-29T16:46:04,2026-08-29T16:46:04,1
54504121,2026-08-29T16:41:39,2026-08-29T16:41:39,1
54504202,2026-08-05,2026-08-29T16:46:38,2
54504211,2026-08-05,2026-08-29T16:46:38,2
54504216,2026-08-05,2026-08-29T16:46:38,2
54504217,2026-08-05,2026-08-29T16:46:45,2
54504232,2026-08-29T16:46:45,2026-08-29T16:46:45,1
54504233,2026-08-05,2026-08-29T16:46:41,2
54504235,2026-08-05,2026-08-29T16:30:26,2
54504238,2026-08-05,2026-08-29T16:35:19,2
54504246,2026-08-05,2026-08-29T16:30:26,2
54504264,2026-08-05,2026-08-29T16:46:41,2
54504265,2026-08-05,2026-08-29T16:44:47,2
54504273,2026-08-05,2026-08-29T16:46:41,2
54504275,2026-08-05,2026-08-29T16:30:30,2
54504276,2026-08-05,2026-08-29T16:30:37,2
54504279,2026-08-05,2026-08-29T16:46:45,2
54504284,2026-08-05,2026-08-29T16:46:45,2
54504285,2026-08-29T16:46:45,2026-08-29T16:46:45,1
54504286,2026-08-05,2026-08-29T16:30:30,2
54504290,2026-08-29T16:46:45,2026-08-29T16:46:45,1
54504321,2026-08-05,2026-08-29T16:34:53,2
54504324,2026-08-05,2026-08-29T16:33:30,2
54504327,2026-08-05,2026-08-29T16:33:30,2
54504468,2026-08-29T16:47:07,2026-08-29T16:47:07,1
54504504,2026-08-05,2026-08-29T17:00:47,2
54504585,2026-08-05,2026-08-29T16:47:10,2
54504657,2026-08-05,2026-08-05,1
54504687,2026-08-05,2026-08-05,1
54504704,2026-08-29T16:44:37,2026-08-29T16:44:37,1
54504750,2026-08-29T16:47:07,2026-08-29T16:47:07,1
54504766,2026-08-05,2026-08-05,1
54504812,2026-08-29T16:57:40,2026-08-29T16:57:40,1
54504938,2026-08-29T17:00:08,2026-08-29T17:00:08,1
54504945,2026-08-29T16:29:28,2026-08-29T16:29:28,1
54504969,2026-08-05,2026-08-29T16:31:30,2
54504989,2026-08-05,2026-08-29T16:31:30,2
54504991,2026-08-05,2026-08-29T16:31:30,2
54505020,2026-08-05,2026-08-29T16:31:34,2
54505081,2026-08-29T16:58:09,2026-08-29T16:58:09,1
54505083,2026-08-29T16:52:39,2026-08-29T16:52:39,1
54505111,2026-08-29T16:45:25,2026-08-29T16:45:25,1
54505143,2026-08-05,2026-08-29T16:45:39,2
54505158,2026-08-29T16:45:39,2026-08-29T16:45:39,1
54505192,2026-08-29T16:29:59,2026-08-29T16:29:59,1
54505208,2026-08-29T16:45:39,2026-08-29T16:45:39,1
54505220,2026-08-29T16:45:39,2026-08-29T16:45:39,1
54505243,2026-08-29T16:45:39,2026-08-29T16:45:39,1
54505269,2026-08-05,2026-08-29T17:08:02,2
54505283,2026-08-29T17:00:14,2026-08-29T17:00:14,1
54505292,2026-08-05,2026-08-05,1
54505318,2026-08-05,2026-08-29T16:33:43,2
54505323,2026-08-29T17:00:14,2026-08-29T17:00:14,1
54505327,2026-08-29T16:45:42,2026-08-29T16:45:42,1
54505338,2026-08-29T16:45:42,2026-08-29T16:45:42,1
54505344,2026-08-29T16:59:49,2026-08-29T16:59:49,1
54505348,2026-08-29T16:45:39,2026-08-29T16:45:39,1
54505360,2026-08-05,2026-08-29T17:11:39,2
54505369,2026-08-29T16:45:36,2026-08-29T16:45:36,1
54505381,2026-08-29T16:45:36,2026-08-29T16:45:36,1
54505392,2026-08-29T16:45:36,2026-08-29T16:45:36,1
54505432,2026-08-29T16:45:36,2026-08-29T16:45:36,1
54505452,2026-08-05,2026-08-29T17:09:37,2
54505460,2026-08-29T16:45:09,2026-08-29T16:45:09,1
54505482,2026-08-05,2026-08-29T17:08:24,2
54505509,2026-08-05,2026-08-29T17:06:49,2
54505519,2026-08-29T16:43:23,2026-08-29T16:43:23,1
54505527,2026-08-29T17:04:49,2026-08-29T17:04:49,1
54505550,2026-08-29T17:04:49,2026-08-29T17:04:49,1
54505561,2026-08-29T16:52:36,2026-08-29T16:52:36,1
54505592,2026-08-05,2026-08-29T16:35:59,2
54505632,2026-08-29T16:34:10,2026-08-29T16:34:10,1
54505703,2026-08-29T17:05:01,2026-08-29T17:05:01,1
54505727,2026-08-29T16:58:15,2026-08-29T16:58:15,1
54505755,2026-08-05,2026-08-29T16:34:44,2
54505801,2026-08-05,2026-08-29T16:46:01,2
54505821,2026-08-05,2026-08-29T17:07:46,2
54505825,2026-08-05,2026-08-05,1
54505832,2026-08-05,2026-08-05,1
54505897,2026-08-05,2026-08-29T16:55:31,2
54505901,2026-08-05,2026-08-29T17:06:52,2
54505965,2026-08-05,2026-08-29T17:06:36,2
54506026,2026-08-05,2026-08-29T17:06:49,2
54506038,2026-08-29T16:43:49,2026-08-29T16:43:49,1
54506052,2026-08-29T16:45:28,2026-08-29T16:45:28,1
54506108,2026-08-29T16:53:02,2026-08-29T16:53:02,1
54506155,2026-08-05,2026-08-29T16:33:43,2
54506194,2026-08-29T16:45:28,2026-08-29T16:45:28,1
54506203,2026-08-05,2026-08-05,1
54506211,2026-08-29T16:44:02,2026-08-29T16:44:02,1
54506261,2026-08-29T16:44:22,2026-08-29T16:44:22,1
54506346,2026-08-05,2026-08-29T17:00:32,2
54506352,2026-08-05,2026-08-29T17:05:33,2
54506413,2026-08-05,2026-08-05,1
54506556,2026-08-29T16:57:40,2026-08-29T16:57:40,1
54506650,2026-08-05,2026-08-29T17:02:02,2
54506714,2026-08-05,2026-08-29T16:59:23,2
54506747,2026-08-05,2026-08-05,1
54506756,2026-08-29T16:57:40,2026-08-29T16:57:40,1
54506787,2026-08-29T16:57:40,2026-08-29T16:57:40,1
54506814,2026-08-29T16:57:40,2026-08-29T16:57:40,1
54506978,2026-08-29T17:05:01,2026-08-29T17:05:01,1
54506996,2026-08-05,2026-08-29T17:01:11,2
54507034,2026-08-05,2026-08-29T16:39:30,2
54507051,2026-08-05,2026-08-29T17:07:35,2
54507057,2026-08-29T16:55:31,2026-08-29T16:55:31,1
54507061,2026-08-05,2026-08-05,1
54507063,2026-08-05,2026-08-29T17:07:39,2
54507090,2026-08-05,2026-08-29T17:05:22,2
54507112,2026-08-05,2026-08-29T17:08:59,2
54507154,2026-08-29T17:00:04,2026-08-29T17:00:04,1
54507888,2026-08-05,2026-08-05,1
54507908,2026-08-05,2026-08-29T17:11:53,2
54507914,2026-08-05,2026-08-29T17:10:09,2
54507937,2026-08-29T16:58:09,2026-08-29T16:58:09,1
54507958,2026-08-05,2026-08-29T16:34:53,2
54507960,2026-08-29T16:58:09,2026-08-29T16:58:09,1
54507966,2026-08-29T16:59:55,2026-08-29T16:59:55,1
54507974,2026-08-05,2026-08-29T17:11:39,2
54507978,2026-08-29T16:58:09,2026-08-29T16:58:09,1
54507986,2026-08-05,2026-08-29T16:51:09,2
54508057,2026-08-29T16:45:36,2026-08-29T16:45:36,1
54508103,2026-08-05,2026-08-29T16:39:10,2
54508104,2026-08-05,2026-08-05,1
54508105,2026-08-05,2026-08-29T16:39:06,2
54508209,2026-08-05,2026-08-05,1
54508218,2026-08-05,2026-08-05,1
54508285,2026-08-05,2026-08-29T16:46:29,2
54508529,2026-08-29T16:31:30,2026-08-29T16:31:30,1
54508594,2026-08-05,2026-08-29T17:11:19,2
54508651,2026-08-05,2026-08-05,1
54508652,2026-08-05,2026-08-05,1
54508653,2026-08-05,2026-08-05,1
54508654,2026-08-05,2026-08-05,1
54508655,2026-08-05,2026-08-05,1
54508656,2026-08-05,2026-08-05,1
54508657,2026-08-05,2026-08-05,1
54508724,2026-08-05,2026-08-29T16:44:16,2
54508807,2026-08-05,2026-08-29T16:42:09,2
54508828,2026-08-29T17:03:39,2026-08-29T17:03:39,1
54508858,2026-08-29T16:52:22,2026-08-29T16:52:22,1
54508889,2026-08-05,2026-08-29T16:51:58,2
54508962,2026-08-05,2026-08-05,1
54508982,2026-08-29T17:00:17,2026-08-29T17:00:17,1
54509097,2026-08-29T16:41:39,2026-08-29T16:41:39,1
54509130,2026-08-05,2026-08-05,1
54509136,2026-08-29T16:52:22,2026-08-29T16:52:22,1
54509142,2026-08-05,2026-08-05,1
54509161,2026-08-29T16:38:14,2026-08-29T16:38:14,1
54509219,2026-08-05,2026-08-29T16:36:07,2
54509229,2026-08-05,2026-08-29T16:46:19,2
54509347,2026-08-05,2026-08-29T16:59:23,2
54509366,2026-08-05,2026-08-29T16:59:23,2
54509452,2026-08-29T16:43:33,2026-08-29T16:43:33,1
54509577,2026-08-05,2026-08-29T17:02:16,2
54509671,2026-08-05,2026-08-29T16:33:33,2
54509674,2026-08-05,2026-08-29T17:02:16,2
54509719,2026-08-05,2026-08-29T17:02:16,2
54509743,2026-08-05,2026-08-29T17:02:16,2
54509750,2026-08-29T16:59:52,2026-08-29T16:59:52,1
54509765,2026-08-29T16:31:38,2026-08-29T16:31:38,1
54509793,2026-08-05,2026-08-29T16:59:23,2
54509794,2026-08-05,2026-08-29T17:02:16,2
54509811,2026-08-05,2026-08-29T16:36:22,2
54509872,2026-08-05,2026-08-29T17:02:16,2
54509930,2026-08-05,2026-08-29T17:02:16,2
54509964,2026-08-05,2026-08-29T16:35:23,2
54509985,2026-08-05,2026-08-29T17:11:49,2
54510067,2026-08-05,2026-08-05,1
54510091,2026-08-05,2026-08-29T16:31:17,2
54510132,2026-08-29T16:34:19,2026-08-29T16:34:19,1
54510160,2026-08-29T16:59:02,2026-08-29T16:59:02,1
54510197,2026-08-29T17:04:22,2026-08-29T17:04:22,1
54510225,2026-08-05,2026-08-29T16:34:44,2
54510239,2026-08-29T16:50:38,2026-08-29T16:50:38,1
54510261,2026-08-29T16:43:36,2026-08-29T16:43:36,1
54510280,2026-08-29T16:33:30,2026-08-29T16:33:30,1
54510286,2026-08-05,2026-08-29T17:01:17,2
54510297,2026-08-05,2026-08-29T16:44:13,2
54510382,2026-08-05,2026-08-29T17:02:16,2
54510383,2026-08-29T17:04:55,2026-08-29T17:04:55,1
54510400,2026-08-05,2026-08-29T16:50:38,2
54510404,2026-08-05,2026-08-29T16:33:27,2
54510428,2026-08-05,2026-08-29T17:02:16,2
54510448,2026-08-05,2026-08-29T17:02:16,2
54510459,2026-08-05,2026-08-29T17:08:09,2
54510483,2026-08-05,2026-08-29T17:02:16,2
54510494,2026-08-29T16:45:25,2026-08-29T16:45:25,1
54510501,2026-08-05,2026-08-29T16:51:20,2
54510509,2026-08-05,2026-08-29T17:02:16,2
54510516,2026-08-05,2026-08-05,1
54510517,2026-08-29T16:29:52,2026-08-29T16:29:52,1
54510525,2026-08-29T16:44:13,2026-08-29T16:44:13,1
54510557,2026-08-05,2026-08-29T17:02:31,2
54510561,2026-08-05,2026-08-29T16:33:22,2
54510564,2026-08-05,2026-08-29T16:39:42,2
54510659,2026-08-05,2026-08-05,1
54510683,2026-08-29T16:29:59,2026-08-29T16:29:59,1
54510685,2026-08-05,2026-08-05,1
54510698,2026-08-29T16:38:06,2026-08-29T16:38:06,1
54510718,2026-08-29T16:38:06,2026-08-29T16:38:06,1
54510735,2026-08-29T16:38:06,2026-08-29T16:38:06,1
54510747,2026-08-05,2026-08-29T16:56:14,2
54510760,2026-08-29T16:31:30,2026-08-29T16:31:30,1
54510763,2026-08-05,2026-08-29T16:42:16,2
54510805,2026-08-05,2026-08-05,1
54510807,2026-08-05,2026-08-29T16:33:36,2
54510822,2026-08-05,2026-08-29T16:38:02,2
54510829,2026-08-05,2026-08-29T16:51:49,2
54510835,2026-08-05,2026-08-29T17:02:16,2
54510838,2026-08-05,2026-08-29T16:38:02,2
54510855,2026-08-05,2026-08-29T16:58:04,2
54510910,2026-08-05,2026-08-05,1
54510917,2026-08-05,2026-08-05,1
54510928,2026-08-29T16:45:22,2026-08-29T16:45:22,1
54510931,2026-08-05,2026-08-05,1
54510988,2026-08-29T16:31:34,2026-08-29T16:31:34,1
54511032,2026-08-29T16:29:59,2026-08-29T16:29:59,1
54511084,2026-08-29T16:29:59,2026-08-29T16:29:59,1
54511095,2026-08-05,2026-08-05,1
54511123,2026-08-05,2026-08-29T16:41:06,2
54511166,2026-08-05,2026-08-29T16:58:12,2
54511188,2026-08-05,2026-08-05,1
54511200,2026-08-05,2026-08-29T16:41:06,2
54511205,2026-08-29T16:59:23,2026-08-29T16:59:23,1
54511227,2026-08-05,2026-08-29T16:41:09,2
54511244,2026-08-29T16:52:31,2026-08-29T16:52:31,1
54511252,2026-08-05,2026-08-29T16:30:07,2
54511258,2026-08-05,2026-08-29T17:10:55,2
54511264,2026-08-29T16:56:20,2026-08-29T16:56:20,1
54511265,2026-08-05,2026-08-29T16:38:59,2
54511282,2026-08-05,2026-08-29T17:08:28,2
54511293,2026-08-05,2026-08-29T17:00:56,2
54511303,2026-08-05,2026-08-29T17:10:52,2
54511308,2026-08-05,2026-08-29T17:00:56,2
54511316,2026-08-05,2026-08-29T16:41:09,2
54511349,2026-08-05,2026-08-29T17:00:29,2
54511355,2026-08-29T16:56:39,2026-08-29T16:56:39,1
54511371,2026-08-29T17:04:43,2026-08-29T17:04:43,1
54511397,2026-08-05,2026-08-29T16:59:29,2
54511428,2026-08-05,2026-08-29T16:42:39,2
54511429,2026-08-05,2026-08-05,1
54511435,2026-08-05,2026-08-29T17:10:24,2
54511494,2026-08-05,2026-08-29T16:56:26,2
54511535,2026-08-05,2026-08-29T16:59:11,2
54511591,2026-08-05,2026-08-29T17:02:34,2
54511592,2026-08-05,2026-08-29T17:02:34,2
54511595,2026-08-05,2026-08-29T17:02:34,2
54511596,2026-08-05,2026-08-29T17:02:34,2
54511597,2026-08-05,2026-08-29T17:02:34,2
54511598,2026-08-05,2026-08-29T17:02:34,2
54511599,2026-08-05,2026-08-29T17:02:34,2
54511602,2026-08-05,2026-08-05,1
54511604,2026-08-05,2026-08-29T17:02:34,2
54511606,2026-08-05,2026-08-29T17:02:34,2
54511610,2026-08-05,2026-08-29T17:02:34,2
54511613,2026-08-29T16:45:36,2026-08-29T16:45:36,1
54511614,2026-08-05,2026-08-29T17:02:34,2
54511616,2026-08-05,2026-08-29T17:02:34,2
54511619,2026-08-05,2026-08-29T17:02:34,2
54511620,2026-08-05,2026-08-29T17:02:34,2
54511621,2026-08-05,2026-08-29T17:02:34,2
54511623,2026-08-05,2026-08-29T17:02:34,2
54511628,2026-08-05,2026-08-29T17:02:31,2
54511631,2026-08-05,2026-08-29T17:02:31,2
54511634,2026-08-05,2026-08-29T17:02:31,2
54511636,2026-08-05,2026-08-29T17:02:31,2
54511640,2026-08-05,2026-08-29T17:02:31,2
54511641,2026-08-05,2026-08-29T17:02:31,2
54511643,2026-08-05,2026-08-29T17:02:31,2
54511653,2026-08-05,2026-08-29T17:02:31,2
54511655,2026-08-05,2026-08-29T17:02:31,2
54511657,2026-08-05,2026-08-29T17:02:31,2
54511658,2026-08-05,2026-08-29T17:02:31,2
54511661,2026-08-05,2026-08-29T17:02:31,2
54511662,2026-08-29T16:45:36,2026-08-29T16:45:36,1
54511663,2026-08-05,2026-08-29T17:02:31,2
54511665,2026-08-05,2026-08-29T17:02:31,2
54511667,2026-08-05,2026-08-05,1
54511668,2026-08-05,2026-08-05,1
54511669,2026-08-05,2026-08-05,1
54511675,2026-08-29T16:45:36,2026-08-29T16:45:36,1
54511681,2026-08-29T16:45:39,2026-08-29T16:45:39,1
54511696,2026-08-05,2026-08-29T16:44:08,2
54511704,2026-08-05,2026-08-29T16:33:30,2
54511712,2026-08-05,2026-08-29T16:44:08,2
54511749,2026-08-05,2026-08-29T16:44:56,2
54511766,2026-08-29T16:58:40,2026-08-29T16:58:40,1
54511776,2026-08-29T16:45:30,2026-08-29T16:45:30,1
54511835,2026-08-05,2026-08-29T16:52:52,2
54511845,2026-08-05,2026-08-29T17:06:12,2
54512112,2026-08-29T16:30:49,2026-08-29T16:30:49,1
54512159,2026-08-29T16:55:12,2026-08-29T16:55:12,1
54512162,2026-08-05,2026-08-29T17:09:09,2
54512223,2026-08-05,2026-08-05,1
54512263,2026-08-05,2026-08-29T17:10:58,2
54512296,2026-08-05,2026-08-29T16:48:11,2
54512308,2026-08-05,2026-08-05,1
54512312,2026-08-05,2026-08-29T17:10:58,2
54512359,2026-08-05,2026-08-05,1
54512598,2026-08-05,2026-08-29T16:32:32,2
54512623,2026-08-05,2026-08-29T17:10:06,2
54512637,2026-08-05,2026-08-29T17:05:42,2
54512745,2026-08-05,2026-08-29T16:37:06,2
54512839,2026-08-05,2026-08-29T16:34:36,2
54512876,2026-08-05,2026-08-29T16:31:13,2
54512907,2026-08-05,2026-08-05,1
54512925,2026-08-05,2026-08-29T16:53:05,2
54512995,2026-08-05,2026-08-29T16:34:30,2
54513048,2026-08-05,2026-08-05,1
54513066,2026-08-05,2026-08-29T16:50:08,2
54513106,2026-08-05,2026-08-29T16:45:39,2
54513146,2026-08-05,2026-08-05,1
54513147,2026-08-05,2026-08-05,1
54513198,2026-08-05,2026-08-05,1
54513298,2026-08-05,2026-08-29T16:50:18,2
54513302,2026-08-29T16:54:02,2026-08-29T16:54:02,1
54513304,2026-08-29T16:54:02,2026-08-29T16:54:02,1
54513309,2026-08-29T16:54:02,2026-08-29T16:54:02,1
54513310,2026-08-29T16:51:26,2026-08-29T16:51:26,1
54513747,2026-08-05,2026-08-29T17:09:44,2
54513749,2026-08-05,2026-08-29T17:09:44,2
54513751,2026-08-05,2026-08-29T17:09:44,2
54513822,2026-08-05,2026-08-29T17:05:13,2
54513852,2026-08-29T16:39:10,2026-08-29T16:39:10,1
54513853,2026-08-29T16:39:03,2026-08-29T16:39:03,1
54513854,2026-08-29T16:39:10,2026-08-29T16:39:10,1
54513855,2026-08-29T17:02:37,2026-08-29T17:02:37,1
54513856,2026-08-29T16:52:55,2026-08-29T16:52:55,1
54513891,2026-08-29T16:54:35,2026-08-29T16:54:35,1
54513931,2026-08-05,2026-08-05,1
54513932,2026-08-05,2026-08-05,1
54514048,2026-08-05,2026-08-29T17:01:05,2
54514089,2026-08-05,2026-08-29T17:09:44,2
54514091,2026-08-05,2026-08-29T17:09:44,2
54514093,2026-08-29T16:58:33,2026-08-29T16:58:33,1
54514094,2026-08-29T16:39:10,2026-08-29T16:39:10,1
54514095,2026-08-29T16:58:30,2026-08-29T16:58:30,1
54514136,2026-08-05,2026-08-29T17:03:39,2
54514167,2026-08-05,2026-08-05,1
54514217,2026-08-05,2026-08-29T17:11:42,2
54514219,2026-08-05,2026-08-05,1
54514243,2026-08-05,2026-08-29T17:11:15,2
54514245,2026-08-05,2026-08-29T17:11:02,2
54514250,2026-08-05,2026-08-29T17:11:15,2
54514252,2026-08-05,2026-08-29T17:11:15,2
54514310,2026-08-05,2026-08-29T16:56:36,2
54514407,2026-08-29T16:55:22,2026-08-29T16:55:22,1
54514416,2026-08-29T16:39:10,2026-08-29T16:39:10,1
54514417,2026-08-29T16:55:22,2026-08-29T16:55:22,1
54514420,2026-08-29T16:39:10,2026-08-29T16:39:10,1
54514421,2026-08-29T16:39:10,2026-08-29T16:39:10,1
54514423,2026-08-05,2026-08-29T17:02:25,2
54514428,2026-08-05,2026-08-29T17:11:02,2
54514443,2026-08-05,2026-08-29T17:11:42,2
54514447,2026-08-05,2026-08-29T17:11:46,2
54514449,2026-08-05,2026-08-29T17:09:51,2
54514464,2026-08-05,2026-08-29T17:09:51,2
54514490,2026-08-29T17:02:37,2026-08-29T17:02:37,1
54514493,2026-08-29T16:55:22,2026-08-29T16:55:22,1
54514547,2026-08-05,2026-08-05,1
54514552,2026-08-05,2026-08-29T17:09:17,2
54514644,2026-08-05,2026-08-29T17:10:58,2
54514649,2026-08-05,2026-08-29T17:11:15,2
54514651,2026-08-05,2026-08-29T17:11:15,2
54514655,2026-08-05,2026-08-29T17:11:15,2
54514657,2026-08-05,2026-08-29T17:11:15,2
54514658,2026-08-05,2026-08-29T17:09:44,2
54514659,2026-08-05,2026-08-05,1
54514661,2026-08-05,2026-08-29T17:11:15,2
54514664,2026-08-05,2026-08-29T17:11:15,2
54514666,2026-08-05,2026-08-29T17:11:15,2
54514670,2026-08-05,2026-08-29T17:09:44,2
54514672,2026-08-05,2026-08-29T17:10:58,2
54514674,2026-08-05,2026-08-29T17:12:06,2
54514676,2026-08-05,2026-08-29T17:11:11,2
54514677,2026-08-05,2026-08-29T17:12:06,2
54514680,2026-08-05,2026-08-29T17:11:11,2
54514818,2026-08-05,2026-08-29T17:00:04,2
54514819,2026-08-29T17:00:04,2026-08-29T17:00:04,1
54514881,2026-08-05,2026-08-29T16:43:42,2
54514927,2026-08-05,2026-08-05,1
54514931,2026-08-05,2026-08-05,1
54515039,2026-08-29T16:56:55,2026-08-29T16:56:55,1
54515044,2026-08-05,2026-08-29T16:57:18,2
54515051,2026-08-05,2026-08-29T16:57:18,2
54515062,2026-08-05,2026-08-29T17:01:59,2
54515079,2026-08-05,2026-08-05,1
54515122,2026-08-29T17:03:54,2026-08-29T17:03:54,1
54515126,2026-08-05,2026-08-29T16:36:22,2
54515133,2026-08-29T16:32:32,2026-08-29T16:32:32,1
54515135,2026-08-29T16:32:19,2026-08-29T16:32:19,1
54515151,2026-08-05,2026-08-05,1
54515191,2026-08-05,2026-08-29T16:43:42,2
54515210,2026-08-29T16:52:55,2026-08-29T16:52:55,1
54515220,2026-08-29T16:33:02,2026-08-29T16:33:02,1
54515265,2026-08-29T16:33:02,2026-08-29T16:33:02,1
54515275,2026-08-05,2026-08-05,1
54515282,2026-08-05,2026-08-05,1
54515310,2026-08-05,2026-08-29T16:59:29,2
54515341,2026-08-05,2026-08-29T16:33:02,2
54515384,2026-08-05,2026-08-29T16:48:20,2
54515392,2026-08-05,2026-08-29T17:04:46,2
54515425,2026-08-29T16:52:48,2026-08-29T16:52:48,1
54515428,2026-08-29T16:58:33,2026-08-29T16:58:33,1
54515441,2026-08-05,2026-08-05,1
54515456,2026-08-05,2026-08-29T17:04:16,2
54515483,2026-08-05,2026-08-29T17:02:10,2
54515531,2026-08-05,2026-08-05,1
54515548,2026-08-29T16:39:06,2026-08-29T16:39:06,1
54515549,2026-08-29T16:39:03,2026-08-29T16:39:03,1
54515565,2026-08-05,2026-08-29T16:47:38,2
54515589,2026-08-05,2026-08-05,1
54515595,2026-08-05,2026-08-29T16:37:17,2
54515596,2026-08-05,2026-08-29T16:37:17,2
54515602,2026-08-29T17:00:04,2026-08-29T17:00:04,1
54515634,2026-08-05,2026-08-29T17:12:06,2
54515635,2026-08-05,2026-08-29T17:12:06,2
54515636,2026-08-05,2026-08-29T17:12:06,2
54515638,2026-08-05,2026-08-29T17:12:06,2
54515639,2026-08-05,2026-08-29T17:12:06,2
54515640,2026-08-05,2026-08-29T17:12:06,2
54515641,2026-08-05,2026-08-29T17:12:06,2
54515642,2026-08-05,2026-08-29T17:12:06,2
54515644,2026-08-05,2026-08-29T17:12:06,2
54515645,2026-08-05,2026-08-29T17:12:06,2
54515646,2026-08-05,2026-08-29T17:12:06,2
54515647,2026-08-05,2026-08-29T17:12:06,2
54515648,2026-08-05,2026-08-29T17:12:06,2
54515650,2026-08-05,2026-08-29T17:12:06,2
54515652,2026-08-05,2026-08-29T17:12:03,2
54515658,2026-08-05,2026-08-29T17:12:06,2
54515659,2026-08-05,2026-08-29T17:12:06,2
54515660,2026-08-05,2026-08-29T17:12:06,2
54515661,2026-08-05,2026-08-29T17:12:06,2
54515662,2026-08-05,2026-08-29T17:12:06,2
54515663,2026-08-05,2026-08-29T17:12:03,2
54515664,2026-08-05,2026-08-29T17:12:03,2
54515665,2026-08-05,2026-08-29T17:12:03,2
54515666,2026-08-05,2026-08-29T17:12:03,2
54515667,2026-08-05,2026-08-29T17:12:03,2
54515670,2026-08-05,2026-08-29T16:45:12,2
54515680,2026-08-05,2026-08-29T17:01:11,2
54515700,2026-08-05,2026-08-29T17:05:01,2
54515738,2026-08-05,2026-08-29T16:32:50,2
54515783,2026-08-05,2026-08-29T17:00:32,2
54515834,2026-08-05,2026-08-05,1
54515835,2026-08-05,2026-08-29T16:29:59,2
54515854,2026-08-29T16:59:02,2026-08-29T16:59:02,1
54515901,2026-08-05,2026-08-05,1
54515960,2026-08-05,2026-08-05,1
54515996,2026-08-05,2026-08-05,1
54516007,2026-08-05,2026-08-29T16:51:49,2
54516028,2026-08-05,2026-08-29T16:51:46,2
54516086,2026-08-05,2026-08-29T16:52:25,2
54516095,2026-08-05,2026-08-29T16:34:44,2
54516097,2026-08-05,2026-08-29T16:38:20,2
54516099,2026-08-05,2026-08-29T17:05:25,2
54516104,2026-08-05,2026-08-29T16:47:19,2
54516112,2026-08-05,2026-08-05,1
54516117,2026-08-05,2026-08-05,1
54516124,2026-08-05,2026-08-29T16:31:34,2
54516180,2026-08-05,2026-08-29T17:03:19,2
54516183,2026-08-05,2026-08-29T16:32:53,2
54516259,2026-08-05,2026-08-29T16:41:39,2
54516295,2026-08-05,2026-08-29T16:33:27,2
54516336,2026-08-05,2026-08-29T16:36:58,2
54516338,2026-08-05,2026-08-29T17:10:09,2
54516358,2026-08-05,2026-08-29T16:56:14,2
54516372,2026-08-29T17:04:52,2026-08-29T17:04:52,1
54516430,2026-08-05,2026-08-29T16:56:11,2
54516431,2026-08-29T17:04:52,2026-08-29T17:04:52,1
54516448,2026-08-05,2026-08-05,1
54516456,2026-08-05,2026-08-29T17:12:00,2
54516474,2026-08-05,2026-08-05,1
54516490,2026-08-05,2026-08-29T16:47:10,2
54516493,2026-08-05,2026-08-29T17:05:51,2
54516519,2026-08-05,2026-08-29T17:10:55,2
54516526,2026-08-05,2026-08-05,1
54516553,2026-08-05,2026-08-29T16:42:32,2
54516561,2026-08-05,2026-08-05,1
54516585,2026-08-29T16:56:52,2026-08-29T16:56:52,1
54516617,2026-08-05,2026-08-05,1
54516624,2026-08-29T16:43:16,2026-08-29T16:43:16,1
54516629,2026-08-05,2026-08-29T17:08:02,2
54516630,2026-08-05,2026-08-29T17:08:56,2
54516640,2026-08-29T16:30:52,2026-08-29T16:30:52,1
54516661,2026-08-05,2026-08-05,1
54516728,2026-08-05,2026-08-05,1
54516773,2026-08-05,2026-08-29T16:48:40,2
54516779,2026-08-05,2026-08-29T17:11:49,2
54516815,2026-08-05,2026-08-29T16:36:51,2
54516837,2026-08-05,2026-08-29T17:01:50,2
54516849,2026-08-05,2026-08-29T16:41:30,2
54516877,2026-08-05,2026-08-29T17:07:07,2
54516921,2026-08-29T16:36:07,2026-08-29T16:36:07,1
54516942,2026-08-05,2026-08-05,1
54516962,2026-08-05,2026-08-05,1
54516996,2026-08-05,2026-08-05,1
54517110,2026-08-29T16:57:12,2026-08-29T16:57:12,1
54517118,2026-08-05,2026-08-29T16:44:08,2
54517122,2026-08-05,2026-08-05,1
54517138,2026-08-05,2026-08-05,1
54517221,2026-08-05,2026-08-29T16:55:22,2
54517231,2026-08-05,2026-08-29T16:29:14,2
54517242,2026-08-05,2026-08-05,1
54517375,2026-08-05,2026-08-29T17:01:47,2
54517379,2026-08-29T16:56:49,2026-08-29T16:56:49,1
54517404,2026-08-05,2026-08-05,1
54517500,2026-08-05,2026-08-05,1
54517504,2026-08-05,2026-08-05,1
54517537,2026-08-05,2026-08-05,1
54517548,2026-08-05,2026-08-29T17:00:01,2
54517551,2026-08-05,2026-08-29T17:00:29,2
54517614,2026-08-05,2026-08-29T17:07:39,2
54517627,2026-08-05,2026-08-05,1
54517672,2026-08-05,2026-08-29T16:52:55,2
54517684,2026-08-05,2026-08-05,1
54517777,2026-08-29T16:46:07,2026-08-29T16:46:07,1
54517865,2026-08-05,2026-08-29T16:38:40,2
54517949,2026-08-05,2026-08-05,1
54518025,2026-08-29T16:35:39,2026-08-29T16:35:39,1
54518038,2026-08-05,2026-08-29T17:10:27,2
54518051,2026-08-05,2026-08-05,1
54518066,2026-08-29T16:59:39,2026-08-29T16:59:39,1
54518079,2026-08-05,2026-08-29T16:31:38,2
54518171,2026-08-05,2026-08-29T17:10:44,2
54518174,2026-08-05,2026-08-05,1
54518206,2026-08-29T16:57:43,2026-08-29T16:57:43,1
54518211,2026-08-29T16:56:32,2026-08-29T16:56:32,1
54518256,2026-08-29T16:59:43,2026-08-29T16:59:43,1
54518269,2026-08-05,2026-08-29T16:58:04,2
54518287,2026-08-05,2026-08-29T16:58:04,2
54518354,2026-08-05,2026-08-29T17:06:32,2
54518387,2026-08-05,2026-08-05,1
54518427,2026-08-05,2026-08-29T16:40:07,2
54518428,2026-08-29T16:32:32,2026-08-29T16:32:32,1
54518430,2026-08-05,2026-08-29T17:08:31,2
54518434,2026-08-29T17:04:13,2026-08-29T17:04:13,1
54518436,2026-08-29T16:54:55,2026-08-29T16:54:55,1
54518492,2026-08-29T16:54:55,2026-08-29T16:54:55,1
54518538,2026-08-05,2026-08-05,1
54518562,2026-08-05,2026-08-29T16:41:30,2
54518563,2026-08-05,2026-08-29T16:39:03,2
54518624,2026-08-29T16:56:23,2026-08-29T16:56:23,1
54518625,2026-08-29T16:56:23,2026-08-29T16:56:23,1
54518649,2026-08-05,2026-08-05,1
54518662,2026-08-05,2026-08-29T17:08:47,2
54518664,2026-08-05,2026-08-29T16:46:57,2
54518668,2026-08-05,2026-08-29T16:43:55,2
54518679,2026-08-05,2026-08-29T16:29:43,2
54518684,2026-08-05,2026-08-29T16:58:46,2
54518696,2026-08-29T16:59:32,2026-08-29T16:59:32,1
54518704,2026-08-05,2026-08-29T17:09:06,2
54518790,2026-08-29T16:53:31,2026-08-29T16:53:31,1
54518791,2026-08-05,2026-08-29T16:47:41,2
54518798,2026-08-05,2026-08-29T16:56:08,2
54518824,2026-08-05,2026-08-29T16:29:14,2
54518826,2026-08-05,2026-08-29T16:30:26,2
54518841,2026-08-05,2026-08-05,1
54518846,2026-08-05,2026-08-29T17:07:29,2
54518849,2026-08-05,2026-08-29T16:29:14,2
54518850,2026-08-05,2026-08-29T17:10:09,2
54518897,2026-08-05,2026-08-29T17:00:32,2
54518914,2026-08-05,2026-08-05,1
54518924,2026-08-05,2026-08-29T16:41:35,2
54518928,2026-08-05,2026-08-05,1
54518957,2026-08-05,2026-08-29T17:03:19,2
54518959,2026-08-05,2026-08-05,1
54518965,2026-08-05,2026-08-29T16:59:08,2
54518993,2026-08-05,2026-08-29T16:41:35,2
54519047,2026-08-29T16:46:07,2026-08-29T16:46:07,1
54519159,2026-08-29T17:04:52,2026-08-29T17:04:52,1
54519173,2026-08-29T16:29:52,2026-08-29T16:29:52,1
54519212,2026-08-05,2026-08-29T17:02:10,2
54519259,2026-08-05,2026-08-29T16:45:12,2
54519264,2026-08-05,2026-08-29T17:01:11,2
54519285,2026-08-29T16:50:02,2026-08-29T16:50:02,1
54519292,2026-08-05,2026-08-29T16:38:02,2
54519324,2026-08-05,2026-08-05,1
54519330,2026-08-05,2026-08-29T16:45:12,2
54519332,2026-08-05,2026-08-29T17:06:06,2
54519355,2026-08-05,2026-08-29T16:41:39,2
54519469,2026-08-29T16:59:43,2026-08-29T16:59:43,1
54519505,2026-08-05,2026-08-29T16:56:20,2
54519544,2026-08-05,2026-08-29T16:48:43,2
54519587,2026-08-05,2026-08-05,1
54519607,2026-08-05,2026-08-29T16:30:41,2
54519610,2026-08-05,2026-08-29T16:56:20,2
54519623,2026-08-29T16:55:46,2026-08-29T16:55:46,1
54519636,2026-08-05,2026-08-05,1
54519699,2026-08-05,2026-08-29T16:43:23,2
54519700,2026-08-05,2026-08-05,1
54519702,2026-08-05,2026-08-29T16:46:31,2
54519720,2026-08-05,2026-08-05,1
54519724,2026-08-05,2026-08-05,1
54519760,2026-08-05,2026-08-05,1
54519789,2026-08-05,2026-08-05,1
54519834,2026-08-05,2026-08-29T16:59:35,2
54519869,2026-08-29T16:41:43,2026-08-29T16:41:43,1
54519923,2026-08-05,2026-08-05,1
54519947,2026-08-05,2026-08-29T17:09:37,2
54519955,2026-08-05,2026-08-29T16:30:34,2
54519961,2026-08-05,2026-08-29T17:09:48,2
54519983,2026-08-05,2026-08-29T16:51:23,2
54519991,2026-08-05,2026-08-05,1
54520003,2026-08-05,2026-08-29T16:46:41,2
54520029,2026-08-05,2026-08-05,1
54520033,2026-08-05,2026-08-29T16:46:41,2
54520072,2026-08-05,2026-08-05,1
54520091,2026-08-05,2026-08-05,1
54520139,2026-08-05,2026-08-29T17:07:17,2
54520151,2026-08-29T17:00:01,2026-08-29T17:00:01,1
54520157,2026-08-29T16:41:39,2026-08-29T16:41:39,1
54520166,2026-08-05,2026-08-29T17:12:03,2
54520209,2026-08-05,2026-08-29T17:00:14,2
54520221,2026-08-29T16:56:52,2026-08-29T16:56:52,1
54520238,2026-08-29T16:56:52,2026-08-29T16:56:52,1
54520248,2026-08-05,2026-08-05,1
54520249,2026-08-05,2026-08-29T16:44:16,2
54520250,2026-08-29T16:52:05,2026-08-29T16:52:05,1
54520253,2026-08-05,2026-08-05,1
54520299,2026-08-29T17:00:01,2026-08-29T17:00:01,1
54520321,2026-08-29T16:52:25,2026-08-29T16:52:25,1
54520329,2026-08-05,2026-08-29T16:59:35,2
54520331,2026-08-05,2026-08-05,1
54520373,2026-08-05,2026-08-05,1
54520402,2026-08-05,2026-08-29T16:56:43,2
54520404,2026-08-29T17:04:16,2026-08-29T17:04:16,1
54520411,2026-08-05,2026-08-29T17:06:58,2
54520447,2026-08-05,2026-08-05,1
54520449,2026-08-05,2026-08-05,1
54520504,2026-08-29T16:55:46,2026-08-29T16:55:46,1
54520527,2026-08-29T16:55:46,2026-08-29T16:55:46,1
54520550,2026-08-29T16:33:05,2026-08-29T16:33:05,1
54520584,2026-08-05,2026-08-29T17:00:11,2
54520675,2026-08-29T17:03:51,2026-08-29T17:03:51,1
54520737,2026-08-29T16:51:23,2026-08-29T16:51:23,1
54520752,2026-08-05,2026-08-29T16:44:02,2
54520795,2026-08-29T16:51:23,2026-08-29T16:51:23,1
54520807,2026-08-05,2026-08-05,1
54520862,2026-08-05,2026-08-29T16:49:05,2
54520873,2026-08-05,2026-08-29T16:59:39,2
54520881,2026-08-05,2026-08-29T16:30:19,2
54520895,2026-08-05,2026-08-29T16:33:15,2
54520906,2026-08-05,2026-08-29T17:03:06,2
54520921,2026-08-05,2026-08-05,1
54520928,2026-08-05,2026-08-29T16:43:42,2
54520967,2026-08-05,2026-08-05,1
54520997,2026-08-29T16:59:55,2026-08-29T16:59:55,1
54521001,2026-08-05,2026-08-05,1
54521011,2026-08-05,2026-08-29T16:46:34,2
54521028,2026-08-05,2026-08-05,1
54521074,2026-08-05,2026-08-29T17:10:21,2
54521092,2026-08-05,2026-08-05,1
54521103,2026-08-05,2026-08-29T16:50:38,2
54521132,2026-08-05,2026-08-05,1
54521137,2026-08-05,2026-08-29T17:11:11,2
54521146,2026-08-05,2026-08-05,1
54521147,2026-08-05,2026-08-29T17:02:37,2
54521149,2026-08-05,2026-08-29T17:11:15,2
54521181,2026-08-05,2026-08-05,1
54521183,2026-08-05,2026-08-29T16:53:25,2
54521199,2026-08-05,2026-08-29T16:38:02,2
54521203,2026-08-29T16:53:41,2026-08-29T16:53:41,1
54521204,2026-08-05,2026-08-29T16:43:10,2
54521205,2026-08-05,2026-08-29T16:39:55,2
54521224,2026-08-05,2026-08-05,1
54521239,2026-08-05,2026-08-05,1
54521306,2026-08-05,2026-08-29T16:48:11,2
54521307,2026-08-29T17:03:48,2026-08-29T17:03:48,1
54521320,2026-08-29T16:43:13,2026-08-29T16:43:13,1
54521367,2026-08-05,2026-08-29T16:31:38,2
54521373,2026-08-29T16:59:35,2026-08-29T16:59:35,1
54521375,2026-08-05,2026-08-29T16:43:23,2
54521420,2026-08-05,2026-08-29T17:02:07,2
54521423,2026-08-05,2026-08-29T17:04:49,2
54521482,2026-08-05,2026-08-29T16:52:36,2
54521502,2026-08-29T16:53:47,2026-08-29T16:53:47,1
54521505,2026-08-05,2026-08-05,1
54521517,2026-08-05,2026-08-29T16:29:24,2
54521532,2026-08-29T16:53:59,2026-08-29T16:53:59,1
54521556,2026-08-05,2026-08-29T16:54:14,2
54521660,2026-08-29T16:30:15,2026-08-29T16:30:15,1
54521669,2026-08-05,2026-08-29T16:29:48,2
54521684,2026-08-29T16:54:55,2026-08-29T16:54:55,1
54521695,2026-08-05,2026-08-05,1
54521701,2026-08-05,2026-08-29T16:38:55,2
54521711,2026-08-05,2026-08-29T16:53:02,2
54521717,2026-08-05,2026-08-29T16:30:26,2
54521776,2026-08-05,2026-08-05,1
54521825,2026-08-05,2026-08-05,1
54521976,2026-08-29T16:35:03,2026-08-29T16:35:03,1
54522036,2026-08-29T16:54:42,2026-08-29T16:54:42,1
54522133,2026-08-05,2026-08-05,1
54522276,2026-08-05,2026-08-29T16:50:02,2
54522310,2026-08-29T17:02:37,2026-08-29T17:02:37,1
54522315,2026-08-05,2026-08-05,1
54522319,2026-08-05,2026-08-29T16:35:59,2
54522393,2026-08-05,2026-08-05,1
54522434,2026-08-05,2026-08-29T16:48:43,2
54522510,2026-08-05,2026-08-29T16:31:24,2
54522544,2026-08-05,2026-08-29T16:40:20,2
54522553,2026-08-05,2026-08-29T16:51:23,2
54522560,2026-08-05,2026-08-29T16:39:06,2
54522563,2026-08-05,2026-08-29T17:07:25,2
54522573,2026-08-29T16:34:13,2026-08-29T16:34:13,1
54522590,2026-08-05,2026-08-05,1
54522614,2026-08-29T17:05:04,2026-08-29T17:05:04,1
54522630,2026-08-29T16:57:12,2026-08-29T16:57:12,1
54522644,2026-08-05,2026-08-05,1
54522648,2026-08-05,2026-08-29T16:28:53,2
54522679,2026-08-05,2026-08-29T16:54:55,2
54522789,2026-08-29T17:05:04,2026-08-29T17:05:04,1
54522791,2026-08-29T17:05:04,2026-08-29T17:05:04,1
54522852,2026-08-29T17:05:04,2026-08-29T17:05:04,1
54522868,2026-08-05,2026-08-29T16:32:38,2
54522902,2026-08-05,2026-08-29T16:59:08,2
54522908,2026-08-05,2026-08-05,1
54522915,2026-08-05,2026-08-29T16:52:25,2
54522921,2026-08-05,2026-08-05,1
54522943,2026-08-05,2026-08-29T16:52:25,2
54522949,2026-08-05,2026-08-29T16:33:59,2
54522954,2026-08-05,2026-08-29T16:54:55,2
54523013,2026-08-29T16:53:31,2026-08-29T16:53:31,1
54523088,2026-08-05,2026-08-05,1
54523107,2026-08-05,2026-08-05,1
54523108,2026-08-05,2026-08-05,1
54523109,2026-08-05,2026-08-05,1
54523110,2026-08-05,2026-08-05,1
54523118,2026-08-05,2026-08-05,1
54523124,2026-08-29T16:54:25,2026-08-29T16:54:25,1
54523160,2026-08-29T16:54:25,2026-08-29T16:54:25,1
54523180,2026-08-05,2026-08-05,1
54523273,2026-08-05,2026-08-29T17:07:35,2
54523284,2026-08-05,2026-08-29T16:29:11,2
54523287,2026-08-05,2026-08-29T17:10:44,2
54523288,2026-08-05,2026-08-29T17:11:11,2
54523296,2026-08-05,2026-08-05,1
54523300,2026-08-05,2026-08-05,1
54523303,2026-08-05,2026-08-29T16:56:26,2
54523334,2026-08-05,2026-08-05,1
54523352,2026-08-05,2026-08-29T16:49:51,2
54523369,2026-08-05,2026-08-29T16:31:57,2
54523380,2026-08-05,2026-08-29T16:53:25,2
54523391,2026-08-05,2026-08-29T16:38:10,2
54523398,2026-08-29T16:59:29,2026-08-29T16:59:29,1
54523414,2026-08-05,2026-08-05,1
54523431,2026-08-29T16:43:16,2026-08-29T16:43:16,1
54523451,2026-08-05,2026-08-29T17:01:17,2
54523492,2026-08-05,2026-08-29T16:31:34,2
54523494,2026-08-05,2026-08-29T16:31:24,2
54523548,2026-08-05,2026-08-29T16:52:48,2
54523550,2026-08-05,2026-08-29T16:45:15,2
54523635,2026-08-05,2026-08-05,1
54523655,2026-08-05,2026-08-29T17:10:55,2
54523666,2026-08-05,2026-08-05,1
54523671,2026-08-29T16:57:09,2026-08-29T16:57:09,1
54523757,2026-08-05,2026-08-29T16:59:43,2
54523810,2026-08-29T16:56:23,2026-08-29T16:56:23,1
54523813,2026-08-05,2026-08-29T16:47:13,2
54523828,2026-08-05,2026-08-29T16:59:39,2
54523830,2026-08-05,2026-08-05,1
54523953,2026-08-05,2026-08-29T17:02:52,2
54523957,2026-08-05,2026-08-05,1
54523963,2026-08-05,2026-08-29T16:38:02,2
54523966,2026-08-05,2026-08-29T16:31:41,2
54523983,2026-08-05,2026-08-29T16:49:59,2
54524126,2026-08-05,2026-08-05,1
54524232,2026-08-29T16:56:08,2026-08-29T16:56:08,1
54524267,2026-08-05,2026-08-05,1
54524295,2026-08-05,2026-08-05,1
54524391,2026-08-05,2026-08-05,1
54524402,2026-08-05,2026-08-05,1
54524413,2026-08-05,2026-08-29T16:45:28,2
54524444,2026-08-29T17:04:58,2026-08-29T17:04:58,1
54524445,2026-08-29T17:04:58,2026-08-29T17:04:58,1
54524446,2026-08-29T17:04:58,2026-08-29T17:04:58,1
54524451,2026-08-29T17:04:58,2026-08-29T17:04:58,1
54524452,2026-08-29T17:05:07,2026-08-29T17:05:07,1
54524453,2026-08-29T17:05:07,2026-08-29T17:05:07,1
54524454,2026-08-29T17:04:58,2026-08-29T17:04:58,1
54524455,2026-08-29T17:05:07,2026-08-29T17:05:07,1
54524456,2026-08-29T17:05:07,2026-08-29T17:05:07,1
54524457,2026-08-29T17:05:07,2026-08-29T17:05:07,1
54524458,2026-08-29T17:05:07,2026-08-29T17:05:07,1
54524459,2026-08-29T17:05:07,2026-08-29T17:05:07,1
54524460,2026-08-29T17:05:07,2026-08-29T17:05:07,1
54524506,2026-08-29T16:55:06,2026-08-29T16:55:06,1
54524507,2026-08-29T16:55:06,2026-08-29T16:55:06,1
54524518,2026-08-05,2026-08-05,1
54524545,2026-08-05,2026-08-05,1
54524558,2026-08-05,2026-08-05,1
54524563,2026-08-05,2026-08-05,1
54524579,2026-08-05,2026-08-05,1
54524651,2026-08-05,2026-08-05,1
54524652,2026-08-05,2026-08-29T16:47:38,2
54524654,2026-08-05,2026-08-29T16:47:34,2
54524656,2026-08-05,2026-08-29T16:47:38,2
54524658,2026-08-05,2026-08-05,1
54524690,2026-08-05,2026-08-05,1
54524696,2026-08-05,2026-08-05,1
54524710,2026-08-29T16:52:31,2026-08-29T16:52:31,1
54524760,2026-08-05,2026-08-29T16:52:31,2
54524892,2026-08-29T16:54:14,2026-08-29T16:54:14,1
54524893,2026-08-05,2026-08-29T16:43:42,2
54524933,2026-08-29T16:45:22,2026-08-29T16:45:22,1
54524937,2026-08-29T17:00:23,2026-08-29T17:00:23,1
54525063,2026-08-29T16:54:14,2026-08-29T16:54:14,1
54525096,2026-08-29T16:54:45,2026-08-29T16:54:45,1
54525105,2026-08-05,2026-08-05,1
54525141,2026-08-05,2026-08-05,1
54525219,2026-08-05,2026-08-29T16:43:23,2
54525239,2026-08-05,2026-08-29T16:43:23,2
54525242,2026-08-05,2026-08-29T16:42:29,2
54525264,2026-08-05,2026-08-29T16:48:28,2
54525284,2026-08-05,2026-08-05,1
54525293,2026-08-05,2026-08-05,1
54525294,2026-08-05,2026-08-05,1
54525325,2026-08-05,2026-08-29T16:59:35,2
54525330,2026-08-05,2026-08-29T16:52:55,2
54525331,2026-08-05,2026-08-05,1
54525334,2026-08-05,2026-08-05,1
54525350,2026-08-05,2026-08-29T16:48:43,2
54525504,2026-08-29T16:31:38,2026-08-29T16:31:38,1
54525594,2026-08-05,2026-08-29T16:45:58,2
54525616,2026-08-05,2026-08-29T17:07:35,2
54525634,2026-08-05,2026-08-29T17:01:02,2
54525638,2026-08-05,2026-08-29T16:35:03,2
54525651,2026-08-29T16:35:13,2026-08-29T16:35:13,1
54525738,2026-08-05,2026-08-29T17:08:50,2
54525824,2026-08-05,2026-08-05,1
54525890,2026-08-29T17:05:07,2026-08-29T17:05:07,1
54525891,2026-08-29T17:05:07,2026-08-29T17:05:07,1
54525892,2026-08-29T17:04:58,2026-08-29T17:04:58,1
54525893,2026-08-29T17:05:07,2026-08-29T17:05:07,1
54525894,2026-08-29T17:04:58,2026-08-29T17:04:58,1
54525895,2026-08-29T17:05:07,2026-08-29T17:05:07,1
54525897,2026-08-29T17:04:58,2026-08-29T17:04:58,1
54525898,2026-08-29T17:05:07,2026-08-29T17:05:07,1
54525899,2026-08-29T17:05:07,2026-08-29T17:05:07,1
54525920,2026-08-05,2026-08-29T16:56:46,2
54526169,2026-08-05,2026-08-05,1
54526221,2026-08-05,2026-08-29T17:05:48,2
54526266,2026-08-05,2026-08-29T16:50:02,2
54526306,2026-08-05,2026-08-05,1
54526309,2026-08-05,2026-08-29T17:08:53,2
54526312,2026-08-05,2026-08-29T16:50:05,2
54526317,2026-08-05,2026-08-29T16:40:40,2
54526356,2026-08-05,2026-08-29T17:05:13,2
54526441,2026-08-05,2026-08-29T16:29:52,2
54526448,2026-08-05,2026-08-29T17:04:25,2
54526454,2026-08-05,2026-08-29T16:50:02,2
54526455,2026-08-29T16:52:25,2026-08-29T16:52:25,1
54526647,2026-08-05,2026-08-29T17:11:49,2
54526720,2026-08-05,2026-08-05,1
54526721,2026-08-05,2026-08-29T16:32:50,2
54526722,2026-08-05,2026-08-05,1
54526726,2026-08-29T16:58:09,2026-08-29T16:58:09,1
54526785,2026-08-29T16:45:22,2026-08-29T16:45:22,1
54526799,2026-08-05,2026-08-29T17:00:32,2
54526800,2026-08-29T16:33:27,2026-08-29T16:33:27,1
54526867,2026-08-29T16:45:22,2026-08-29T16:45:22,1
54526868,2026-08-05,2026-08-05,1
54526872,2026-08-05,2026-08-29T16:39:03,2
54526911,2026-08-29T16:33:27,2026-08-29T16:33:27,1
54526916,2026-08-05,2026-08-05,1
54526950,2026-08-05,2026-08-29T16:52:31,2
54527064,2026-08-05,2026-08-29T16:46:51,2
54527123,2026-08-05,2026-08-29T16:41:43,2
54527161,2026-08-05,2026-08-29T16:40:58,2
54527164,2026-08-29T16:45:49,2026-08-29T16:45:49,1
54527186,2026-08-05,2026-08-29T16:46:51,2
54527215,2026-08-29T16:38:51,2026-08-29T16:38:51,1
54527216,2026-08-05,2026-08-29T17:10:21,2
54527244,2026-08-29T17:04:13,2026-08-29T17:04:13,1
54527255,2026-08-05,2026-08-29T17:00:59,2
54527283,2026-08-05,2026-08-29T17:07:04,2
54527314,2026-08-05,2026-08-29T17:10:15,2
54527320,2026-08-05,2026-08-29T16:35:35,2
54527327,2026-08-05,2026-08-29T16:57:52,2
54527351,2026-08-29T17:03:01,2026-08-29T17:03:01,1
54527353,2026-08-29T17:04:25,2026-08-29T17:04:25,1
54527357,2026-08-05,2026-08-05,1
54527366,2026-08-05,2026-08-29T17:00:23,2
54527373,2026-08-05,2026-08-29T17:03:19,2
54527377,2026-08-05,2026-08-29T17:10:15,2
54527386,2026-08-05,2026-08-05,1
54527418,2026-08-05,2026-08-05,1
54527423,2026-08-05,2026-08-29T16:32:00,2
54527424,2026-08-05,2026-08-29T16:33:43,2
54527449,2026-08-05,2026-08-29T16:32:00,2
54527516,2026-08-05,2026-08-29T16:58:09,2
54527566,2026-08-05,2026-08-29T17:01:02,2
54527577,2026-08-29T17:00:04,2026-08-29T17:00:04,1
54527593,2026-08-29T16:36:42,2026-08-29T16:36:42,1
54527596,2026-08-29T16:53:56,2026-08-29T16:53:56,1
54527626,2026-08-05,2026-08-29T16:58:09,2
54527632,2026-08-05,2026-08-29T16:43:46,2
54527645,2026-08-05,2026-08-29T17:10:12,2
54527650,2026-08-05,2026-08-05,1
54527661,2026-08-05,2026-08-29T17:10:15,2
54527676,2026-08-05,2026-08-29T17:10:15,2
54527682,2026-08-29T16:31:34,2026-08-29T16:31:34,1
54527687,2026-08-05,2026-08-29T16:47:55,2
54527689,2026-08-05,2026-08-29T16:58:09,2
54527729,2026-08-05,2026-08-29T17:09:34,2
54527733,2026-08-05,2026-08-29T17:09:34,2
54527739,2026-08-05,2026-08-29T17:01:11,2
54527740,2026-08-05,2026-08-29T17:09:34,2
54527741,2026-08-05,2026-08-29T17:09:34,2
54527764,2026-08-05,2026-08-29T17:09:37,2
54527770,2026-08-29T16:31:34,2026-08-29T16:31:34,1
54527784,2026-08-05,2026-08-29T16:31:34,2
54527817,2026-08-05,2026-08-05,1
54527827,2026-08-05,2026-08-29T16:46:01,2
54527839,2026-08-05,2026-08-29T16:59:55,2
54527844,2026-08-05,2026-08-29T16:51:35,2
54527847,2026-08-05,2026-08-05,1
54527855,2026-08-05,2026-08-05,1
54527862,2026-08-29T16:36:42,2026-08-29T16:36:42,1
54527896,2026-08-29T16:44:08,2026-08-29T16:44:08,1
54527897,2026-08-05,2026-08-29T16:32:16,2
54527904,2026-08-05,2026-08-05,1
54527905,2026-08-05,2026-08-05,1
54527928,2026-08-05,2026-08-29T16:51:00,2
54527932,2026-08-29T16:29:55,2026-08-29T16:29:55,1
54527935,2026-08-05,2026-08-05,1
54527956,2026-08-05,2026-08-05,1
54527967,2026-08-05,2026-08-05,1
54527987,2026-08-05,2026-08-29T16:37:21,2
54528006,2026-08-05,2026-08-29T17:11:46,2
54528012,2026-08-05,2026-08-05,1
54528029,2026-08-05,2026-08-29T16:51:35,2
54528074,2026-08-29T16:36:22,2026-08-29T16:36:22,1
54528080,2026-08-05,2026-08-05,1
54528081,2026-08-05,2026-08-05,1
54528082,2026-08-05,2026-08-05,1
54528086,2026-08-05,2026-08-05,1
54528089,2026-08-29T16:56:36,2026-08-29T16:56:36,1
54528112,2026-08-05,2026-08-29T16:41:39,2
54528113,2026-08-05,2026-08-29T16:41:18,2
54528114,2026-08-05,2026-08-29T16:41:35,2
54528166,2026-08-29T16:31:34,2026-08-29T16:31:34,1
54528210,2026-08-29T16:52:31,2026-08-29T16:52:31,1
54528221,2026-08-05,2026-08-29T16:58:21,2
54528234,2026-08-05,2026-08-29T16:35:23,2
54528241,2026-08-05,2026-08-29T16:41:39,2
54528272,2026-08-29T16:59:17,2026-08-29T16:59:17,1
54528300,2026-08-05,2026-08-29T16:35:27,2
54528313,2026-08-05,2026-08-29T16:29:59,2
54528391,2026-08-05,2026-08-29T17:10:24,2
54528392,2026-08-05,2026-08-29T17:10:27,2
54528401,2026-08-29T16:47:07,2026-08-29T16:47:07,1
54528433,2026-08-05,2026-08-29T17:01:56,2
54528444,2026-08-29T17:02:49,2026-08-29T17:02:49,1
54528459,2026-08-05,2026-08-29T16:35:09,2
54528468,2026-08-05,2026-08-29T17:07:22,2
54528500,2026-08-05,2026-08-05,1
54528521,2026-08-05,2026-08-05,1
54528626,2026-08-05,2026-08-29T16:36:14,2
54528628,2026-08-05,2026-08-29T16:33:49,2
54528635,2026-08-05,2026-08-29T17:07:17,2
54528659,2026-08-05,2026-08-29T17:11:39,2
54528677,2026-08-05,2026-08-29T16:57:37,2
54528694,2026-08-29T17:04:28,2026-08-29T17:04:28,1
54528765,2026-08-29T16:56:36,2026-08-29T16:56:36,1
54528767,2026-08-05,2026-08-29T16:34:26,2
54528780,2026-08-05,2026-08-29T16:38:02,2
54528787,2026-08-05,2026-08-29T17:12:19,2
54528798,2026-08-29T16:39:46,2026-08-29T16:39:46,1
54528860,2026-08-05,2026-08-05,1
54528892,2026-08-29T17:03:42,2026-08-29T17:03:42,1
54528960,2026-08-05,2026-08-29T16:50:05,2
54528963,2026-08-05,2026-08-29T16:35:43,2
54529035,2026-08-05,2026-08-05,1
54529106,2026-08-05,2026-08-05,1
54529116,2026-08-05,2026-08-29T16:56:08,2
54529248,2026-08-29T16:55:28,2026-08-29T16:55:28,1
54529338,2026-08-05,2026-08-05,1
54529366,2026-08-05,2026-08-29T16:31:24,2
54529419,2026-08-05,2026-08-29T16:48:31,2
54529446,2026-08-05,2026-08-29T16:31:27,2
54529587,2026-08-05,2026-08-29T16:48:43,2
54529621,2026-08-05,2026-08-29T16:41:06,2
54529658,2026-08-05,2026-08-05,1
54529678,2026-08-05,2026-08-29T16:41:06,2
54529679,2026-08-05,2026-08-05,1
54529712,2026-08-05,2026-08-05,1
54529756,2026-08-05,2026-08-29T16:42:53,2
54529798,2026-08-05,2026-08-29T17:00:38,2
54529817,2026-08-05,2026-08-29T16:44:08,2
54529834,2026-08-05,2026-08-29T16:43:13,2
54529842,2026-08-29T17:02:55,2026-08-29T17:02:55,1
54529876,2026-08-05,2026-08-29T17:04:25,2
54529879,2026-08-05,2026-08-29T16:33:05,2
54529942,2026-08-05,2026-08-05,1
54529946,2026-08-05,2026-08-29T17:00:56,2
54530052,2026-08-29T16:54:45,2026-08-29T16:54:45,1
54530070,2026-08-05,2026-08-29T16:52:22,2
54530274,2026-08-29T17:04:16,2026-08-29T17:04:16,1
54530326,2026-08-29T16:38:44,2026-08-29T16:38:44,1
54530371,2026-08-05,2026-08-29T17:03:42,2
54530384,2026-08-29T16:50:05,2026-08-29T16:50:05,1
54530428,2026-08-29T17:04:25,2026-08-29T17:04:25,1
54530502,2026-08-05,2026-08-29T16:50:08,2
54530504,2026-08-05,2026-08-05,1
54530573,2026-08-05,2026-08-29T16:36:51,2
54530599,2026-08-05,2026-08-29T16:52:25,2
54530696,2026-08-05,2026-08-05,1
54531021,2026-08-05,2026-08-29T16:32:53,2
54531093,2026-08-29T16:54:19,2026-08-29T16:54:19,1
54531138,2026-08-29T16:52:58,2026-08-29T16:52:58,1
54531139,2026-08-29T16:57:03,2026-08-29T16:57:03,1
54531152,2026-08-05,2026-08-29T17:01:47,2
54531176,2026-08-05,2026-08-29T16:45:19,2
54531180,2026-08-05,2026-08-05,1
54531194,2026-08-05,2026-08-29T16:53:28,2
54531230,2026-08-05,2026-08-29T17:10:06,2
54531244,2026-08-05,2026-08-05,1
54531444,2026-08-05,2026-08-29T17:03:21,2
54531449,2026-08-05,2026-08-05,1
54531473,2026-08-29T16:53:44,2026-08-29T16:53:44,1
54531494,2026-08-29T17:02:52,2026-08-29T17:02:52,1
54531510,2026-08-29T16:58:59,2026-08-29T16:58:59,1
54531513,2026-08-29T16:58:59,2026-08-29T16:58:59,1
54531517,2026-08-29T17:03:21,2026-08-29T17:03:21,1
54531527,2026-08-05,2026-08-29T16:46:45,2
54531537,2026-08-05,2026-08-05,1
54531593,2026-08-05,2026-08-29T16:35:19,2
54531602,2026-08-05,2026-08-29T16:42:42,2
54531653,2026-08-05,2026-08-05,1
54531761,2026-08-05,2026-08-29T16:55:25,2
54531784,2026-08-05,2026-08-29T16:54:48,2
54531808,2026-08-05,2026-08-29T16:42:42,2
54531829,2026-08-05,2026-08-05,1
54531874,2026-08-05,2026-08-05,1
54531882,2026-08-29T17:05:07,2026-08-29T17:05:07,1
54531918,2026-08-05,2026-08-29T16:56:49,2
54531947,2026-08-05,2026-08-29T16:35:03,2
54531956,2026-08-05,2026-08-29T16:49:20,2
54531967,2026-08-29T17:04:22,2026-08-29T17:04:22,1
54532061,2026-08-05,2026-08-05,1
54532062,2026-08-05,2026-08-05,1
54532063,2026-08-05,2026-08-05,1
54532065,2026-08-05,2026-08-05,1
54532128,2026-08-29T16:54:38,2026-08-29T16:54:38,1
54532151,2026-08-05,2026-08-29T16:57:03,2
54532189,2026-08-05,2026-08-29T16:33:36,2
54532298,2026-08-05,2026-08-29T17:00:17,2
54532377,2026-08-05,2026-08-29T17:11:06,2
54532378,2026-08-05,2026-08-29T17:11:06,2
54532379,2026-08-05,2026-08-29T17:11:42,2
54532380,2026-08-05,2026-08-29T17:11:06,2
54532381,2026-08-05,2026-08-29T17:11:06,2
54532383,2026-08-05,2026-08-29T17:11:06,2
54532384,2026-08-05,2026-08-29T17:11:06,2
54532386,2026-08-29T16:57:06,2026-08-29T16:57:06,1
54532460,2026-08-05,2026-08-29T17:01:17,2
54532520,2026-08-05,2026-08-05,1
54532523,2026-08-29T16:50:44,2026-08-29T16:50:44,1
54532559,2026-08-05,2026-08-29T16:34:02,2
54532571,2026-08-05,2026-08-29T16:44:02,2
54532673,2026-08-05,2026-08-05,1
54532695,2026-08-05,2026-08-05,1
54532722,2026-08-05,2026-08-05,1
54532877,2026-08-05,2026-08-05,1
54532902,2026-08-05,2026-08-29T17:01:05,2
54533028,2026-08-05,2026-08-29T16:34:44,2
54533062,2026-08-29T17:00:23,2026-08-29T17:00:23,1
54533081,2026-08-05,2026-08-05,1
54533108,2026-08-05,2026-08-29T16:47:16,2
54533115,2026-08-05,2026-08-29T17:06:24,2
54533132,2026-08-29T17:00:23,2026-08-29T17:00:23,1
54533201,2026-08-05,2026-08-29T16:56:08,2
54533213,2026-08-05,2026-08-29T16:29:17,2
54533222,2026-08-05,2026-08-29T16:58:28,2
54533226,2026-08-05,2026-08-29T17:06:32,2
54533231,2026-08-05,2026-08-29T16:29:17,2
54533249,2026-08-05,2026-08-29T17:06:32,2
54533260,2026-08-05,2026-08-05,1
54533285,2026-08-05,2026-08-29T16:58:28,2
54533328,2026-08-29T16:58:40,2026-08-29T16:58:40,1
54533329,2026-08-05,2026-08-29T16:49:51,2
54533337,2026-08-29T17:02:43,2026-08-29T17:02:43,1
54533372,2026-08-05,2026-08-29T17:06:21,2
54533374,2026-08-05,2026-08-05,1
54533399,2026-08-05,2026-08-29T16:33:36,2
54533452,2026-08-05,2026-08-29T16:48:43,2
54533461,2026-08-05,2026-08-29T16:48:20,2
54533488,2026-08-05,2026-08-05,1
54533514,2026-08-05,2026-08-29T16:36:22,2
54533519,2026-08-05,2026-08-29T17:09:55,2
54533535,2026-08-29T16:40:40,2026-08-29T16:40:40,1
54533536,2026-08-05,2026-08-29T16:47:55,2
54533548,2026-08-05,2026-08-29T16:43:59,2
54533560,2026-08-05,2026-08-05,1
54533561,2026-08-05,2026-08-05,1
54533564,2026-08-05,2026-08-05,1
54533567,2026-08-05,2026-08-29T16:43:59,2
54533573,2026-08-05,2026-08-29T16:41:30,2
54533622,2026-08-05,2026-08-29T16:29:00,2
54533626,2026-08-05,2026-08-29T17:11:06,2
54533680,2026-08-05,2026-08-29T16:37:17,2
54533681,2026-08-05,2026-08-29T16:37:17,2
54533692,2026-08-05,2026-08-29T16:55:25,2
54533734,2026-08-05,2026-08-29T17:12:19,2
54533752,2026-08-05,2026-08-29T16:42:24,2
54533757,2026-08-05,2026-08-29T16:49:23,2
54533771,2026-08-29T16:57:43,2026-08-29T16:57:43,1
54533772,2026-08-29T16:33:55,2026-08-29T16:33:55,1
54533785,2026-08-05,2026-08-29T16:47:46,2
54533795,2026-08-05,2026-08-29T16:54:45,2
54533813,2026-08-05,2026-08-05,1
54533836,2026-08-05,2026-08-05,1
54533872,2026-08-05,2026-08-29T16:44:02,2
54533881,2026-08-29T16:59:43,2026-08-29T16:59:43,1
54533886,2026-08-05,2026-08-29T17:06:36,2
54533913,2026-08-05,2026-08-29T17:07:07,2
54533933,2026-08-05,2026-08-29T16:41:35,2
54533950,2026-08-05,2026-08-29T16:40:02,2
54533963,2026-08-05,2026-08-29T16:49:30,2
54534012,2026-08-05,2026-08-29T17:04:19,2
54534039,2026-08-05,2026-08-29T16:54:48,2
54534040,2026-08-05,2026-08-29T16:35:51,2
54534054,2026-08-05,2026-08-29T17:00:44,2
54534072,2026-08-05,2026-08-29T17:07:56,2
54534082,2026-08-05,2026-08-29T17:02:31,2
54534083,2026-08-05,2026-08-29T17:07:56,2
54534094,2026-08-05,2026-08-05,1
54534097,2026-08-05,2026-08-29T16:40:40,2
54534103,2026-08-05,2026-08-29T16:29:04,2
54534114,2026-08-05,2026-08-29T16:32:35,2
54534115,2026-08-05,2026-08-29T16:34:56,2
54534116,2026-08-29T17:03:36,2026-08-29T17:03:36,1
54534119,2026-08-05,2026-08-29T17:00:47,2
54534147,2026-08-05,2026-08-05,1
54534151,2026-08-29T17:05:54,2026-08-29T17:05:54,1
54534176,2026-08-05,2026-08-29T16:39:06,2
54534259,2026-08-05,2026-08-29T16:49:44,2
54534345,2026-08-05,2026-08-05,1
54534359,2026-08-29T16:54:02,2026-08-29T16:54:02,1
54534377,2026-08-05,2026-08-05,1
54534379,2026-08-05,2026-08-05,1
54534429,2026-08-05,2026-08-29T17:01:17,2
54534457,2026-08-05,2026-08-05,1
54534458,2026-08-05,2026-08-29T16:49:39,2
54534469,2026-08-05,2026-08-05,1
54534486,2026-08-29T17:04:52,2026-08-29T17:04:52,1
54534487,2026-08-05,2026-08-29T16:33:43,2
54534532,2026-08-05,2026-08-29T17:03:45,2
54534537,2026-08-05,2026-08-05,1
54534582,2026-08-05,2026-08-29T16:36:07,2
54534598,2026-08-05,2026-08-05,1
54534622,2026-08-05,2026-08-29T16:48:37,2
54534634,2026-08-05,2026-08-05,1
54534753,2026-08-05,2026-08-29T16:33:39,2
54534763,2026-08-05,2026-08-05,1
54534786,2026-08-05,2026-08-29T16:33:55,2
54534787,2026-08-05,2026-08-05,1
54534796,2026-08-05,2026-08-29T16:56:39,2
54534805,2026-08-05,2026-08-05,1
54534867,2026-08-05,2026-08-05,1
54534926,2026-08-05,2026-08-05,1
54535019,2026-08-05,2026-08-05,1
54535075,2026-08-29T16:55:22,2026-08-29T16:55:22,1
54535102,2026-08-05,2026-08-29T17:11:06,2
54535207,2026-08-05,2026-08-29T17:12:03,2
54535214,2026-08-05,2026-08-29T17:11:42,2
54535319,2026-08-05,2026-08-29T16:32:32,2
54535326,2026-08-05,2026-08-29T16:45:55,2
54535424,2026-08-05,2026-08-29T16:32:50,2
54535511,2026-08-05,2026-08-29T17:11:06,2
54535544,2026-08-05,2026-08-29T17:11:49,2
54535581,2026-08-29T16:49:36,2026-08-29T16:49:36,1
54535583,2026-08-05,2026-08-05,1
54535591,2026-08-05,2026-08-05,1
54535703,2026-08-05,2026-08-05,1
54535731,2026-08-29T16:51:23,2026-08-29T16:51:23,1
54536025,2026-08-29T17:03:36,2026-08-29T17:03:36,1
54536098,2026-08-05,2026-08-29T17:05:30,2
54536156,2026-08-05,2026-08-29T17:08:50,2
54536164,2026-08-05,2026-08-05,1
54536173,2026-08-29T17:03:19,2026-08-29T17:03:19,1
54536253,2026-08-29T17:03:19,2026-08-29T17:03:19,1
54536256,2026-08-29T17:03:36,2026-08-29T17:03:36,1
54536289,2026-08-29T17:03:19,2026-08-29T17:03:19,1
54536304,2026-08-05,2026-08-29T17:07:35,2
54536340,2026-08-29T17:03:19,2026-08-29T17:03:19,1
54536400,2026-08-05,2026-08-29T17:03:36,2
54536408,2026-08-05,2026-08-29T16:33:30,2
54536416,2026-08-05,2026-08-29T17:03:36,2
54536421,2026-08-29T16:30:55,2026-08-29T16:30:55,1
54536422,2026-08-05,2026-08-29T16:35:13,2
54536431,2026-08-29T17:03:19,2026-08-29T17:03:19,1
54536466,2026-08-29T17:03:19,2026-08-29T17:03:19,1
54536499,2026-08-05,2026-08-29T16:33:39,2
54536533,2026-08-05,2026-08-05,1
54536551,2026-08-29T16:35:13,2026-08-29T16:35:13,1
54536562,2026-08-05,2026-08-29T16:36:18,2
54536563,2026-08-05,2026-08-05,1
54536565,2026-08-05,2026-08-29T16:36:18,2
54536566,2026-08-05,2026-08-29T16:36:22,2
54536567,2026-08-05,2026-08-29T16:36:18,2
54536568,2026-08-05,2026-08-29T16:53:15,2
54536569,2026-08-05,2026-08-29T16:36:22,2
54536570,2026-08-05,2026-08-29T16:36:22,2
54536582,2026-08-05,2026-08-29T16:35:47,2
54536583,2026-08-05,2026-08-29T16:44:53,2
54536594,2026-08-05,2026-08-29T16:58:04,2
54536601,2026-08-05,2026-08-05,1
54536622,2026-08-05,2026-08-29T16:58:25,2
54536623,2026-08-05,2026-08-29T17:01:17,2
54536649,2026-08-05,2026-08-29T16:58:04,2
54536689,2026-08-05,2026-08-29T16:58:04,2
54536726,2026-08-05,2026-08-29T16:37:13,2
54536744,2026-08-05,2026-08-29T17:03:39,2
54536805,2026-08-29T16:42:24,2026-08-29T16:42:24,1
54536807,2026-08-29T16:53:15,2026-08-29T16:53:15,1
54536823,2026-08-05,2026-08-29T17:11:06,2
54536839,2026-08-05,2026-08-29T16:46:25,2
54536852,2026-08-05,2026-08-05,1
54536893,2026-08-05,2026-08-29T16:47:07,2
54536897,2026-08-29T17:03:39,2026-08-29T17:03:39,1
54536902,2026-08-05,2026-08-29T16:56:20,2
54536906,2026-08-05,2026-08-29T16:50:02,2
54536954,2026-08-05,2026-08-29T17:12:03,2
54536969,2026-08-05,2026-08-29T17:12:03,2
54537007,2026-08-05,2026-08-05,1
54537008,2026-08-05,2026-08-29T16:47:34,2
54537038,2026-08-05,2026-08-05,1
54537046,2026-08-05,2026-08-29T17:03:21,2
54537051,2026-08-05,2026-08-29T17:07:07,2
54537069,2026-08-05,2026-08-29T16:42:24,2
54537103,2026-08-05,2026-08-29T16:41:57,2
54537136,2026-08-05,2026-08-29T16:43:42,2
54537153,2026-08-29T16:57:40,2026-08-29T16:57:40,1
54537154,2026-08-05,2026-08-29T16:51:49,2
54537172,2026-08-05,2026-08-29T17:02:02,2
54537176,2026-08-05,2026-08-05,1
54537239,2026-08-05,2026-08-29T16:49:36,2
54537242,2026-08-29T16:52:55,2026-08-29T16:52:55,1
54537255,2026-08-05,2026-08-29T16:42:24,2
54537278,2026-08-05,2026-08-29T17:08:38,2
54537292,2026-08-05,2026-08-29T17:08:38,2
54537302,2026-08-05,2026-08-29T17:08:40,2
54537305,2026-08-05,2026-08-29T17:08:40,2
54537309,2026-08-05,2026-08-29T16:54:48,2
54537318,2026-08-05,2026-08-29T16:51:29,2
54537322,2026-08-05,2026-08-29T16:45:15,2
54537376,2026-08-05,2026-08-05,1
54537385,2026-08-05,2026-08-29T17:00:47,2
54537389,2026-08-05,2026-08-05,1
54537420,2026-08-05,2026-08-05,1
54537484,2026-08-05,2026-08-05,1
54537495,2026-08-05,2026-08-29T16:38:06,2
54537496,2026-08-05,2026-08-05,1
54537505,2026-08-05,2026-08-29T16:31:00,2
54537524,2026-08-29T16:55:59,2026-08-29T16:55:59,1
54537528,2026-08-05,2026-08-29T16:33:59,2
54537534,2026-08-05,2026-08-29T17:00:53,2
54537573,2026-08-29T17:05:01,2026-08-29T17:05:01,1
54537619,2026-08-29T16:58:12,2026-08-29T16:58:12,1
54537626,2026-08-29T16:59:17,2026-08-29T16:59:17,1
54537628,2026-08-05,2026-08-29T16:41:57,2
54537662,2026-08-05,2026-08-29T16:58:33,2
54537665,2026-08-05,2026-08-05,1
54537694,2026-08-05,2026-08-29T16:42:24,2
54537741,2026-08-05,2026-08-05,1
54537767,2026-08-05,2026-08-29T16:51:35,2
54537791,2026-08-05,2026-08-29T16:31:09,2
54537792,2026-08-29T16:55:56,2026-08-29T16:55:56,1
54537794,2026-08-05,2026-08-29T17:03:54,2
54537795,2026-08-05,2026-08-29T16:40:58,2
54537815,2026-08-29T16:31:44,2026-08-29T16:31:44,1
54537827,2026-08-05,2026-08-29T16:54:55,2
54537844,2026-08-29T17:04:55,2026-08-29T17:04:55,1
54537860,2026-08-29T17:05:01,2026-08-29T17:05:01,1
54537875,2026-08-05,2026-08-29T16:42:45,2
54537902,2026-08-29T17:03:09,2026-08-29T17:03:09,1
54537912,2026-08-05,2026-08-29T16:29:59,2
54537913,2026-08-05,2026-08-05,1
54537951,2026-08-05,2026-08-29T16:43:49,2
54537958,2026-08-29T17:04:55,2026-08-29T17:04:55,1
54537967,2026-08-05,2026-08-29T16:49:36,2
54537971,2026-08-05,2026-08-29T16:51:09,2
54537990,2026-08-05,2026-08-29T17:08:40,2
54538002,2026-08-05,2026-08-29T16:43:16,2
54538003,2026-08-05,2026-08-29T17:08:40,2
54538015,2026-08-05,2026-08-29T16:29:04,2
54538030,2026-08-29T16:46:04,2026-08-29T16:46:04,1
54538034,2026-08-05,2026-08-29T17:08:40,2
54538076,2026-08-29T17:03:36,2026-08-29T17:03:36,1
54538088,2026-08-05,2026-08-29T17:02:02,2
54538093,2026-08-05,2026-08-29T17:07:04,2
54538109,2026-08-05,2026-08-29T17:00:53,2
54538110,2026-08-05,2026-08-29T16:49:27,2
54538114,2026-08-05,2026-08-29T16:48:37,2
54538115,2026-08-05,2026-08-05,1
54538116,2026-08-29T17:04:49,2026-08-29T17:04:49,1
54538187,2026-08-29T17:05:01,2026-08-29T17:05:01,1
54538199,2026-08-29T16:52:10,2026-08-29T16:52:10,1
54538217,2026-08-05,2026-08-05,1
54538253,2026-08-05,2026-08-29T17:08:40,2
54538257,2026-08-05,2026-08-29T16:57:49,2
54538262,2026-08-05,2026-08-29T17:08:40,2
54538271,2026-08-05,2026-08-29T16:43:04,2
54538298,2026-08-05,2026-08-29T16:33:12,2
54538299,2026-08-05,2026-08-29T17:07:29,2
54538300,2026-08-05,2026-08-29T16:47:16,2
54538326,2026-08-05,2026-08-05,1
54538351,2026-08-05,2026-08-29T17:07:56,2
54538359,2026-08-05,2026-08-05,1
54538372,2026-08-29T17:03:54,2026-08-29T17:03:54,1
54538400,2026-08-05,2026-08-29T16:37:06,2
54538406,2026-08-05,2026-08-29T17:12:19,2
54538407,2026-08-05,2026-08-05,1
54538417,2026-08-05,2026-08-05,1
54538422,2026-08-05,2026-08-29T16:41:57,2
54538431,2026-08-29T16:35:13,2026-08-29T16:35:13,1
54538432,2026-08-29T16:35:47,2026-08-29T16:35:47,1
54538450,2026-08-29T17:04:13,2026-08-29T17:04:13,1
54538464,2026-08-29T16:52:45,2026-08-29T16:52:45,1
54538483,2026-08-05,2026-08-29T16:29:14,2
54538492,2026-08-05,2026-08-05,1
54538496,2026-08-05,2026-08-29T16:29:24,2
54538519,2026-08-05,2026-08-29T16:45:46,2
54538528,2026-08-05,2026-08-29T16:30:19,2
54538534,2026-08-05,2026-08-29T17:01:08,2
54538727,2026-08-29T16:57:12,2026-08-29T16:57:12,1
54538752,2026-08-05,2026-08-29T17:02:02,2
54538771,2026-08-29T16:31:44,2026-08-29T16:31:44,1
54538775,2026-08-05,2026-08-29T16:45:19,2
54538776,2026-08-05,2026-08-05,1
54538777,2026-08-05,2026-08-29T16:37:36,2
54538778,2026-08-05,2026-08-29T16:37:36,2
54538789,2026-08-29T16:45:15,2026-08-29T16:45:15,1
54538793,2026-08-29T16:38:44,2026-08-29T16:38:44,1
54538795,2026-08-05,2026-08-29T16:32:26,2
54538796,2026-08-05,2026-08-29T16:49:08,2
54538816,2026-08-05,2026-08-29T16:45:42,2
54538817,2026-08-29T16:52:45,2026-08-29T16:52:45,1
54538823,2026-08-05,2026-08-05,1
54538838,2026-08-05,2026-08-29T16:40:07,2
54538850,2026-08-05,2026-08-29T16:32:00,2
54538855,2026-08-05,2026-08-29T16:50:05,2
54538856,2026-08-05,2026-08-29T17:00:41,2
54538858,2026-08-05,2026-08-29T16:39:18,2
54538914,2026-08-05,2026-08-29T16:46:38,2
54538931,2026-08-05,2026-08-05,1
54538935,2026-08-05,2026-08-05,1
54538943,2026-08-05,2026-08-29T17:05:57,2
54538946,2026-08-29T16:55:15,2026-08-29T16:55:15,1
54538949,2026-08-05,2026-08-29T17:08:02,2
54538951,2026-08-05,2026-08-29T17:01:35,2
54538967,2026-08-05,2026-08-05,1
54538971,2026-08-05,2026-08-29T16:37:51,2
54538980,2026-08-29T17:02:46,2026-08-29T17:02:46,1
54539018,2026-08-29T16:53:02,2026-08-29T16:53:02,1
54539037,2026-08-05,2026-08-29T16:38:02,2
54539139,2026-08-05,2026-08-29T16:34:41,2
54539164,2026-08-05,2026-08-29T17:11:06,2
54539177,2026-08-05,2026-08-05,1
54539187,2026-08-05,2026-08-29T16:51:32,2
54539195,2026-08-05,2026-08-29T17:11:06,2
54539248,2026-08-05,2026-08-29T17:11:06,2
54539299,2026-08-05,2026-08-29T16:34:56,2
54539323,2026-08-05,2026-08-29T16:43:36,2
54539325,2026-08-29T16:53:44,2026-08-29T16:53:44,1
54539326,2026-08-05,2026-08-29T16:33:33,2
54539347,2026-08-05,2026-08-29T16:52:48,2
54539381,2026-08-05,2026-08-29T16:36:03,2
54539401,2026-08-05,2026-08-29T16:44:08,2
54539433,2026-08-05,2026-08-29T17:11:06,2
54539524,2026-08-05,2026-08-29T17:06:32,2
54539540,2026-08-29T16:50:21,2026-08-29T16:50:21,1
54539546,2026-08-05,2026-08-29T16:31:13,2
54539589,2026-08-29T16:52:42,2026-08-29T16:52:42,1
54539686,2026-08-05,2026-08-29T16:31:27,2
54539691,2026-08-05,2026-08-29T16:31:27,2
54539709,2026-08-05,2026-08-29T16:47:34,2
54539716,2026-08-29T16:45:33,2026-08-29T16:45:33,1
54539720,2026-08-29T16:45:33,2026-08-29T16:45:33,1
54539727,2026-08-29T16:45:33,2026-08-29T16:45:33,1
54539730,2026-08-05,2026-08-29T17:01:32,2
54539731,2026-08-29T16:45:33,2026-08-29T16:45:33,1
54539737,2026-08-29T16:45:33,2026-08-29T16:45:33,1
54539738,2026-08-05,2026-08-29T16:48:43,2
54539739,2026-08-05,2026-08-29T16:48:43,2
54539753,2026-08-29T16:45:33,2026-08-29T16:45:33,1
54539763,2026-08-05,2026-08-29T17:02:31,2
54539813,2026-08-29T16:59:49,2026-08-29T16:59:49,1
54539823,2026-08-29T17:02:46,2026-08-29T17:02:46,1
54539843,2026-08-29T17:02:46,2026-08-29T17:02:46,1
54539921,2026-08-29T17:04:58,2026-08-29T17:04:58,1
54540043,2026-08-05,2026-08-29T16:49:05,2
54540383,2026-08-05,2026-08-05,1
54540398,2026-08-05,2026-08-29T16:44:22,2
54540419,2026-08-05,2026-08-05,1
54540425,2026-08-05,2026-08-29T16:46:48,2
54540501,2026-08-29T16:44:37,2026-08-29T16:44:37,1
54540513,2026-08-05,2026-08-29T16:48:56,2
54540518,2026-08-29T16:44:26,2026-08-29T16:44:26,1
54540637,2026-08-05,2026-08-29T16:44:05,2
54540638,2026-08-05,2026-08-05,1
54540658,2026-08-05,2026-08-29T16:43:10,2
54540751,2026-08-05,2026-08-05,1
54540758,2026-08-29T17:03:12,2026-08-29T17:03:12,1
54540822,2026-08-05,2026-08-29T16:49:23,2
54540877,2026-08-05,2026-08-29T17:12:15,2
54540878,2026-08-05,2026-08-29T17:11:02,2
54540879,2026-08-05,2026-08-29T17:12:15,2
54540880,2026-08-05,2026-08-29T17:12:15,2
54540899,2026-08-29T17:00:17,2026-08-29T17:00:17,1
54540900,2026-08-05,2026-08-29T16:44:56,2
54540902,2026-08-29T17:00:17,2026-08-29T17:00:17,1
54540904,2026-08-29T16:58:28,2026-08-29T16:58:28,1
54540905,2026-08-29T17:00:14,2026-08-29T17:00:14,1
54540906,2026-08-29T17:00:23,2026-08-29T17:00:23,1
54540907,2026-08-29T17:00:14,2026-08-29T17:00:14,1
54540908,2026-08-29T16:59:46,2026-08-29T16:59:46,1
54540909,2026-08-05,2026-08-29T16:44:56,2
54541272,2026-08-05,2026-08-29T16:56:43,2
54541296,2026-08-05,2026-08-29T16:34:22,2
54541297,2026-08-05,2026-08-29T16:34:22,2
54541303,2026-08-05,2026-08-29T16:49:51,2
54541403,2026-08-05,2026-08-29T16:35:51,2
54541464,2026-08-05,2026-08-05,1
54541561,2026-08-05,2026-08-29T17:07:56,2
54541818,2026-08-05,2026-08-29T16:46:25,2
54541906,2026-08-05,2026-08-29T17:07:17,2
54541948,2026-08-05,2026-08-29T17:09:06,2
54542164,2026-08-05,2026-08-29T17:09:06,2
54542174,2026-08-29T16:34:10,2026-08-29T16:34:10,1
54542206,2026-08-05,2026-08-29T16:49:36,2
54542220,2026-08-05,2026-08-29T16:51:42,2
54542256,2026-08-05,2026-08-29T16:58:18,2
54542267,2026-08-05,2026-08-29T16:45:52,2
54542284,2026-08-05,2026-08-29T17:09:02,2
54542288,2026-08-05,2026-08-05,1
54542289,2026-08-05,2026-08-05,1
54542293,2026-08-29T16:34:10,2026-08-29T16:34:10,1
54542296,2026-08-29T16:53:09,2026-08-29T16:53:09,1
54542301,2026-08-05,2026-08-29T16:54:55,2
54542382,2026-08-05,2026-08-29T17:02:43,2
54542408,2026-08-29T16:53:31,2026-08-29T16:53:31,1
54542409,2026-08-05,2026-08-29T16:58:18,2
54542412,2026-08-05,2026-08-29T16:53:22,2
54542467,2026-08-05,2026-08-29T16:47:53,2
54542484,2026-08-05,2026-08-29T16:58:18,2
54542494,2026-08-05,2026-08-29T17:09:02,2
54542499,2026-08-05,2026-08-05,1
54542500,2026-08-05,2026-08-29T17:11:02,2
54542506,2026-08-05,2026-08-29T16:43:33,2
54542521,2026-08-05,2026-08-29T17:10:27,2
54542535,2026-08-05,2026-08-29T16:58:18,2
54542561,2026-08-05,2026-08-05,1
54542573,2026-08-05,2026-08-29T16:33:19,2
54542576,2026-08-05,2026-08-29T16:39:55,2
54542581,2026-08-29T16:33:02,2026-08-29T16:33:02,1
54542612,2026-08-29T16:58:09,2026-08-29T16:58:09,1
54542661,2026-08-05,2026-08-29T16:59:43,2
54542671,2026-08-05,2026-08-29T16:36:07,2
54542766,2026-08-05,2026-08-29T16:44:05,2
54542804,2026-08-29T16:32:03,2026-08-29T16:32:03,1
54542835,2026-08-29T16:59:46,2026-08-29T16:59:46,1
54542855,2026-08-29T16:35:31,2026-08-29T16:35:31,1
54542910,2026-08-29T16:39:30,2026-08-29T16:39:30,1
54543038,2026-08-29T16:59:46,2026-08-29T16:59:46,1
54543082,2026-08-05,2026-08-29T17:00:38,2
54543086,2026-08-05,2026-08-29T17:11:39,2
54543089,2026-08-29T16:59:46,2026-08-29T16:59:46,1
54543102,2026-08-29T16:33:02,2026-08-29T16:33:02,1
54543207,2026-08-05,2026-08-29T17:11:42,2
54543244,2026-08-05,2026-08-29T16:51:35,2
54543255,2026-08-05,2026-08-05,1
54543319,2026-08-05,2026-08-29T17:00:32,2
54543327,2026-08-05,2026-08-29T16:48:24,2
54543330,2026-08-05,2026-08-29T16:51:35,2
54543339,2026-08-05,2026-08-29T16:43:46,2
54543388,2026-08-05,2026-08-29T16:33:02,2
54543392,2026-08-05,2026-08-05,1
54543401,2026-08-05,2026-08-29T16:35:43,2
54543492,2026-08-05,2026-08-29T17:01:53,2
54543496,2026-08-29T16:33:27,2026-08-29T16:33:27,1
54543517,2026-08-05,2026-08-05,1
54543551,2026-08-05,2026-08-05,1
54543554,2026-08-29T17:02:52,2026-08-29T17:02:52,1
54543578,2026-08-05,2026-08-29T16:50:05,2
54543608,2026-08-29T17:05:01,2026-08-29T17:05:01,1
54543637,2026-08-05,2026-08-29T16:56:14,2
54543647,2026-08-05,2026-08-29T16:42:32,2
54543648,2026-08-05,2026-08-29T16:38:59,2
54543664,2026-08-05,2026-08-29T17:12:00,2
54543706,2026-08-05,2026-08-29T17:00:59,2
54543724,2026-08-05,2026-08-05,1
54543736,2026-08-05,2026-08-29T17:04:43,2
54543781,2026-08-05,2026-08-29T17:07:10,2
54543795,2026-08-05,2026-08-29T17:05:42,2
54543799,2026-08-05,2026-08-29T16:33:39,2
54543825,2026-08-05,2026-08-05,1
54543841,2026-08-05,2026-08-29T16:44:02,2
54543860,2026-08-05,2026-08-29T17:06:06,2
54543882,2026-08-05,2026-08-29T17:00:32,2
54543890,2026-08-05,2026-08-29T16:40:48,2
54543911,2026-08-05,2026-08-29T17:06:06,2
54543927,2026-08-05,2026-08-29T16:49:59,2
54543976,2026-08-05,2026-08-29T16:31:00,2
54543984,2026-08-05,2026-08-29T17:09:20,2
54543994,2026-08-05,2026-08-29T16:49:59,2
54544040,2026-08-05,2026-08-29T16:29:48,2
54544068,2026-08-05,2026-08-29T16:36:54,2
54544094,2026-08-05,2026-08-29T16:43:30,2
54544122,2026-08-05,2026-08-29T17:08:59,2
54544171,2026-08-05,2026-08-29T16:49:51,2
54544183,2026-08-05,2026-08-29T17:08:06,2
54544184,2026-08-29T16:57:43,2026-08-29T16:57:43,1
54544191,2026-08-05,2026-08-29T16:34:36,2
54544198,2026-08-05,2026-08-29T17:09:48,2
54544206,2026-08-05,2026-08-29T16:30:45,2
54544210,2026-08-05,2026-08-29T16:32:50,2
54544215,2026-08-05,2026-08-29T16:49:59,2
54544247,2026-08-05,2026-08-29T16:35:31,2
54544285,2026-08-29T16:34:05,2026-08-29T16:34:05,1
54544288,2026-08-05,2026-08-29T16:43:36,2
54544296,2026-08-05,2026-08-29T16:38:59,2
54544300,2026-08-05,2026-08-29T16:48:52,2
54544301,2026-08-05,2026-08-29T16:48:52,2
54544319,2026-08-05,2026-08-29T16:40:40,2
54544338,2026-08-05,2026-08-29T16:47:38,2
54544350,2026-08-05,2026-08-29T16:49:47,2
54544372,2026-08-05,2026-08-29T16:48:52,2
54544376,2026-08-05,2026-08-05,1
54544382,2026-08-29T16:42:04,2026-08-29T16:42:04,1
54544402,2026-08-05,2026-08-29T17:01:02,2
54544417,2026-08-05,2026-08-29T16:48:34,2
54544422,2026-08-05,2026-08-29T16:36:07,2
54544432,2026-08-05,2026-08-05,1
54544451,2026-08-29T16:44:37,2026-08-29T16:44:37,1
54544452,2026-08-05,2026-08-05,1
54544463,2026-08-05,2026-08-05,1
54544470,2026-08-05,2026-08-29T16:49:08,2
54544473,2026-08-05,2026-08-29T16:33:36,2
54544481,2026-08-05,2026-08-29T16:41:02,2
54544484,2026-08-05,2026-08-29T17:05:48,2
54544508,2026-08-05,2026-08-29T16:42:32,2
54544513,2026-08-05,2026-08-29T16:50:38,2
54544527,2026-08-05,2026-08-29T16:41:06,2
54544532,2026-08-05,2026-08-29T16:51:58,2
54544545,2026-08-05,2026-08-29T16:35:43,2
54544571,2026-08-05,2026-08-29T16:49:39,2
54544584,2026-08-05,2026-08-05,1
54544611,2026-08-05,2026-08-29T16:35:19,2
54544628,2026-08-05,2026-08-29T16:46:13,2
54544667,2026-08-05,2026-08-29T17:05:48,2
54544672,2026-08-05,2026-08-29T16:35:39,2
54544740,2026-08-05,2026-08-05,1
54544752,2026-08-05,2026-08-29T16:49:05,2
54544806,2026-08-05,2026-08-29T16:56:20,2
54544811,2026-08-05,2026-08-29T17:07:42,2
54544834,2026-08-05,2026-08-29T16:49:59,2
54544876,2026-08-05,2026-08-29T16:49:47,2
54544878,2026-08-05,2026-08-05,1
54544880,2026-08-05,2026-08-29T16:43:42,2
54544961,2026-08-05,2026-08-29T16:31:27,2
54544972,2026-08-05,2026-08-29T16:45:55,2
54544991,2026-08-05,2026-08-29T16:34:41,2
54545006,2026-08-05,2026-08-29T17:01:35,2
54545073,2026-08-05,2026-08-29T16:49:56,2
54545100,2026-08-05,2026-08-29T16:43:26,2
54545114,2026-08-05,2026-08-29T16:38:55,2
54545229,2026-08-29T16:52:36,2026-08-29T16:52:36,1
54545236,2026-08-05,2026-08-29T17:00:47,2
54545237,2026-08-05,2026-08-29T17:05:22,2
54545240,2026-08-05,2026-08-29T16:34:53,2
54545371,2026-08-05,2026-08-29T16:34:47,2
54545524,2026-08-05,2026-08-29T16:49:56,2
54545531,2026-08-29T16:31:05,2026-08-29T16:31:05,1
54545567,2026-08-05,2026-08-29T16:38:55,2
54545571,2026-08-05,2026-08-29T16:46:34,2
54545580,2026-08-05,2026-08-29T16:45:22,2
54545657,2026-08-29T16:53:56,2026-08-29T16:53:56,1
54545666,2026-08-29T16:57:09,2026-08-29T16:57:09,1
54545731,2026-08-05,2026-08-29T16:37:21,2
54545759,2026-08-05,2026-08-29T16:33:22,2
54545770,2026-08-29T17:04:52,2026-08-29T17:04:52,1
54545772,2026-08-05,2026-08-29T16:33:27,2
54545897,2026-08-05,2026-08-29T16:49:44,2
54545900,2026-08-05,2026-08-29T16:33:49,2
54545905,2026-08-29T16:45:22,2026-08-29T16:45:22,1
54545908,2026-08-05,2026-08-29T16:35:31,2
54545909,2026-08-05,2026-08-29T16:46:29,2
54545935,2026-08-05,2026-08-29T16:47:13,2
54546002,2026-08-05,2026-08-29T16:29:17,2
54546004,2026-08-05,2026-08-29T16:29:39,2
54546007,2026-08-05,2026-08-29T17:05:30,2
54546011,2026-08-05,2026-08-29T16:30:07,2
54546028,2026-08-05,2026-08-29T16:34:10,2
54546066,2026-08-05,2026-08-29T16:49:51,2
54546098,2026-08-29T16:59:29,2026-08-29T16:59:29,1
54546109,2026-08-05,2026-08-29T16:45:49,2
54546124,2026-08-29T16:59:14,2026-08-29T16:59:14,1
54546125,2026-08-05,2026-08-29T16:33:36,2
54546132,2026-08-29T16:59:46,2026-08-29T16:59:46,1
54546134,2026-08-29T16:59:46,2026-08-29T16:59:46,1
54546138,2026-08-29T16:59:46,2026-08-29T16:59:46,1
54546142,2026-08-29T16:59:46,2026-08-29T16:59:46,1
54546145,2026-08-05,2026-08-29T16:34:10,2
54546153,2026-08-29T16:59:14,2026-08-29T16:59:14,1
54546160,2026-08-05,2026-08-29T16:49:51,2
54546163,2026-08-05,2026-08-29T16:47:44,2
54546165,2026-08-05,2026-08-29T16:47:44,2
54546205,2026-08-05,2026-08-29T16:47:41,2
54546282,2026-08-05,2026-08-29T16:50:08,2
54546297,2026-08-29T16:53:50,2026-08-29T16:53:50,1
54546305,2026-08-05,2026-08-29T17:07:46,2
54546306,2026-08-05,2026-08-29T17:07:46,2
54546317,2026-08-29T16:53:50,2026-08-29T16:53:50,1
54546344,2026-08-05,2026-08-29T17:05:42,2
54546350,2026-08-29T16:54:35,2026-08-29T16:54:35,1
54546442,2026-08-05,2026-08-29T16:38:20,2
54546447,2026-08-05,2026-08-29T16:32:44,2
54546456,2026-08-05,2026-08-29T16:32:32,2
54546457,2026-08-05,2026-08-29T16:32:19,2
54546568,2026-08-05,2026-08-29T17:06:03,2
54546584,2026-08-05,2026-08-29T16:38:55,2
54546801,2026-08-05,2026-08-29T17:06:49,2
54546822,2026-08-05,2026-08-29T16:33:19,2
54546944,2026-08-29T16:56:05,2026-08-29T16:56:05,1
54546945,2026-08-29T16:56:05,2026-08-29T16:56:05,1
54546946,2026-08-29T16:56:05,2026-08-29T16:56:05,1
54546947,2026-08-29T16:56:05,2026-08-29T16:56:05,1
54546949,2026-08-29T16:56:05,2026-08-29T16:56:05,1
54546950,2026-08-29T16:56:05,2026-08-29T16:56:05,1
54546951,2026-08-29T16:56:05,2026-08-29T16:56:05,1
54546952,2026-08-29T16:56:05,2026-08-29T16:56:05,1
54546953,2026-08-29T16:56:05,2026-08-29T16:56:05,1
54546954,2026-08-29T16:56:05,2026-08-29T16:56:05,1
54546955,2026-08-29T16:56:05,2026-08-29T16:56:05,1
54546981,2026-08-05,2026-08-29T16:48:04,2
54546984,2026-08-05,2026-08-29T17:10:55,2
54547028,2026-08-05,2026-08-29T16:37:36,2
54547273,2026-08-29T16:57:21,2026-08-29T16:57:21,1
54547282,2026-08-29T17:03:01,2026-08-29T17:03:01,1
54547306,2026-08-05,2026-08-29T16:49:17,2
54547309,2026-08-05,2026-08-29T17:01:08,2
54547371,2026-08-05,2026-08-29T16:38:51,2
54547373,2026-08-05,2026-08-29T16:47:55,2
54547374,2026-08-05,2026-08-29T16:47:55,2
54547430,2026-08-05,2026-08-29T16:35:09,2
54547438,2026-08-05,2026-08-05,1
54547453,2026-08-05,2026-08-05,1
54547460,2026-08-05,2026-08-29T16:30:04,2
54547468,2026-08-05,2026-08-29T16:33:19,2
54547472,2026-08-29T16:59:32,2026-08-29T16:59:32,1
54547509,2026-08-29T16:59:32,2026-08-29T16:59:32,1
54547544,2026-08-05,2026-08-29T16:30:45,2
54547555,2026-08-29T16:57:31,2026-08-29T16:57:31,1
54547579,2026-08-29T17:04:55,2026-08-29T17:04:55,1
54547601,2026-08-05,2026-08-29T16:41:57,2
54547631,2026-08-05,2026-08-29T16:36:22,2
54547633,2026-08-05,2026-08-29T16:47:13,2
54547634,2026-08-05,2026-08-29T16:47:13,2
54547635,2026-08-05,2026-08-29T16:47:13,2
54547647,2026-08-05,2026-08-29T16:49:59,2
54547671,2026-08-05,2026-08-29T16:29:39,2
54547721,2026-08-05,2026-08-29T16:49:59,2
54547723,2026-08-05,2026-08-05,1
54547727,2026-08-29T16:36:18,2026-08-29T16:36:18,1
54547741,2026-08-05,2026-08-29T17:01:59,2
54547767,2026-08-05,2026-08-05,1
54547774,2026-08-29T16:56:29,2026-08-29T16:56:29,1
54547836,2026-08-05,2026-08-29T16:39:55,2
54547842,2026-08-29T16:58:07,2026-08-29T16:58:07,1
54547873,2026-08-05,2026-08-29T17:11:02,2
54547883,2026-08-05,2026-08-29T16:56:49,2
54547918,2026-08-05,2026-08-29T16:47:19,2
54547922,2026-08-05,2026-08-29T16:29:11,2
54547931,2026-08-05,2026-08-29T16:56:49,2
54547947,2026-08-05,2026-08-29T16:48:28,2
54547975,2026-08-05,2026-08-29T16:47:41,2
54547980,2026-08-05,2026-08-29T16:46:10,2
54548011,2026-08-05,2026-08-29T17:06:36,2
54548036,2026-08-05,2026-08-29T16:46:16,2
54548040,2026-08-05,2026-08-29T16:32:59,2
54548046,2026-08-29T16:32:41,2026-08-29T16:32:41,1
54548051,2026-08-29T17:03:01,2026-08-29T17:03:01,1
54548081,2026-08-29T16:47:31,2026-08-29T16:47:31,1
54548120,2026-08-05,2026-08-29T16:48:43,2
54548141,2026-08-05,2026-08-29T16:33:59,2
54548180,2026-08-05,2026-08-29T16:44:02,2
54548200,2026-08-05,2026-08-29T16:31:38,2
54548246,2026-08-05,2026-08-29T17:07:56,2
54548262,2026-08-05,2026-08-29T16:36:14,2
54548266,2026-08-05,2026-08-29T17:11:02,2
54548274,2026-08-05,2026-08-29T16:34:41,2
54548288,2026-08-05,2026-08-29T16:36:14,2
54548304,2026-08-05,2026-08-29T16:44:26,2
54548312,2026-08-05,2026-08-29T16:35:23,2
54548315,2026-08-05,2026-08-29T16:36:14,2
54548340,2026-08-05,2026-08-29T16:48:17,2
54548350,2026-08-05,2026-08-29T16:49:44,2
54548357,2026-08-05,2026-08-29T16:41:18,2
54548358,2026-08-29T17:03:33,2026-08-29T17:03:33,1
54548421,2026-08-05,2026-08-29T16:48:28,2
54548437,2026-08-05,2026-08-29T17:05:54,2
54548444,2026-08-29T16:58:59,2026-08-29T16:58:59,1
54548457,2026-08-05,2026-08-29T16:49:23,2
54548466,2026-08-05,2026-08-05,1
54548480,2026-08-29T16:53:35,2026-08-29T16:53:35,1
54548503,2026-08-05,2026-08-29T16:43:49,2
54548536,2026-08-05,2026-08-29T17:01:29,2
54548546,2026-08-05,2026-08-29T16:52:02,2
54548551,2026-08-05,2026-08-29T17:01:44,2
54548565,2026-08-05,2026-08-29T16:39:14,2
54548585,2026-08-05,2026-08-29T16:49:56,2
54548597,2026-08-05,2026-08-29T16:31:27,2
54548609,2026-08-05,2026-08-29T16:37:17,2
54548628,2026-08-05,2026-08-29T16:48:40,2
54548664,2026-08-05,2026-08-29T16:31:47,2
54548694,2026-08-05,2026-08-29T16:49:47,2
54548752,2026-08-05,2026-08-29T16:46:29,2
54548765,2026-08-05,2026-08-29T16:48:17,2
54548793,2026-08-05,2026-08-29T16:42:35,2
54548805,2026-08-05,2026-08-29T16:43:20,2
54548863,2026-08-29T16:40:36,2026-08-29T16:40:36,1
54548891,2026-08-29T17:04:49,2026-08-29T17:04:49,1
54548902,2026-08-29T16:45:33,2026-08-29T16:45:33,1
54548926,2026-08-05,2026-08-29T16:49:44,2
54548940,2026-08-05,2026-08-29T16:31:27,2
54548941,2026-08-05,2026-08-29T16:43:49,2
54548958,2026-08-05,2026-08-29T16:49:39,2
54548998,2026-08-05,2026-08-29T16:49:39,2
54549009,2026-08-05,2026-08-05,1
54549015,2026-08-05,2026-08-29T16:38:55,2
54549098,2026-08-05,2026-08-29T16:38:20,2
54549123,2026-08-29T17:03:19,2026-08-29T17:03:19,1
54549153,2026-08-05,2026-08-29T16:34:33,2
54549166,2026-08-05,2026-08-29T16:35:39,2
54549172,2026-08-29T16:52:45,2026-08-29T16:52:45,1
54549211,2026-08-05,2026-08-29T16:39:55,2
54549212,2026-08-29T16:39:55,2026-08-29T16:39:55,1
54549213,2026-08-05,2026-08-29T16:33:43,2
54549214,2026-08-29T17:02:37,2026-08-29T17:02:37,1
54549230,2026-08-05,2026-08-29T16:40:54,2
54549244,2026-08-29T17:02:43,2026-08-29T17:02:43,1
54549310,2026-08-05,2026-08-29T16:49:33,2
54549312,2026-08-05,2026-08-29T17:10:58,2
54549323,2026-08-05,2026-08-29T17:10:58,2
54549331,2026-08-29T16:55:06,2026-08-29T16:55:06,1
54549353,2026-08-05,2026-08-29T17:10:06,2
54549393,2026-08-29T16:54:55,2026-08-29T16:54:55,1
54549398,2026-08-29T16:59:32,2026-08-29T16:59:32,1
54549420,2026-08-29T17:03:21,2026-08-29T17:03:21,1
54549422,2026-08-29T17:05:01,2026-08-29T17:05:01,1
54549436,2026-08-05,2026-08-05,1
54549439,2026-08-29T16:59:32,2026-08-29T16:59:32,1
54549456,2026-08-29T16:59:49,2026-08-29T16:59:49,1
54549486,2026-08-29T17:04:37,2026-08-29T17:04:37,1
54549505,2026-08-05,2026-08-29T16:33:12,2
54549518,2026-08-05,2026-08-29T16:46:16,2
54549571,2026-08-05,2026-08-29T16:49:39,2
54549582,2026-08-05,2026-08-05,1
54549594,2026-08-05,2026-08-05,1
54549605,2026-08-29T16:32:32,2026-08-29T16:32:32,1
54549636,2026-08-05,2026-08-29T17:09:20,2
54549665,2026-08-29T16:45:22,2026-08-29T16:45:22,1
54549683,2026-08-29T16:30:45,2026-08-29T16:30:45,1
54549717,2026-08-05,2026-08-29T17:06:32,2
54549809,2026-08-05,2026-08-29T16:46:19,2
54549829,2026-08-05,2026-08-29T16:46:19,2
54549898,2026-08-05,2026-08-29T16:49:14,2
54550001,2026-08-29T16:39:26,2026-08-29T16:39:26,1
54550025,2026-08-05,2026-08-29T16:45:28,2
54550050,2026-08-05,2026-08-29T17:09:51,2
54550067,2026-08-05,2026-08-05,1
54550081,2026-08-29T16:56:29,2026-08-29T16:56:29,1
54550082,2026-08-29T17:05:07,2026-08-29T17:05:07,1
54550132,2026-08-29T16:56:32,2026-08-29T16:56:32,1
54550170,2026-08-05,2026-08-29T16:33:55,2
54550173,2026-08-05,2026-08-29T17:00:50,2
54550198,2026-08-29T16:45:25,2026-08-29T16:45:25,1
54550214,2026-08-29T16:52:58,2026-08-29T16:52:58,1
54550243,2026-08-29T16:59:11,2026-08-29T16:59:11,1
54550256,2026-08-05,2026-08-29T16:47:44,2
54550259,2026-08-05,2026-08-29T17:07:04,2
54550288,2026-08-05,2026-08-29T16:31:13,2
54550302,2026-08-05,2026-08-29T16:50:28,2
54550353,2026-08-05,2026-08-29T17:12:03,2
54550360,2026-08-05,2026-08-29T17:05:16,2
54550362,2026-08-05,2026-08-29T16:48:08,2
54550369,2026-08-29T16:35:55,2026-08-29T16:35:55,1
54550373,2026-08-05,2026-08-29T16:48:14,2
54550383,2026-08-05,2026-08-29T17:07:04,2
54550427,2026-08-05,2026-08-29T17:06:52,2
54550439,2026-08-05,2026-08-29T16:32:16,2
54550447,2026-08-05,2026-08-29T17:06:46,2
54550471,2026-08-29T17:05:07,2026-08-29T17:05:07,1
54550472,2026-08-05,2026-08-29T16:48:24,2
54550473,2026-08-29T17:05:07,2026-08-29T17:05:07,1
54550474,2026-08-05,2026-08-29T16:48:28,2
54550475,2026-08-29T17:03:51,2026-08-29T17:03:51,1
54550476,2026-08-29T17:03:51,2026-08-29T17:03:51,1
54550477,2026-08-29T17:03:51,2026-08-29T17:03:51,1
54550478,2026-08-05,2026-08-29T16:48:24,2
54550479,2026-08-05,2026-08-29T16:45:05,2
54550480,2026-08-29T17:05:07,2026-08-29T17:05:07,1
54550481,2026-08-29T17:03:51,2026-08-29T17:03:51,1
54550482,2026-08-29T17:05:07,2026-08-29T17:05:07,1
54550517,2026-08-05,2026-08-29T16:38:40,2
54550534,2026-08-29T17:04:22,2026-08-29T17:04:22,1
54550545,2026-08-05,2026-08-29T17:06:58,2
54550559,2026-08-05,2026-08-29T16:49:11,2
54550590,2026-08-05,2026-08-29T16:48:17,2
54550598,2026-08-05,2026-08-29T17:07:01,2
54550612,2026-08-29T17:04:00,2026-08-29T17:04:00,1
54550618,2026-08-05,2026-08-29T16:34:16,2
54550620,2026-08-05,2026-08-29T16:43:20,2
54550651,2026-08-29T16:52:36,2026-08-29T16:52:36,1
54550661,2026-08-05,2026-08-29T16:29:00,2
54550769,2026-08-29T16:45:25,2026-08-29T16:45:25,1
54550774,2026-08-29T16:38:06,2026-08-29T16:38:06,1
54550779,2026-08-05,2026-08-05,1
54550866,2026-08-05,2026-08-29T16:50:18,2
54550874,2026-08-05,2026-08-29T17:11:53,2
54550904,2026-08-05,2026-08-29T16:49:47,2
54550907,2026-08-05,2026-08-29T16:49:44,2
54550911,2026-08-05,2026-08-29T17:10:58,2
54550916,2026-08-29T16:40:23,2026-08-29T16:40:23,1
54550955,2026-08-05,2026-08-29T16:49:59,2
54550963,2026-08-29T16:56:11,2026-08-29T16:56:11,1
54550988,2026-08-05,2026-08-29T16:29:11,2
54550998,2026-08-29T16:59:11,2026-08-29T16:59:11,1
54551002,2026-08-29T16:39:22,2026-08-29T16:39:22,1
54551004,2026-08-29T16:59:11,2026-08-29T16:59:11,1
54551011,2026-08-29T16:59:11,2026-08-29T16:59:11,1
54551013,2026-08-29T16:53:44,2026-08-29T16:53:44,1
54551017,2026-08-29T16:59:11,2026-08-29T16:59:11,1
54551043,2026-08-29T16:59:11,2026-08-29T16:59:11,1
54551047,2026-08-05,2026-08-29T17:05:51,2
54551051,2026-08-29T16:59:08,2026-08-29T16:59:08,1
54551057,2026-08-29T16:59:08,2026-08-29T16:59:08,1
54551060,2026-08-29T17:00:23,2026-08-29T17:00:23,1
54551086,2026-08-05,2026-08-29T16:39:14,2
54551122,2026-08-29T16:53:09,2026-08-29T16:53:09,1
54551130,2026-08-29T16:47:10,2026-08-29T16:47:10,1
54551133,2026-08-05,2026-08-29T16:36:14,2
54551150,2026-08-05,2026-08-29T16:49:56,2
54551164,2026-08-05,2026-08-29T17:10:55,2
54551204,2026-08-05,2026-08-29T17:06:32,2
54551208,2026-08-05,2026-08-29T17:12:00,2
54551231,2026-08-29T16:57:46,2026-08-29T16:57:46,1
54551251,2026-08-05,2026-08-29T17:06:43,2
54551265,2026-08-05,2026-08-29T16:39:14,2
54551272,2026-08-05,2026-08-29T17:08:59,2
54551289,2026-08-29T16:57:49,2026-08-29T16:57:49,1
54551292,2026-08-05,2026-08-29T17:11:49,2
54551336,2026-08-29T16:44:32,2026-08-29T16:44:32,1
54551371,2026-08-05,2026-08-29T16:50:18,2
54551414,2026-08-05,2026-08-29T17:05:19,2
54551431,2026-08-05,2026-08-29T16:35:39,2
54551437,2026-08-05,2026-08-29T16:49:44,2
54551445,2026-08-05,2026-08-29T16:36:03,2
54551447,2026-08-29T16:59:08,2026-08-29T16:59:08,1
54551457,2026-08-29T16:59:08,2026-08-29T16:59:08,1
54551465,2026-08-05,2026-08-29T17:06:18,2
54551467,2026-08-29T16:59:08,2026-08-29T16:59:08,1
54551487,2026-08-29T16:59:08,2026-08-29T16:59:08,1
54551508,2026-08-05,2026-08-29T16:35:27,2
54551524,2026-08-05,2026-08-29T16:50:28,2
54551529,2026-08-05,2026-08-29T16:35:31,2
54551535,2026-08-05,2026-08-29T17:01:44,2
54551547,2026-08-05,2026-08-29T16:39:22,2
54551561,2026-08-05,2026-08-29T17:02:02,2
54551566,2026-08-05,2026-08-29T17:11:53,2
54551588,2026-08-29T17:04:19,2026-08-29T17:04:19,1
54551596,2026-08-29T16:59:08,2026-08-29T16:59:08,1
54551602,2026-08-05,2026-08-29T17:01:44,2
54551607,2026-08-05,2026-08-29T16:29:11,2
54551615,2026-08-05,2026-08-29T16:28:45,2
54551629,2026-08-05,2026-08-29T16:45:05,2
54551637,2026-08-05,2026-08-29T16:45:05,2
54551645,2026-08-05,2026-08-29T16:47:19,2
54551653,2026-08-05,2026-08-29T16:45:05,2
54551680,2026-08-05,2026-08-29T16:47:31,2
54551740,2026-08-29T16:52:10,2026-08-29T16:52:10,1
54551742,2026-08-05,2026-08-29T16:32:32,2
54551748,2026-08-05,2026-08-29T16:49:30,2
54551756,2026-08-29T17:04:16,2026-08-29T17:04:16,1
54551757,2026-08-05,2026-08-29T16:49:30,2
54551762,2026-08-05,2026-08-29T16:49:20,2
54551768,2026-08-05,2026-08-29T16:49:30,2
54551769,2026-08-05,2026-08-29T17:01:44,2
54551776,2026-08-05,2026-08-29T16:48:37,2
54551779,2026-08-05,2026-08-29T16:49:23,2
54551787,2026-08-05,2026-08-29T16:36:10,2
54551812,2026-08-29T17:03:51,2026-08-29T17:03:51,1
54551813,2026-08-29T17:03:51,2026-08-29T17:03:51,1
54551814,2026-08-29T17:05:07,2026-08-29T17:05:07,1
54551815,2026-08-29T17:03:51,2026-08-29T17:03:51,1
54551816,2026-08-29T17:03:51,2026-08-29T17:03:51,1
54551817,2026-08-29T17:03:51,2026-08-29T17:03:51,1
54551818,2026-08-29T17:03:51,2026-08-29T17:03:51,1
54551819,2026-08-29T17:03:51,2026-08-29T17:03:51,1
54551820,2026-08-29T17:03:51,2026-08-29T17:03:51,1
54551821,2026-08-29T17:03:51,2026-08-29T17:03:51,1
54551881,2026-08-05,2026-08-29T16:48:04,2
54551882,2026-08-29T17:03:54,2026-08-29T17:03:54,1
54551884,2026-08-05,2026-08-29T16:30:55,2
54551899,2026-08-05,2026-08-29T17:06:43,2
54551932,2026-08-05,2026-08-29T16:40:54,2
54551935,2026-08-05,2026-08-29T16:50:18,2
54551954,2026-08-05,2026-08-29T17:00:32,2
54551987,2026-08-05,2026-08-29T16:39:42,2
54551989,2026-08-05,2026-08-29T16:32:28,2
54552027,2026-08-05,2026-08-29T16:47:00,2
54552041,2026-08-29T16:52:31,2026-08-29T16:52:31,1
54552070,2026-08-05,2026-08-29T16:34:36,2
54552093,2026-08-05,2026-08-29T16:39:30,2
54552094,2026-08-05,2026-08-29T16:31:27,2
54552113,2026-08-29T16:45:33,2026-08-29T16:45:33,1
54552129,2026-08-05,2026-08-29T17:05:33,2
54552141,2026-08-05,2026-08-29T16:42:09,2
54552166,2026-08-05,2026-08-29T17:10:39,2
54552177,2026-08-05,2026-08-29T16:36:07,2
54552178,2026-08-05,2026-08-29T16:40:58,2
54552185,2026-08-05,2026-08-29T16:48:40,2
54552206,2026-08-05,2026-08-29T17:00:32,2
54552229,2026-08-05,2026-08-29T16:49:59,2
54552230,2026-08-05,2026-08-29T17:09:44,2
54552258,2026-08-05,2026-08-29T16:50:21,2
54552262,2026-08-05,2026-08-05,1
54552283,2026-08-29T17:04:16,2026-08-29T17:04:16,1
54552313,2026-08-05,2026-08-29T17:00:32,2
54552315,2026-08-05,2026-08-29T16:49:33,2
54552341,2026-08-29T16:56:49,2026-08-29T16:56:49,1
54552347,2026-08-05,2026-08-29T16:39:42,2
54552398,2026-08-05,2026-08-29T16:49:39,2
54552403,2026-08-05,2026-08-29T16:50:47,2
54552444,2026-08-29T16:53:35,2026-08-29T16:53:35,1
54552449,2026-08-29T16:44:22,2026-08-29T16:44:22,1
54552458,2026-08-05,2026-08-29T16:40:23,2
54552470,2026-08-05,2026-08-29T17:09:17,2
54552474,2026-08-05,2026-08-29T16:39:46,2
54552483,2026-08-05,2026-08-29T16:49:14,2
54552502,2026-08-05,2026-08-29T16:38:44,2
54552512,2026-08-05,2026-08-29T17:05:54,2
54552524,2026-08-05,2026-08-29T16:33:02,2
54552541,2026-08-05,2026-08-29T17:10:39,2
54552655,2026-08-05,2026-08-05,1
54552657,2026-08-05,2026-08-05,1
54552669,2026-08-05,2026-08-05,1
54552677,2026-08-05,2026-08-05,1
54552683,2026-08-05,2026-08-05,1
54552685,2026-08-05,2026-08-05,1
54552687,2026-08-05,2026-08-05,1
54552690,2026-08-05,2026-08-05,1
54552692,2026-08-05,2026-08-05,1
54552698,2026-08-05,2026-08-05,1
54552703,2026-08-05,2026-08-05,1
54552704,2026-08-05,2026-08-05,1
54552707,2026-08-05,2026-08-05,1
54552708,2026-08-05,2026-08-05,1
54552711,2026-08-05,2026-08-05,1
54552713,2026-08-05,2026-08-05,1
54552718,2026-08-05,2026-08-05,1
54552721,2026-08-05,2026-08-05,1
54552723,2026-08-05,2026-08-05,1
54552724,2026-08-05,2026-08-05,1
54552728,2026-08-05,2026-08-05,1
54552733,2026-08-05,2026-08-05,1
54552739,2026-08-05,2026-08-05,1
54552742,2026-08-05,2026-08-05,1
54552744,2026-08-05,2026-08-05,1
54552746,2026-08-05,2026-08-05,1
54552748,2026-08-05,2026-08-05,1
54552749,2026-08-05,2026-08-05,1
54552750,2026-08-05,2026-08-05,1
54552751,2026-08-05,2026-08-05,1
54552753,2026-08-05,2026-08-05,1
54552755,2026-08-05,2026-08-05,1
54552759,2026-08-05,2026-08-05,1
54552760,2026-08-05,2026-08-05,1
54552761,2026-08-05,2026-08-05,1
54552762,2026-08-05,2026-08-05,1
54552763,2026-08-05,2026-08-05,1
54552774,2026-08-05,2026-08-29T17:11:53,2
54552791,2026-08-29T16:54:58,2026-08-29T16:54:58,1
54552799,2026-08-29T16:58:15,2026-08-29T16:58:15,1
54552805,2026-08-05,2026-08-29T17:09:48,2
54552847,2026-08-05,2026-08-29T16:34:47,2
54552923,2026-08-05,2026-08-29T16:47:22,2
54552983,2026-08-05,2026-08-29T16:45:36,2
54552988,2026-08-29T17:04:22,2026-08-29T17:04:22,1
54552991,2026-08-29T16:53:05,2026-08-29T16:53:05,1
54552993,2026-08-29T16:55:52,2026-08-29T16:55:52,1
54552996,2026-08-05,2026-08-29T16:44:35,2
54552997,2026-08-05,2026-08-29T16:51:35,2
54552999,2026-08-05,2026-08-29T16:37:24,2
54553002,2026-08-29T16:37:24,2026-08-29T16:37:24,1
54553007,2026-08-05,2026-08-29T16:51:35,2
54553009,2026-08-05,2026-08-29T16:37:24,2
54553011,2026-08-05,2026-08-29T16:51:35,2
54553014,2026-08-05,2026-08-29T16:51:35,2
54553017,2026-08-05,2026-08-29T16:51:39,2
54553019,2026-08-05,2026-08-29T16:37:24,2
54553021,2026-08-05,2026-08-29T16:43:30,2
54553022,2026-08-05,2026-08-29T16:37:28,2
54553154,2026-08-05,2026-08-29T16:45:36,2
54553225,2026-08-05,2026-08-29T16:49:14,2
54553255,2026-08-05,2026-08-29T16:34:47,2
54553315,2026-08-05,2026-08-29T17:08:28,2
54553316,2026-08-05,2026-08-29T17:08:28,2
54553327,2026-08-29T16:57:21,2026-08-29T16:57:21,1
54553329,2026-08-29T16:57:25,2026-08-29T16:57:25,1
54553330,2026-08-05,2026-08-29T17:08:28,2
54553387,2026-08-05,2026-08-29T16:49:44,2
54553413,2026-08-29T16:54:11,2026-08-29T16:54:11,1
54553442,2026-08-29T16:38:06,2026-08-29T16:38:06,1
54553460,2026-08-05,2026-08-29T16:49:44,2
54553572,2026-08-05,2026-08-29T16:32:03,2
54553670,2026-08-05,2026-08-05,1
54553685,2026-08-29T16:52:58,2026-08-29T16:52:58,1
54553710,2026-08-05,2026-08-29T16:39:18,2
54553716,2026-08-29T16:47:46,2026-08-29T16:47:46,1
54553729,2026-08-29T17:03:51,2026-08-29T17:03:51,1
54553732,2026-08-29T17:04:43,2026-08-29T17:04:43,1
54553747,2026-08-29T16:47:46,2026-08-29T16:47:46,1
54553769,2026-08-05,2026-08-29T16:48:28,2
54553824,2026-08-05,2026-08-29T17:06:55,2
54553896,2026-08-05,2026-08-29T16:41:27,2
54553977,2026-08-05,2026-08-29T16:35:55,2
54554010,2026-08-05,2026-08-29T16:35:39,2
54554025,2026-08-05,2026-08-29T16:45:05,2
54554039,2026-08-05,2026-08-29T16:44:05,2
54554048,2026-08-05,2026-08-05,1
54554056,2026-08-05,2026-08-05,1
54554072,2026-08-29T17:04:55,2026-08-29T17:04:55,1
54554098,2026-08-05,2026-08-29T17:07:29,2
54554118,2026-08-29T16:52:39,2026-08-29T16:52:39,1
54554198,2026-08-29T16:30:41,2026-08-29T16:30:41,1
54554217,2026-08-29T16:35:27,2026-08-29T16:35:27,1
54554230,2026-08-05,2026-08-29T17:06:18,2
54554264,2026-08-05,2026-08-29T16:38:24,2
54554273,2026-08-29T16:53:15,2026-08-29T16:53:15,1
54554279,2026-08-29T16:40:23,2026-08-29T16:40:23,1
54554302,2026-08-05,2026-08-05,1
54554322,2026-08-29T16:54:42,2026-08-29T16:54:42,1
54554337,2026-08-05,2026-08-29T16:33:33,2
54554344,2026-08-05,2026-08-29T16:39:03,2
54554370,2026-08-05,2026-08-29T16:36:07,2
54554431,2026-08-29T17:03:51,2026-08-29T17:03:51,1
54554440,2026-08-29T16:30:41,2026-08-29T16:30:41,1
54554444,2026-08-05,2026-08-29T16:34:30,2
54554495,2026-08-05,2026-08-29T16:32:41,2
54554508,2026-08-29T16:57:15,2026-08-29T16:57:15,1
54554517,2026-08-05,2026-08-29T17:02:10,2
54554526,2026-08-05,2026-08-29T16:35:39,2
54554527,2026-08-05,2026-08-29T16:42:16,2
54554528,2026-08-05,2026-08-05,1
54554541,2026-08-29T17:04:06,2026-08-29T17:04:06,1
54554565,2026-08-05,2026-08-29T16:35:19,2
54554577,2026-08-05,2026-08-29T16:45:42,2
54554580,2026-08-05,2026-08-29T17:05:30,2
54554582,2026-08-29T16:52:45,2026-08-29T16:52:45,1
54554585,2026-08-05,2026-08-05,1
54554602,2026-08-05,2026-08-05,1
54554624,2026-08-05,2026-08-29T16:47:59,2
54554625,2026-08-05,2026-08-29T17:01:14,2
54554647,2026-08-05,2026-08-29T17:06:58,2
54554718,2026-08-05,2026-08-29T16:49:20,2
54554722,2026-08-05,2026-08-29T16:41:09,2
54554733,2026-08-05,2026-08-29T16:38:14,2
54554767,2026-08-05,2026-08-29T17:08:31,2
54554771,2026-08-29T16:59:32,2026-08-29T16:59:32,1
54554803,2026-08-05,2026-08-29T16:55:28,2
54554821,2026-08-29T17:04:13,2026-08-29T17:04:13,1
54554829,2026-08-05,2026-08-29T16:35:39,2
54554831,2026-08-29T16:59:32,2026-08-29T16:59:32,1
54554839,2026-08-05,2026-08-29T16:55:28,2
54554855,2026-08-29T17:04:13,2026-08-29T17:04:13,1
54554860,2026-08-05,2026-08-29T16:49:39,2
54554867,2026-08-05,2026-08-29T16:33:02,2
54554872,2026-08-29T17:04:13,2026-08-29T17:04:13,1
54554877,2026-08-05,2026-08-29T16:39:46,2
54554890,2026-08-05,2026-08-29T16:42:01,2
54554917,2026-08-29T17:00:04,2026-08-29T17:00:04,1
54554938,2026-08-05,2026-08-29T16:41:30,2
54554952,2026-08-05,2026-08-29T16:39:03,2
54554976,2026-08-05,2026-08-29T16:49:08,2
54554983,2026-08-05,2026-08-29T16:38:02,2
54554987,2026-08-29T16:53:05,2026-08-29T16:53:05,1
54555016,2026-08-29T16:54:08,2026-08-29T16:54:08,1
54555053,2026-08-05,2026-08-29T16:33:43,2
54555066,2026-08-05,2026-08-29T16:43:33,2
54555073,2026-08-29T17:02:58,2026-08-29T17:02:58,1
54555088,2026-08-29T16:30:37,2026-08-29T16:30:37,1
54555090,2026-08-05,2026-08-29T16:41:09,2
54555111,2026-08-05,2026-08-29T16:33:27,2
54555140,2026-08-05,2026-08-29T16:43:33,2
54555170,2026-08-05,2026-08-29T17:06:24,2
54555177,2026-08-05,2026-08-29T16:45:28,2
54555191,2026-08-05,2026-08-29T16:43:52,2
54555199,2026-08-05,2026-08-29T16:39:26,2
54555282,2026-08-29T16:53:22,2026-08-29T16:53:22,1
54555289,2026-08-05,2026-08-29T16:42:42,2
54555294,2026-08-29T16:59:58,2026-08-29T16:59:58,1
54555311,2026-08-05,2026-08-29T16:34:41,2
54555342,2026-08-29T16:59:26,2026-08-29T16:59:26,1
54555355,2026-08-05,2026-08-29T17:10:55,2
54555362,2026-08-05,2026-08-29T16:48:37,2
54555366,2026-08-05,2026-08-29T16:48:37,2
54555368,2026-08-29T16:34:53,2026-08-29T16:34:53,1
54555445,2026-08-05,2026-08-29T16:49:11,2
54555453,2026-08-05,2026-08-29T16:45:58,2
54555514,2026-08-05,2026-08-29T16:33:49,2
54555593,2026-08-29T16:42:59,2026-08-29T16:42:59,1
54555594,2026-08-05,2026-08-05,1
54555596,2026-08-05,2026-08-05,1
54555617,2026-08-05,2026-08-05,1
54555620,2026-08-05,2026-08-05,1
54555622,2026-08-29T16:42:56,2026-08-29T16:42:56,1
54555669,2026-08-05,2026-08-29T17:06:55,2
54555675,2026-08-05,2026-08-29T16:35:51,2
54555703,2026-08-29T16:54:42,2026-08-29T16:54:42,1
54555741,2026-08-05,2026-08-29T16:29:48,2
54555742,2026-08-05,2026-08-29T16:49:27,2
54555759,2026-08-29T16:52:16,2026-08-29T16:52:16,1
54555818,2026-08-29T16:59:26,2026-08-29T16:59:26,1
54555834,2026-08-05,2026-08-29T16:46:19,2
54555881,2026-08-05,2026-08-29T16:30:12,2
54555938,2026-08-29T16:41:39,2026-08-29T16:41:39,1
54555939,2026-08-29T16:59:46,2026-08-29T16:59:46,1
54555979,2026-08-05,2026-08-29T16:50:28,2
54556001,2026-08-29T16:59:26,2026-08-29T16:59:26,1
54556070,2026-08-29T16:57:06,2026-08-29T16:57:06,1
54556131,2026-08-29T16:56:32,2026-08-29T16:56:32,1
54556149,2026-08-05,2026-08-29T17:07:13,2
54556151,2026-08-29T16:59:32,2026-08-29T16:59:32,1
54556161,2026-08-05,2026-08-29T17:06:52,2
54556176,2026-08-05,2026-08-29T17:06:52,2
54556199,2026-08-05,2026-08-29T17:09:20,2
54556229,2026-08-29T16:33:33,2026-08-29T16:33:33,1
54556251,2026-08-05,2026-08-29T17:05:30,2
54556252,2026-08-05,2026-08-29T17:06:55,2
54556258,2026-08-29T16:59:35,2026-08-29T16:59:35,1
54556269,2026-08-05,2026-08-29T16:56:36,2
54556279,2026-08-05,2026-08-29T17:05:42,2
54556282,2026-08-05,2026-08-29T17:06:55,2
54556341,2026-08-05,2026-08-29T17:09:20,2
54556546,2026-08-05,2026-08-29T17:10:06,2
54556627,2026-08-29T17:00:14,2026-08-29T17:00:14,1
54556647,2026-08-29T16:57:00,2026-08-29T16:57:00,1
54556663,2026-08-05,2026-08-29T16:49:56,2
54556690,2026-08-05,2026-08-29T16:49:39,2
54556694,2026-08-05,2026-08-29T16:43:52,2
54556700,2026-08-05,2026-08-29T16:49:56,2
54556712,2026-08-05,2026-08-29T16:50:02,2
54556716,2026-08-05,2026-08-29T17:09:48,2
54556740,2026-08-05,2026-08-29T16:35:59,2
54556742,2026-08-05,2026-08-29T17:09:48,2
54556777,2026-08-05,2026-08-29T17:06:21,2
54556784,2026-08-05,2026-08-29T16:48:59,2
54556789,2026-08-05,2026-08-29T17:09:51,2
54556798,2026-08-29T16:49:30,2026-08-29T16:49:30,1
54556802,2026-08-29T16:49:30,2026-08-29T16:49:30,1
54556846,2026-08-05,2026-08-29T16:46:19,2
54556852,2026-08-05,2026-08-29T16:47:53,2
54556858,2026-08-05,2026-08-29T16:47:53,2
54556940,2026-08-05,2026-08-29T16:49:39,2
54556946,2026-08-05,2026-08-29T16:45:55,2
54556991,2026-08-29T16:55:12,2026-08-29T16:55:12,1
54557022,2026-08-29T16:57:21,2026-08-29T16:57:21,1
54557029,2026-08-29T16:57:21,2026-08-29T16:57:21,1
54557032,2026-08-05,2026-08-29T16:35:35,2
54557034,2026-08-29T16:57:21,2026-08-29T16:57:21,1
54557231,2026-08-29T16:57:21,2026-08-29T16:57:21,1
54557244,2026-08-05,2026-08-29T16:50:02,2
54557328,2026-08-05,2026-08-29T16:47:55,2
54557437,2026-08-29T16:54:22,2026-08-29T16:54:22,1
54557438,2026-08-29T16:54:22,2026-08-29T16:54:22,1
54557441,2026-08-29T16:29:52,2026-08-29T16:29:52,1
54557457,2026-08-05,2026-08-29T16:33:05,2
54557459,2026-08-05,2026-08-29T16:48:24,2
54557533,2026-08-29T17:00:14,2026-08-29T17:00:14,1
54557538,2026-08-05,2026-08-29T16:47:16,2
54557551,2026-08-05,2026-08-29T16:32:53,2
54557568,2026-08-05,2026-08-29T16:35:35,2
54557569,2026-08-05,2026-08-29T16:35:35,2
54557572,2026-08-05,2026-08-29T17:06:43,2
54557586,2026-08-05,2026-08-29T16:33:43,2
54557595,2026-08-05,2026-08-29T16:47:07,2
54557617,2026-08-05,2026-08-29T16:47:07,2
54557618,2026-08-05,2026-08-29T16:47:07,2
54557619,2026-08-05,2026-08-29T16:47:19,2
54557623,2026-08-05,2026-08-29T16:47:07,2
54557646,2026-08-05,2026-08-29T16:48:31,2
54557657,2026-08-05,2026-08-29T16:34:02,2
54557782,2026-08-05,2026-08-29T16:44:16,2
54557848,2026-08-05,2026-08-29T16:49:33,2
54557852,2026-08-05,2026-08-29T16:37:21,2
54557891,2026-08-29T16:32:32,2026-08-29T16:32:32,1
54557900,2026-08-05,2026-08-29T16:28:45,2
54557902,2026-08-29T17:00:23,2026-08-29T17:00:23,1
54557916,2026-08-05,2026-08-29T16:46:57,2
54557946,2026-08-05,2026-08-29T16:48:46,2
54558038,2026-08-05,2026-08-29T16:36:47,2
54558049,2026-08-05,2026-08-29T17:05:30,2
54558063,2026-08-05,2026-08-29T16:35:51,2
54558065,2026-08-05,2026-08-29T17:07:22,2
54558104,2026-08-05,2026-08-29T17:02:10,2
54558122,2026-08-29T16:59:49,2026-08-29T16:59:49,1
54558130,2026-08-05,2026-08-29T17:02:10,2
54558155,2026-08-05,2026-08-29T16:40:07,2
54558163,2026-08-05,2026-08-29T16:38:55,2
54558164,2026-08-29T16:56:29,2026-08-29T16:56:29,1
54558166,2026-08-05,2026-08-29T17:10:27,2
54558170,2026-08-05,2026-08-29T16:40:07,2
54558171,2026-08-05,2026-08-29T16:41:30,2
54558173,2026-08-05,2026-08-29T17:07:10,2
54558174,2026-08-05,2026-08-29T17:09:20,2
54558175,2026-08-05,2026-08-29T17:06:36,2
54558177,2026-08-05,2026-08-29T16:44:19,2
54558178,2026-08-05,2026-08-29T17:06:06,2
54558179,2026-08-05,2026-08-29T17:06:49,2
54558182,2026-08-05,2026-08-29T17:07:35,2
54558184,2026-08-05,2026-08-29T17:06:49,2
54558196,2026-08-05,2026-08-29T16:44:37,2
54558197,2026-08-29T16:52:31,2026-08-29T16:52:31,1
54558202,2026-08-29T16:56:49,2026-08-29T16:56:49,1
54558220,2026-08-05,2026-08-29T16:48:17,2
54558359,2026-08-05,2026-08-29T16:35:23,2
54558377,2026-08-05,2026-08-29T16:38:20,2
54558413,2026-08-05,2026-08-29T16:49:56,2
54558425,2026-08-05,2026-08-29T16:40:20,2
54558489,2026-08-29T17:02:43,2026-08-29T17:02:43,1
54558502,2026-08-05,2026-08-29T16:35:27,2
54558526,2026-08-05,2026-08-29T16:37:02,2
54558636,2026-08-29T16:46:48,2026-08-29T16:46:48,1
54558641,2026-08-05,2026-08-29T17:06:12,2
54558662,2026-08-05,2026-08-29T17:05:51,2
54558673,2026-08-29T16:46:48,2026-08-29T16:46:48,1
54558690,2026-08-05,2026-08-29T16:29:00,2
54558699,2026-08-29T16:58:04,2026-08-29T16:58:04,1
54558702,2026-08-05,2026-08-29T16:48:11,2
54558710,2026-08-05,2026-08-29T16:42:20,2
54558715,2026-08-29T17:03:39,2026-08-29T17:03:39,1
54558719,2026-08-05,2026-08-29T17:01:50,2
54558722,2026-08-05,2026-08-29T17:00:44,2
54558744,2026-08-05,2026-08-29T16:35:35,2
54558746,2026-08-29T16:31:38,2026-08-29T16:31:38,1
54558793,2026-08-05,2026-08-29T17:09:06,2
54558794,2026-08-05,2026-08-29T17:05:33,2
54558795,2026-08-29T16:44:32,2026-08-29T16:44:32,1
54558798,2026-08-05,2026-08-29T17:05:33,2
54558819,2026-08-05,2026-08-29T17:05:33,2
54558849,2026-08-29T17:04:06,2026-08-29T17:04:06,1
54558850,2026-08-05,2026-08-29T16:39:14,2
54558860,2026-08-05,2026-08-29T17:06:03,2
54558883,2026-08-05,2026-08-29T17:05:10,2
54558931,2026-08-05,2026-08-29T16:55:15,2
54558962,2026-08-05,2026-08-29T17:06:21,2
54559018,2026-08-05,2026-08-29T16:49:36,2
54559030,2026-08-05,2026-08-29T16:33:33,2
54559091,2026-08-05,2026-08-29T16:29:11,2
54559100,2026-08-05,2026-08-29T17:05:13,2
54559120,2026-08-05,2026-08-29T16:35:47,2
54559126,2026-08-05,2026-08-29T17:05:28,2
54559127,2026-08-05,2026-08-29T17:05:30,2
54559128,2026-08-05,2026-08-29T17:05:30,2
54559187,2026-08-05,2026-08-29T16:50:18,2
54559220,2026-08-05,2026-08-29T17:01:35,2
54559225,2026-08-05,2026-08-29T16:31:41,2
54559259,2026-08-05,2026-08-29T16:31:41,2
54559292,2026-08-05,2026-08-29T17:06:36,2
54559293,2026-08-05,2026-08-29T17:06:36,2
54559294,2026-08-05,2026-08-29T17:06:49,2
54559379,2026-08-05,2026-08-29T16:37:17,2
54559408,2026-08-05,2026-08-29T16:31:05,2
54559421,2026-08-29T16:49:30,2026-08-29T16:49:30,1
54559458,2026-08-05,2026-08-29T17:09:34,2
54559486,2026-08-05,2026-08-29T17:06:46,2
54559517,2026-08-05,2026-08-29T16:33:05,2
54559563,2026-08-05,2026-08-29T17:09:51,2
54559572,2026-08-05,2026-08-29T17:09:34,2
54559612,2026-08-05,2026-08-29T16:37:32,2
54559630,2026-08-05,2026-08-29T17:11:53,2
54559631,2026-08-29T16:42:56,2026-08-29T16:42:56,1
54559662,2026-08-29T16:42:59,2026-08-29T16:42:59,1
54559685,2026-08-29T16:52:31,2026-08-29T16:52:31,1
54559691,2026-08-29T16:53:15,2026-08-29T16:53:15,1
54559697,2026-08-29T16:53:41,2026-08-29T16:53:41,1
54559701,2026-08-29T16:53:41,2026-08-29T16:53:41,1
54559706,2026-08-29T16:37:54,2026-08-29T16:37:54,1
54559710,2026-08-29T16:53:41,2026-08-29T16:53:41,1
54559715,2026-08-29T16:53:05,2026-08-29T16:53:05,1
54559718,2026-08-29T16:53:41,2026-08-29T16:53:41,1
54559720,2026-08-29T16:37:54,2026-08-29T16:37:54,1
54559723,2026-08-29T16:53:41,2026-08-29T16:53:41,1
54559724,2026-08-29T16:53:41,2026-08-29T16:53:41,1
54559725,2026-08-29T16:53:41,2026-08-29T16:53:41,1
54559787,2026-08-05,2026-08-29T17:05:36,2
54559791,2026-08-05,2026-08-29T16:32:53,2
54559900,2026-08-05,2026-08-29T16:48:49,2
54559902,2026-08-05,2026-08-29T17:07:04,2
54559910,2026-08-05,2026-08-29T16:37:10,2
54559915,2026-08-05,2026-08-29T16:47:10,2
54559934,2026-08-05,2026-08-29T17:05:39,2
54559965,2026-08-05,2026-08-29T16:48:49,2
54559985,2026-08-05,2026-08-29T17:07:04,2
54560014,2026-08-05,2026-08-29T16:49:27,2
54560016,2026-08-05,2026-08-29T16:30:55,2
54560036,2026-08-05,2026-08-29T16:43:42,2
54560041,2026-08-05,2026-08-05,1
54560046,2026-08-05,2026-08-29T16:33:43,2
54560051,2026-08-05,2026-08-29T17:09:51,2
54560056,2026-08-05,2026-08-29T16:38:44,2
54560085,2026-08-29T16:35:27,2026-08-29T16:35:27,1
54560096,2026-08-05,2026-08-29T17:12:03,2
54560099,2026-08-05,2026-08-29T16:38:40,2
54560146,2026-08-05,2026-08-29T16:41:09,2
54560155,2026-08-29T16:43:36,2026-08-29T16:43:36,1
54560164,2026-08-05,2026-08-29T16:51:23,2
54560165,2026-08-05,2026-08-29T17:09:20,2
54560171,2026-08-29T16:50:18,2026-08-29T16:50:18,1
54560175,2026-08-05,2026-08-29T16:49:36,2
54560185,2026-08-29T16:50:18,2026-08-29T16:50:18,1
54560186,2026-08-29T16:35:27,2026-08-29T16:35:27,1
54560201,2026-08-05,2026-08-29T16:36:07,2
54560206,2026-08-29T16:58:30,2026-08-29T16:58:30,1
54560207,2026-08-05,2026-08-29T16:58:01,2
54560242,2026-08-05,2026-08-29T16:47:44,2
54560248,2026-08-05,2026-08-29T17:10:06,2
54560264,2026-08-05,2026-08-29T16:55:31,2
54560268,2026-08-29T16:53:05,2026-08-29T16:53:05,1
54560273,2026-08-05,2026-08-29T17:08:47,2
54560274,2026-08-05,2026-08-29T17:07:07,2
54560293,2026-08-29T16:55:25,2026-08-29T16:55:25,1
54560331,2026-08-05,2026-08-29T16:50:05,2
54560348,2026-08-05,2026-08-29T16:39:38,2
54560368,2026-08-05,2026-08-29T16:35:55,2
54560374,2026-08-05,2026-08-29T16:35:06,2
54560403,2026-08-05,2026-08-29T16:32:00,2
54560498,2026-08-05,2026-08-29T16:37:06,2
54560520,2026-08-05,2026-08-29T16:49:51,2
54560551,2026-08-05,2026-08-29T16:46:45,2
54560644,2026-08-05,2026-08-29T16:38:55,2
54560666,2026-08-29T16:54:48,2026-08-29T16:54:48,1
54560762,2026-08-05,2026-08-29T16:49:33,2
54560764,2026-08-29T16:42:59,2026-08-29T16:42:59,1
54560926,2026-08-05,2026-08-29T17:05:36,2
54560964,2026-08-05,2026-08-29T17:10:27,2
54561141,2026-08-05,2026-08-29T16:42:56,2
54561147,2026-08-29T16:59:49,2026-08-29T16:59:49,1
54561208,2026-08-05,2026-08-29T16:39:30,2
54561248,2026-08-29T16:55:06,2026-08-29T16:55:06,1
54561293,2026-08-05,2026-08-29T16:33:46,2
54561305,2026-08-29T17:00:01,2026-08-29T17:00:01,1
54561318,2026-08-29T16:59:49,2026-08-29T16:59:49,1
54561381,2026-08-05,2026-08-29T16:50:02,2
54561385,2026-08-05,2026-08-29T16:49:33,2
54561397,2026-08-05,2026-08-29T16:35:06,2
54561409,2026-08-05,2026-08-29T16:50:24,2
54561414,2026-08-05,2026-08-29T16:49:36,2
54561415,2026-08-05,2026-08-29T16:49:27,2
54561420,2026-08-05,2026-08-29T16:49:36,2
54561421,2026-08-05,2026-08-29T16:49:33,2
54561429,2026-08-29T16:43:13,2026-08-29T16:43:13,1
54561436,2026-08-29T16:57:46,2026-08-29T16:57:46,1
54561516,2026-08-05,2026-08-29T17:05:39,2
54561519,2026-08-05,2026-08-29T16:33:39,2
54561565,2026-08-29T16:53:22,2026-08-29T16:53:22,1
54561609,2026-08-05,2026-08-29T16:32:16,2
54561650,2026-08-05,2026-08-29T16:29:52,2
54561658,2026-08-05,2026-08-29T16:45:05,2
54561676,2026-08-05,2026-08-29T17:05:10,2
54561683,2026-08-05,2026-08-29T16:33:08,2
54561737,2026-08-05,2026-08-29T17:07:32,2
54561879,2026-08-29T17:03:21,2026-08-29T17:03:21,1
54561880,2026-08-29T17:03:21,2026-08-29T17:03:21,1
54561992,2026-08-05,2026-08-29T16:45:58,2
54562043,2026-08-05,2026-08-29T16:45:58,2
54562044,2026-08-05,2026-08-29T16:35:35,2
54562068,2026-08-05,2026-08-29T16:45:25,2
54562070,2026-08-29T16:56:11,2026-08-29T16:56:11,1
54562105,2026-08-29T16:40:23,2026-08-29T16:40:23,1
54562114,2026-08-05,2026-08-29T16:46:31,2
54562221,2026-08-05,2026-08-29T16:28:53,2
54562274,2026-08-05,2026-08-29T16:59:35,2
54562289,2026-08-05,2026-08-29T16:35:31,2
54562298,2026-08-05,2026-08-29T16:41:02,2
54562322,2026-08-05,2026-08-29T16:32:50,2
54562407,2026-08-05,2026-08-05,1
54562415,2026-08-05,2026-08-29T16:38:55,2
54562445,2026-08-29T16:30:26,2026-08-29T16:30:26,1
54562447,2026-08-29T17:00:01,2026-08-29T17:00:01,1
54562457,2026-08-05,2026-08-29T16:35:31,2
54562475,2026-08-29T17:00:17,2026-08-29T17:00:17,1
54562481,2026-08-29T17:00:17,2026-08-29T17:00:17,1
54562482,2026-08-29T17:00:17,2026-08-29T17:00:17,1
54562493,2026-08-29T16:57:03,2026-08-29T16:57:03,1
54562494,2026-08-05,2026-08-29T16:33:59,2
54562497,2026-08-29T16:35:31,2026-08-29T16:35:31,1
54562512,2026-08-05,2026-08-29T16:45:12,2
54562541,2026-08-29T17:00:20,2026-08-29T17:00:20,1
54562546,2026-08-29T17:00:17,2026-08-29T17:00:17,1
54562581,2026-08-05,2026-08-29T16:48:40,2
54562585,2026-08-05,2026-08-29T16:42:04,2
54562586,2026-08-05,2026-08-29T16:51:42,2
54562591,2026-08-05,2026-08-29T16:34:16,2
54562593,2026-08-05,2026-08-29T16:48:34,2
54562606,2026-08-05,2026-08-29T16:48:34,2
54562615,2026-08-05,2026-08-29T16:44:08,2
54562616,2026-08-05,2026-08-29T16:43:42,2
54562617,2026-08-05,2026-08-29T16:44:16,2
54562618,2026-08-05,2026-08-29T16:43:42,2
54562619,2026-08-05,2026-08-29T16:44:16,2
54562645,2026-08-05,2026-08-29T16:48:40,2
54562660,2026-08-05,2026-08-29T16:48:34,2
54562672,2026-08-05,2026-08-29T16:31:44,2
54562674,2026-08-29T16:32:16,2026-08-29T16:32:16,1
54562684,2026-08-05,2026-08-29T16:46:25,2
54562695,2026-08-29T16:54:14,2026-08-29T16:54:14,1
54562696,2026-08-05,2026-08-29T17:05:28,2
54562697,2026-08-29T16:53:31,2026-08-29T16:53:31,1
54562703,2026-08-05,2026-08-29T16:49:08,2
54562709,2026-08-05,2026-08-29T17:01:44,2
54562711,2026-08-29T16:32:16,2026-08-29T16:32:16,1
54562712,2026-08-05,2026-08-29T16:48:40,2
54562725,2026-08-29T16:32:16,2026-08-29T16:32:16,1
54562750,2026-08-05,2026-08-29T17:01:44,2
54562772,2026-08-05,2026-08-29T16:35:51,2
54562782,2026-08-29T16:53:31,2026-08-29T16:53:31,1
54562790,2026-08-05,2026-08-29T16:45:09,2
54562796,2026-08-29T16:51:52,2026-08-29T16:51:52,1
54562798,2026-08-29T16:32:12,2026-08-29T16:32:12,1
54562812,2026-08-29T16:32:12,2026-08-29T16:32:12,1
54562819,2026-08-05,2026-08-29T16:33:30,2
54562827,2026-08-29T16:32:16,2026-08-29T16:32:16,1
54562835,2026-08-29T16:32:19,2026-08-29T16:32:19,1
54562839,2026-08-29T16:51:52,2026-08-29T16:51:52,1
54562846,2026-08-29T16:32:19,2026-08-29T16:32:19,1
54562859,2026-08-29T16:52:48,2026-08-29T16:52:48,1
54562860,2026-08-29T16:53:35,2026-08-29T16:53:35,1
54562887,2026-08-05,2026-08-29T16:31:21,2
54562930,2026-08-05,2026-08-29T16:48:40,2
54562941,2026-08-29T16:52:45,2026-08-29T16:52:45,1
54562955,2026-08-05,2026-08-29T17:06:55,2
54563054,2026-08-05,2026-08-29T17:05:51,2
54563056,2026-08-05,2026-08-29T16:31:44,2
54563061,2026-08-29T16:53:41,2026-08-29T16:53:41,1
54563062,2026-08-29T17:04:34,2026-08-29T17:04:34,1
54563092,2026-08-05,2026-08-29T16:50:24,2
54563110,2026-08-05,2026-08-29T17:08:59,2
54563111,2026-08-05,2026-08-29T16:28:53,2
54563118,2026-08-05,2026-08-29T16:33:36,2
54563166,2026-08-05,2026-08-29T16:48:49,2
54563167,2026-08-05,2026-08-29T17:12:00,2
54563186,2026-08-29T17:02:43,2026-08-29T17:02:43,1
54563230,2026-08-05,2026-08-29T17:05:33,2
54563234,2026-08-29T16:30:26,2026-08-29T16:30:26,1
54563243,2026-08-05,2026-08-29T16:31:57,2
54563297,2026-08-05,2026-08-29T17:06:40,2
54563310,2026-08-05,2026-08-29T16:31:51,2
54563340,2026-08-29T16:57:46,2026-08-29T16:57:46,1
54563348,2026-08-29T16:32:35,2026-08-29T16:32:35,1
54563411,2026-08-29T16:54:08,2026-08-29T16:54:08,1
54563439,2026-08-05,2026-08-29T16:40:43,2
54563451,2026-08-05,2026-08-29T16:40:23,2
54563472,2026-08-05,2026-08-29T16:40:36,2
54563488,2026-08-05,2026-08-29T16:46:29,2
54563498,2026-08-05,2026-08-29T16:40:23,2
54563507,2026-08-05,2026-08-29T17:07:01,2
54563527,2026-08-05,2026-08-29T17:05:28,2
54563528,2026-08-05,2026-08-29T17:05:10,2
54563536,2026-08-05,2026-08-29T16:49:33,2
54563543,2026-08-05,2026-08-29T16:40:23,2
54563580,2026-08-05,2026-08-29T16:39:30,2
54563599,2026-08-29T16:59:49,2026-08-29T16:59:49,1
54563608,2026-08-05,2026-08-29T16:49:51,2
54563610,2026-08-29T16:29:24,2026-08-29T16:29:24,1
54563617,2026-08-05,2026-08-29T16:49:33,2
54563625,2026-08-29T17:02:55,2026-08-29T17:02:55,1
54563628,2026-08-05,2026-08-29T16:40:20,2
54563644,2026-08-05,2026-08-29T17:10:06,2
54563655,2026-08-05,2026-08-29T16:31:41,2
54563657,2026-08-29T17:00:01,2026-08-29T17:00:01,1
54563671,2026-08-29T16:59:02,2026-08-29T16:59:02,1
54563692,2026-08-05,2026-08-29T17:08:53,2
54563694,2026-08-05,2026-08-29T17:08:53,2
54563696,2026-08-05,2026-08-29T17:08:53,2
54563700,2026-08-05,2026-08-29T16:49:14,2
54563725,2026-08-29T16:51:23,2026-08-29T16:51:23,1
54563768,2026-08-05,2026-08-29T17:02:02,2
54563807,2026-08-05,2026-08-29T17:12:15,2
54563862,2026-08-29T16:53:41,2026-08-29T16:53:41,1
54563864,2026-08-05,2026-08-29T16:49:05,2
54563875,2026-08-05,2026-08-29T16:49:33,2
54563889,2026-08-29T16:30:41,2026-08-29T16:30:41,1
54563926,2026-08-05,2026-08-29T16:47:31,2
54563927,2026-08-05,2026-08-29T16:49:05,2
54563946,2026-08-05,2026-08-29T17:12:00,2
54563967,2026-08-05,2026-08-29T16:49:05,2
54563976,2026-08-05,2026-08-29T16:31:38,2
54564013,2026-08-29T16:37:39,2026-08-29T16:37:39,1
54564040,2026-08-05,2026-08-29T16:48:40,2
54564041,2026-08-05,2026-08-29T16:34:44,2
54564064,2026-08-05,2026-08-29T16:33:15,2
54564066,2026-08-05,2026-08-29T17:01:44,2
54564070,2026-08-05,2026-08-29T16:37:36,2
54564108,2026-08-05,2026-08-29T17:01:44,2
54564112,2026-08-05,2026-08-29T16:49:05,2
54564124,2026-08-05,2026-08-29T16:34:44,2
54564127,2026-08-05,2026-08-29T16:49:05,2
54564171,2026-08-05,2026-08-29T16:45:09,2
54564188,2026-08-05,2026-08-29T16:49:05,2
54564191,2026-08-29T16:32:16,2026-08-29T16:32:16,1
54564196,2026-08-05,2026-08-29T17:01:44,2
54564300,2026-08-05,2026-08-29T16:32:00,2
54564305,2026-08-05,2026-08-29T16:47:31,2
54564350,2026-08-05,2026-08-29T16:47:07,2
54564383,2026-08-05,2026-08-29T17:07:17,2
54564406,2026-08-05,2026-08-29T16:32:12,2
54564407,2026-08-05,2026-08-29T16:48:24,2
54564420,2026-08-29T16:35:31,2026-08-29T16:35:31,1
54564425,2026-08-05,2026-08-29T16:49:54,2
54564443,2026-08-05,2026-08-29T16:34:22,2
54564444,2026-08-29T16:42:59,2026-08-29T16:42:59,1
54564453,2026-08-05,2026-08-29T16:37:28,2
54564454,2026-08-29T16:42:59,2026-08-29T16:42:59,1
54564467,2026-08-29T16:42:59,2026-08-29T16:42:59,1
54564468,2026-08-29T16:57:25,2026-08-29T16:57:25,1
54564469,2026-08-29T16:57:28,2026-08-29T16:57:28,1
54564477,2026-08-05,2026-08-29T16:50:18,2
54564485,2026-08-05,2026-08-29T17:01:44,2
54564490,2026-08-29T16:42:59,2026-08-29T16:42:59,1
54564491,2026-08-05,2026-08-29T16:33:12,2
54564539,2026-08-29T16:42:59,2026-08-29T16:42:59,1
54564543,2026-08-29T16:42:53,2026-08-29T16:42:53,1
54564557,2026-08-05,2026-08-29T17:05:48,2
54564575,2026-08-05,2026-08-29T16:29:07,2
54564590,2026-08-29T16:51:13,2026-08-29T16:51:13,1
54564655,2026-08-05,2026-08-29T16:40:02,2
54564656,2026-08-05,2026-08-29T16:47:28,2
54564698,2026-08-05,2026-08-29T16:49:20,2
54564757,2026-08-05,2026-08-29T16:31:51,2
54564876,2026-08-05,2026-08-29T16:30:04,2
54564907,2026-08-05,2026-08-29T16:35:09,2
54564910,2026-08-05,2026-08-29T16:40:32,2
54564931,2026-08-05,2026-08-29T16:33:27,2
54564945,2026-08-05,2026-08-29T16:49:56,2
54564956,2026-08-05,2026-08-29T16:47:07,2
54565033,2026-08-05,2026-08-29T16:47:07,2
54565054,2026-08-05,2026-08-29T17:07:17,2
54565158,2026-08-05,2026-08-29T16:44:29,2
54565232,2026-08-05,2026-08-29T17:07:13,2
54565235,2026-08-29T17:02:49,2026-08-29T17:02:49,1
54565243,2026-08-29T17:03:15,2026-08-29T17:03:15,1
54565268,2026-08-05,2026-08-29T16:33:12,2
54565286,2026-08-05,2026-08-05,1
54565291,2026-08-29T16:55:56,2026-08-29T16:55:56,1
54565300,2026-08-05,2026-08-29T17:06:55,2
54565446,2026-08-05,2026-08-29T16:41:14,2
54565459,2026-08-05,2026-08-29T16:41:06,2
54565461,2026-08-05,2026-08-29T16:34:56,2
54565553,2026-08-05,2026-08-29T17:01:38,2
54565597,2026-08-29T16:29:24,2026-08-29T16:29:24,1
54565609,2026-08-05,2026-08-29T17:08:40,2
54565611,2026-08-05,2026-08-29T17:08:40,2
54565614,2026-08-05,2026-08-29T17:08:40,2
54565615,2026-08-05,2026-08-29T17:08:40,2
54565618,2026-08-05,2026-08-29T17:06:43,2
54565620,2026-08-05,2026-08-29T17:08:40,2
54565621,2026-08-05,2026-08-29T17:08:40,2
54565622,2026-08-05,2026-08-29T17:06:36,2
54565664,2026-08-05,2026-08-29T17:05:39,2
54565735,2026-08-05,2026-08-29T16:30:52,2
54565795,2026-08-05,2026-08-29T16:50:02,2
54565806,2026-08-05,2026-08-29T16:35:59,2
54565811,2026-08-05,2026-08-29T16:50:05,2
54565822,2026-08-05,2026-08-29T16:33:30,2
54565823,2026-08-05,2026-08-29T16:35:59,2
54565831,2026-08-05,2026-08-29T16:31:05,2
54565836,2026-08-05,2026-08-29T16:50:05,2
54565844,2026-08-05,2026-08-29T16:50:21,2
54565850,2026-08-05,2026-08-29T16:32:26,2
54565897,2026-08-05,2026-08-29T16:35:59,2
54565905,2026-08-05,2026-08-29T16:50:05,2
54565907,2026-08-29T16:54:19,2026-08-29T16:54:19,1
54565918,2026-08-05,2026-08-29T16:45:36,2
54565919,2026-08-05,2026-08-29T17:09:09,2
54565928,2026-08-05,2026-08-29T17:05:16,2
54565934,2026-08-29T16:54:22,2026-08-29T16:54:22,1
54565946,2026-08-29T16:54:19,2026-08-29T16:54:19,1
54565957,2026-08-29T16:54:19,2026-08-29T16:54:19,1
54565960,2026-08-05,2026-08-29T16:35:55,2
54565983,2026-08-29T16:54:19,2026-08-29T16:54:19,1
54565988,2026-08-05,2026-08-29T16:42:04,2
54566035,2026-08-05,2026-08-29T16:48:08,2
54566061,2026-08-29T17:04:46,2026-08-29T17:04:46,1
54566075,2026-08-29T16:30:55,2026-08-29T16:30:55,1
54566091,2026-08-29T16:30:55,2026-08-29T16:30:55,1
54566107,2026-08-29T16:34:22,2026-08-29T16:34:22,1
54566182,2026-08-05,2026-08-29T17:06:06,2
54566199,2026-08-05,2026-08-29T17:08:53,2
54566250,2026-08-05,2026-08-29T16:34:02,2
54566251,2026-08-05,2026-08-29T16:46:57,2
54566282,2026-08-05,2026-08-29T17:11:46,2
54566289,2026-08-05,2026-08-29T16:45:12,2
54566485,2026-08-05,2026-08-29T16:32:00,2
54566876,2026-08-05,2026-08-29T17:08:53,2
54566899,2026-08-05,2026-08-29T16:39:42,2
54567037,2026-08-05,2026-08-29T17:06:03,2
54567044,2026-08-05,2026-08-29T16:29:17,2
54567045,2026-08-05,2026-08-29T16:29:17,2
54567046,2026-08-05,2026-08-29T16:29:17,2
54567047,2026-08-05,2026-08-29T16:29:20,2
54567048,2026-08-05,2026-08-29T16:56:32,2
54567049,2026-08-05,2026-08-29T16:28:53,2
54567050,2026-08-05,2026-08-29T16:56:32,2
54567051,2026-08-05,2026-08-29T16:56:32,2
54567052,2026-08-05,2026-08-29T16:29:20,2
54567063,2026-08-05,2026-08-29T16:49:33,2
54567066,2026-08-29T17:04:06,2026-08-29T17:04:06,1
54567109,2026-08-05,2026-08-29T17:12:15,2
54567110,2026-08-05,2026-08-29T17:12:15,2
54567111,2026-08-05,2026-08-29T17:12:15,2
54567112,2026-08-05,2026-08-29T17:12:15,2
54567113,2026-08-05,2026-08-29T17:12:15,2
54567115,2026-08-05,2026-08-29T17:12:15,2
54567117,2026-08-05,2026-08-29T17:12:15,2
54567119,2026-08-05,2026-08-29T17:12:15,2
54567121,2026-08-05,2026-08-29T17:12:15,2
54567122,2026-08-05,2026-08-29T17:12:15,2
54567124,2026-08-05,2026-08-29T17:12:15,2
54567125,2026-08-05,2026-08-29T17:12:15,2
54567126,2026-08-05,2026-08-29T17:06:12,2
54567154,2026-08-29T17:03:51,2026-08-29T17:03:51,1
54567212,2026-08-05,2026-08-29T17:12:15,2
54567213,2026-08-05,2026-08-29T17:12:15,2
54567214,2026-08-05,2026-08-29T17:12:15,2
54567215,2026-08-05,2026-08-29T17:12:15,2
54567216,2026-08-05,2026-08-29T17:12:15,2
54567217,2026-08-05,2026-08-29T17:12:12,2
54567218,2026-08-05,2026-08-29T17:12:15,2
54567219,2026-08-05,2026-08-29T17:12:12,2
54567220,2026-08-05,2026-08-29T17:12:15,2
54567221,2026-08-05,2026-08-29T17:12:15,2
54567222,2026-08-05,2026-08-29T17:12:15,2
54567223,2026-08-05,2026-08-29T17:12:12,2
54567227,2026-08-29T16:58:09,2026-08-29T16:58:09,1
54567232,2026-08-05,2026-08-29T16:34:05,2
54567233,2026-08-05,2026-08-29T16:34:05,2
54567236,2026-08-29T17:02:49,2026-08-29T17:02:49,1
54567237,2026-08-29T17:02:49,2026-08-29T17:02:49,1
54567265,2026-08-05,2026-08-29T17:05:33,2
54567289,2026-08-29T16:55:52,2026-08-29T16:55:52,1
54567290,2026-08-05,2026-08-29T16:37:54,2
54567291,2026-08-05,2026-08-29T16:37:54,2
54567303,2026-08-05,2026-08-29T16:41:52,2
54567304,2026-08-29T17:03:51,2026-08-29T17:03:51,1
54567305,2026-08-29T17:04:16,2026-08-29T17:04:16,1
54567306,2026-08-29T17:04:16,2026-08-29T17:04:16,1
54567307,2026-08-29T17:04:16,2026-08-29T17:04:16,1
54567308,2026-08-29T17:04:16,2026-08-29T17:04:16,1
54567309,2026-08-29T17:04:16,2026-08-29T17:04:16,1
54567313,2026-08-05,2026-08-29T16:34:10,2
54567314,2026-08-05,2026-08-29T17:12:12,2
54567316,2026-08-05,2026-08-29T17:12:12,2
54567317,2026-08-05,2026-08-29T17:12:12,2
54567318,2026-08-05,2026-08-29T17:12:12,2
54567319,2026-08-05,2026-08-29T17:12:12,2
54567321,2026-08-05,2026-08-29T17:12:12,2
54567322,2026-08-05,2026-08-29T17:12:12,2
54567323,2026-08-05,2026-08-29T17:12:12,2
54567324,2026-08-05,2026-08-29T17:12:12,2
54567325,2026-08-05,2026-08-29T17:12:12,2
54567326,2026-08-05,2026-08-29T17:12:12,2
54567327,2026-08-05,2026-08-29T17:12:12,2
54567424,2026-08-29T17:00:26,2026-08-29T17:00:26,1
54567438,2026-08-29T16:34:22,2026-08-29T16:34:22,1
54567454,2026-08-29T16:59:20,2026-08-29T16:59:20,1
54567455,2026-08-29T16:59:20,2026-08-29T16:59:20,1
54567456,2026-08-29T17:00:11,2026-08-29T17:00:11,1
54567457,2026-08-29T17:00:11,2026-08-29T17:00:11,1
54567458,2026-08-29T17:00:11,2026-08-29T17:00:11,1
54567459,2026-08-29T17:00:11,2026-08-29T17:00:11,1
54567460,2026-08-29T17:00:11,2026-08-29T17:00:11,1
54567461,2026-08-29T17:00:11,2026-08-29T17:00:11,1
54567462,2026-08-29T17:02:58,2026-08-29T17:02:58,1
54567463,2026-08-29T17:00:11,2026-08-29T17:00:11,1
54567464,2026-08-29T17:00:11,2026-08-29T17:00:11,1
54567465,2026-08-29T17:00:11,2026-08-29T17:00:11,1
54567466,2026-08-29T16:59:20,2026-08-29T16:59:20,1
54567467,2026-08-29T16:59:20,2026-08-29T16:59:20,1
54567468,2026-08-29T16:59:20,2026-08-29T16:59:20,1
54567469,2026-08-29T16:59:20,2026-08-29T16:59:20,1
54567488,2026-08-29T16:57:18,2026-08-29T16:57:18,1
54567501,2026-08-29T16:59:26,2026-08-29T16:59:26,1
54567509,2026-08-05,2026-08-29T16:50:24,2
54567512,2026-08-05,2026-08-29T16:50:15,2
54567578,2026-08-05,2026-08-29T16:29:52,2
54567643,2026-08-05,2026-08-29T16:35:31,2
54567671,2026-08-05,2026-08-29T17:05:45,2
54567675,2026-08-05,2026-08-29T16:48:11,2
54567680,2026-08-05,2026-08-29T16:44:19,2
54567718,2026-08-29T17:03:24,2026-08-29T17:03:24,1
54567730,2026-08-05,2026-08-29T16:49:17,2
54567734,2026-08-05,2026-08-29T16:35:31,2
54567739,2026-08-29T17:03:24,2026-08-29T17:03:24,1
54567750,2026-08-05,2026-08-29T16:35:16,2
54567761,2026-08-05,2026-08-29T16:48:34,2
54567781,2026-08-29T17:03:24,2026-08-29T17:03:24,1
54567782,2026-08-29T16:57:21,2026-08-29T16:57:21,1
54567783,2026-08-29T16:57:21,2026-08-29T16:57:21,1
54567791,2026-08-29T16:56:26,2026-08-29T16:56:26,1
54567810,2026-08-05,2026-08-29T16:55:15,2
54567911,2026-08-05,2026-08-29T16:32:41,2
54567916,2026-08-05,2026-08-29T16:34:47,2
54567917,2026-08-05,2026-08-29T16:49:02,2
54567937,2026-08-29T16:54:19,2026-08-29T16:54:19,1
54567945,2026-08-29T16:40:02,2026-08-29T16:40:02,1
54567948,2026-08-05,2026-08-05,1
54567963,2026-08-05,2026-08-29T16:35:19,2
54567964,2026-08-29T16:57:03,2026-08-29T16:57:03,1
54567970,2026-08-05,2026-08-29T16:36:07,2
54567971,2026-08-05,2026-08-29T16:43:46,2
54568007,2026-08-29T17:03:21,2026-08-29T17:03:21,1
54568008,2026-08-05,2026-08-29T17:11:42,2
54568010,2026-08-05,2026-08-29T17:10:52,2
54568011,2026-08-05,2026-08-29T17:11:49,2
54568015,2026-08-05,2026-08-29T17:11:49,2
54568021,2026-08-05,2026-08-29T16:48:02,2
54568022,2026-08-05,2026-08-29T17:12:09,2
54568117,2026-08-05,2026-08-29T16:46:45,2
54568176,2026-08-05,2026-08-29T17:12:00,2
54568183,2026-08-05,2026-08-29T16:34:10,2
54568184,2026-08-05,2026-08-29T17:10:47,2
54568186,2026-08-05,2026-08-29T17:10:52,2
54568188,2026-08-05,2026-08-29T17:10:52,2
54568189,2026-08-05,2026-08-29T17:12:12,2
54568196,2026-08-05,2026-08-29T17:10:52,2
54568197,2026-08-05,2026-08-29T17:10:52,2
54568198,2026-08-05,2026-08-29T17:10:52,2
54568199,2026-08-05,2026-08-29T17:10:47,2
54568200,2026-08-05,2026-08-29T17:10:52,2
54568201,2026-08-05,2026-08-29T17:10:47,2
54568212,2026-08-05,2026-08-29T17:12:12,2
54568214,2026-08-05,2026-08-29T17:12:12,2
54568255,2026-08-05,2026-08-29T16:45:55,2
54568256,2026-08-05,2026-08-29T16:52:10,2
54568257,2026-08-05,2026-08-29T16:30:41,2
54568258,2026-08-05,2026-08-29T16:52:10,2
54568259,2026-08-05,2026-08-29T16:38:28,2
54568260,2026-08-05,2026-08-29T16:40:32,2
54568265,2026-08-05,2026-08-29T16:38:28,2
54568267,2026-08-05,2026-08-29T16:45:55,2
54568268,2026-08-05,2026-08-29T16:38:28,2
54568269,2026-08-29T17:03:01,2026-08-29T17:03:01,1
54568270,2026-08-05,2026-08-29T16:30:41,2
54568271,2026-08-05,2026-08-29T16:45:55,2
54568274,2026-08-05,2026-08-29T16:43:46,2
54568282,2026-08-05,2026-08-29T16:29:52,2
54568358,2026-08-05,2026-08-29T16:33:30,2
54568363,2026-08-05,2026-08-29T16:36:18,2
54568371,2026-08-29T16:59:35,2026-08-29T16:59:35,1
54568381,2026-08-05,2026-08-29T16:43:42,2
54568403,2026-08-29T16:45:30,2026-08-29T16:45:30,1
54568429,2026-08-29T16:47:59,2026-08-29T16:47:59,1
54568444,2026-08-05,2026-08-29T16:44:50,2
54568504,2026-08-05,2026-08-29T17:08:31,2
54568524,2026-08-05,2026-08-29T16:38:32,2
54568532,2026-08-05,2026-08-05,1
54568551,2026-08-05,2026-08-29T16:38:32,2
54568587,2026-08-05,2026-08-29T16:40:54,2
54568613,2026-08-05,2026-08-29T16:31:05,2
54568625,2026-08-05,2026-08-29T16:44:47,2
54568682,2026-08-29T16:59:11,2026-08-29T16:59:11,1
54568709,2026-08-05,2026-08-29T16:45:02,2
54568713,2026-08-05,2026-08-29T17:09:34,2
54568722,2026-08-05,2026-08-29T16:50:02,2
54568727,2026-08-05,2026-08-29T17:09:34,2
54568731,2026-08-05,2026-08-29T17:09:34,2
54568785,2026-08-05,2026-08-29T16:46:57,2
54568810,2026-08-05,2026-08-29T16:35:31,2
54568811,2026-08-05,2026-08-29T16:32:06,2
54568813,2026-08-29T16:57:37,2026-08-29T16:57:37,1
54568816,2026-08-05,2026-08-29T16:38:06,2
54568872,2026-08-05,2026-08-29T16:32:59,2
54568920,2026-08-29T17:00:01,2026-08-29T17:00:01,1
54568934,2026-08-05,2026-08-29T16:43:16,2
54568942,2026-08-05,2026-08-29T16:48:59,2
54568945,2026-08-05,2026-08-29T16:44:19,2
54569027,2026-08-05,2026-08-29T16:43:16,2
54569048,2026-08-29T17:03:12,2026-08-29T17:03:12,1
54569051,2026-08-29T17:03:12,2026-08-29T17:03:12,1
54569106,2026-08-05,2026-08-29T16:32:38,2
54569142,2026-08-05,2026-08-29T16:31:44,2
54569161,2026-08-05,2026-08-29T16:38:14,2
54569168,2026-08-05,2026-08-29T16:48:43,2
54569171,2026-08-05,2026-08-29T16:33:43,2
54569172,2026-08-05,2026-08-29T16:39:55,2
54569195,2026-08-29T16:54:58,2026-08-29T16:54:58,1
54569259,2026-08-05,2026-08-29T17:09:02,2
54569278,2026-08-05,2026-08-29T16:35:27,2
54569288,2026-08-05,2026-08-29T16:29:31,2
54569301,2026-08-05,2026-08-29T16:34:53,2
54569302,2026-08-05,2026-08-29T16:28:56,2
54569311,2026-08-05,2026-08-29T17:09:02,2
54569327,2026-08-05,2026-08-29T16:34:53,2
54569341,2026-08-05,2026-08-29T16:34:50,2
54569410,2026-08-05,2026-08-29T16:38:10,2
54569420,2026-08-05,2026-08-29T17:06:24,2
54569423,2026-08-05,2026-08-29T16:49:33,2
54569436,2026-08-05,2026-08-29T16:46:38,2
54569456,2026-08-05,2026-08-29T16:44:37,2
54569457,2026-08-29T16:57:15,2026-08-29T16:57:15,1
54569458,2026-08-29T16:57:15,2026-08-29T16:57:15,1
54569478,2026-08-05,2026-08-29T17:07:56,2
54569489,2026-08-05,2026-08-29T17:10:52,2
54569518,2026-08-05,2026-08-29T16:30:19,2
54569522,2026-08-05,2026-08-29T17:00:56,2
54569540,2026-08-29T16:57:00,2026-08-29T16:57:00,1
54569541,2026-08-29T16:56:55,2026-08-29T16:56:55,1
54569542,2026-08-05,2026-08-29T16:44:32,2
54569543,2026-08-29T16:56:29,2026-08-29T16:56:29,1
54569544,2026-08-05,2026-08-29T16:44:19,2
54569545,2026-08-29T16:56:29,2026-08-29T16:56:29,1
54569546,2026-08-29T16:56:29,2026-08-29T16:56:29,1
54569547,2026-08-29T16:56:29,2026-08-29T16:56:29,1
54569548,2026-08-29T16:57:00,2026-08-29T16:57:00,1
54569549,2026-08-05,2026-08-29T16:44:19,2
54569550,2026-08-29T16:56:29,2026-08-29T16:56:29,1
54569551,2026-08-05,2026-08-29T16:44:32,2
54569553,2026-08-29T16:56:29,2026-08-29T16:56:29,1
54569554,2026-08-29T16:57:03,2026-08-29T16:57:03,1
54569556,2026-08-29T16:57:21,2026-08-29T16:57:21,1
54569557,2026-08-29T16:56:29,2026-08-29T16:56:29,1
54569558,2026-08-29T16:57:15,2026-08-29T16:57:15,1
54569559,2026-08-29T16:57:21,2026-08-29T16:57:21,1
54569562,2026-08-05,2026-08-29T16:47:22,2
54569568,2026-08-05,2026-08-29T16:49:33,2
54569598,2026-08-05,2026-08-29T17:05:33,2
54569623,2026-08-05,2026-08-29T16:43:49,2
54569638,2026-08-05,2026-08-29T16:38:06,2
54569640,2026-08-05,2026-08-29T17:05:39,2
54569650,2026-08-05,2026-08-29T16:49:33,2
54569652,2026-08-05,2026-08-29T17:09:23,2
54569667,2026-08-05,2026-08-29T16:44:13,2
54569669,2026-08-29T16:54:38,2026-08-29T16:54:38,1
54569726,2026-08-05,2026-08-29T16:41:43,2
54569813,2026-08-05,2026-08-29T16:35:31,2
54569828,2026-08-05,2026-08-29T16:50:24,2
54569832,2026-08-05,2026-08-29T16:33:22,2
54569833,2026-08-29T16:52:13,2026-08-29T16:52:13,1
54569842,2026-08-05,2026-08-29T16:48:14,2
54569871,2026-08-29T16:40:40,2026-08-29T16:40:40,1
54569898,2026-08-29T16:40:40,2026-08-29T16:40:40,1
54569900,2026-08-05,2026-08-05,1
54569939,2026-08-05,2026-08-29T16:49:33,2
54569949,2026-08-05,2026-08-29T17:00:56,2
54569972,2026-08-05,2026-08-29T16:49:30,2
54569978,2026-08-05,2026-08-29T16:50:05,2
54569980,2026-08-05,2026-08-29T16:41:06,2
54569990,2026-08-05,2026-08-29T16:41:06,2
54570062,2026-08-05,2026-08-29T16:46:45,2
54570069,2026-08-05,2026-08-29T16:46:34,2
54570078,2026-08-05,2026-08-29T17:09:34,2
54570096,2026-08-05,2026-08-29T16:42:49,2
54570099,2026-08-05,2026-08-29T17:08:31,2
54570108,2026-08-05,2026-08-29T17:07:17,2
54570136,2026-08-29T16:57:06,2026-08-29T16:57:06,1
54570139,2026-08-29T16:54:19,2026-08-29T16:54:19,1
54570148,2026-08-05,2026-08-29T16:38:06,2
54570149,2026-08-29T16:54:19,2026-08-29T16:54:19,1
54570156,2026-08-29T16:54:19,2026-08-29T16:54:19,1
54570159,2026-08-05,2026-08-29T16:41:39,2
54570160,2026-08-05,2026-08-29T16:35:13,2
54570185,2026-08-29T17:02:40,2026-08-29T17:02:40,1
54570200,2026-08-29T16:52:52,2026-08-29T16:52:52,1
54570220,2026-08-05,2026-08-29T16:40:16,2
54570230,2026-08-29T16:48:46,2026-08-29T16:48:46,1
54570261,2026-08-05,2026-08-29T17:01:56,2
54570282,2026-08-05,2026-08-29T16:35:39,2
54570302,2026-08-05,2026-08-29T16:35:03,2
54570312,2026-08-05,2026-08-29T16:47:03,2
54570321,2026-08-05,2026-08-29T16:28:56,2
54570330,2026-08-05,2026-08-29T17:01:56,2
54570358,2026-08-05,2026-08-29T17:01:56,2
54570376,2026-08-29T16:42:29,2026-08-29T16:42:29,1
54570410,2026-08-05,2026-08-29T17:10:39,2
54570473,2026-08-05,2026-08-29T17:01:56,2
54570540,2026-08-05,2026-08-29T16:29:14,2
54570545,2026-08-05,2026-08-29T17:06:06,2
54570568,2026-08-05,2026-08-29T17:01:56,2
54570631,2026-08-05,2026-08-29T17:01:56,2
54570639,2026-08-05,2026-08-29T16:39:22,2
54570651,2026-08-29T16:52:16,2026-08-29T16:52:16,1
54570691,2026-08-05,2026-08-29T16:35:39,2
54570697,2026-08-05,2026-08-29T16:50:21,2
54570716,2026-08-29T16:30:55,2026-08-29T16:30:55,1
54570742,2026-08-05,2026-08-29T16:49:17,2
54570757,2026-08-05,2026-08-29T16:40:40,2
54570856,2026-08-05,2026-08-29T16:50:18,2
54570959,2026-08-05,2026-08-29T17:05:36,2
54571016,2026-08-05,2026-08-29T16:37:24,2
54571036,2026-08-05,2026-08-29T16:41:09,2
54571037,2026-08-05,2026-08-29T16:49:08,2
54571041,2026-08-05,2026-08-29T16:41:09,2
54571049,2026-08-29T17:03:01,2026-08-29T17:03:01,1
54571050,2026-08-29T17:03:01,2026-08-29T17:03:01,1
54571051,2026-08-05,2026-08-29T17:01:08,2
54571054,2026-08-05,2026-08-29T17:01:08,2
54571064,2026-08-05,2026-08-29T16:47:34,2
54571089,2026-08-05,2026-08-29T16:40:28,2
54571090,2026-08-05,2026-08-29T17:01:08,2
54571091,2026-08-05,2026-08-29T16:32:22,2
54571092,2026-08-05,2026-08-29T16:41:09,2
54571093,2026-08-05,2026-08-29T16:41:09,2
54571094,2026-08-05,2026-08-29T16:31:57,2
54571095,2026-08-05,2026-08-29T16:31:57,2
54571120,2026-08-05,2026-08-29T16:48:28,2
54571151,2026-08-05,2026-08-29T16:49:51,2
54571171,2026-08-29T17:04:55,2026-08-29T17:04:55,1
54571199,2026-08-05,2026-08-29T16:41:43,2
54571211,2026-08-05,2026-08-29T16:44:22,2
54571214,2026-08-05,2026-08-29T16:44:22,2
54571224,2026-08-05,2026-08-29T16:33:27,2
54571235,2026-08-05,2026-08-29T16:44:22,2
54571236,2026-08-29T16:59:26,2026-08-29T16:59:26,1
54571260,2026-08-05,2026-08-29T16:44:53,2
54571274,2026-08-05,2026-08-29T16:36:10,2
54571297,2026-08-29T17:02:31,2026-08-29T17:02:31,1
54571316,2026-08-05,2026-08-29T16:49:51,2
54571321,2026-08-29T16:44:44,2026-08-29T16:44:44,1
54571337,2026-08-05,2026-08-29T16:33:15,2
54571338,2026-08-29T17:05:07,2026-08-29T17:05:07,1
54571342,2026-08-05,2026-08-29T16:47:03,2
54571346,2026-08-05,2026-08-29T16:31:17,2
54571349,2026-08-29T17:03:39,2026-08-29T17:03:39,1
54571363,2026-08-05,2026-08-29T16:42:09,2
54571439,2026-08-05,2026-08-29T17:09:48,2
54571467,2026-08-05,2026-08-29T16:31:13,2
54571471,2026-08-29T16:35:55,2026-08-29T16:35:55,1
54571475,2026-08-05,2026-08-05,1
54571489,2026-08-29T16:59:32,2026-08-29T16:59:32,1
54571495,2026-08-29T16:59:32,2026-08-29T16:59:32,1
54571502,2026-08-05,2026-08-29T16:35:13,2
54571511,2026-08-05,2026-08-29T16:34:53,2
54571543,2026-08-05,2026-08-29T16:49:30,2
54571547,2026-08-05,2026-08-29T16:49:56,2
54571580,2026-08-29T17:04:46,2026-08-29T17:04:46,1
54571581,2026-08-29T17:03:45,2026-08-29T17:03:45,1
54571624,2026-08-29T16:48:52,2026-08-29T16:48:52,1
54571625,2026-08-29T16:39:34,2026-08-29T16:39:34,1
54571630,2026-08-05,2026-08-29T16:42:29,2
54571649,2026-08-29T16:58:59,2026-08-29T16:58:59,1
54571650,2026-08-29T17:00:08,2026-08-29T17:00:08,1
54571651,2026-08-29T16:59:52,2026-08-29T16:59:52,1
54571670,2026-08-05,2026-08-29T16:48:43,2
54571690,2026-08-29T17:05:01,2026-08-29T17:05:01,1
54571691,2026-08-29T17:05:01,2026-08-29T17:05:01,1
54571730,2026-08-29T16:57:06,2026-08-29T16:57:06,1
54571840,2026-08-05,2026-08-29T16:45:12,2
54572000,2026-08-05,2026-08-29T16:35:27,2
54572001,2026-08-05,2026-08-29T16:46:57,2
54572066,2026-08-05,2026-08-29T16:35:03,2
54572197,2026-08-05,2026-08-29T16:44:44,2
54572203,2026-08-05,2026-08-29T17:06:15,2
54572205,2026-08-05,2026-08-29T17:06:15,2
54572206,2026-08-05,2026-08-29T17:09:55,2
54572207,2026-08-05,2026-08-29T17:06:15,2
54572208,2026-08-05,2026-08-29T17:06:15,2
54572209,2026-08-05,2026-08-29T17:06:15,2
54572210,2026-08-05,2026-08-29T17:06:15,2
54572211,2026-08-05,2026-08-29T17:06:15,2
54572212,2026-08-05,2026-08-29T17:06:15,2
54572213,2026-08-05,2026-08-29T17:06:15,2
54572214,2026-08-05,2026-08-29T17:06:15,2
54572279,2026-08-05,2026-08-29T16:48:40,2
54572280,2026-08-29T16:53:53,2026-08-29T16:53:53,1
54572282,2026-08-29T16:53:53,2026-08-29T16:53:53,1
54572285,2026-08-29T16:57:21,2026-08-29T16:57:21,1
54572336,2026-08-29T16:53:53,2026-08-29T16:53:53,1
54572352,2026-08-05,2026-08-29T17:07:17,2
54572372,2026-08-29T16:54:11,2026-08-29T16:54:11,1
54572373,2026-08-29T16:44:50,2026-08-29T16:44:50,1
54572374,2026-08-29T16:52:22,2026-08-29T16:52:22,1
54572375,2026-08-29T16:52:22,2026-08-29T16:52:22,1
54572408,2026-08-05,2026-08-29T16:35:27,2
54572422,2026-08-05,2026-08-29T16:42:12,2
54572423,2026-08-05,2026-08-29T16:42:12,2
54572424,2026-08-05,2026-08-29T16:42:12,2
54572425,2026-08-05,2026-08-29T16:42:32,2
54572426,2026-08-05,2026-08-29T16:42:12,2
54572427,2026-08-05,2026-08-29T17:06:15,2
54572428,2026-08-05,2026-08-29T16:42:12,2
54572429,2026-08-05,2026-08-29T16:42:12,2
54572446,2026-08-05,2026-08-29T16:45:52,2
54572539,2026-08-05,2026-08-29T16:48:31,2
54572582,2026-08-05,2026-08-29T16:44:19,2
54572597,2026-08-05,2026-08-29T16:34:44,2
54572598,2026-08-05,2026-08-29T16:55:15,2
54572624,2026-08-05,2026-08-29T16:54:45,2
54572668,2026-08-05,2026-08-29T17:09:20,2
54572710,2026-08-05,2026-08-29T16:35:27,2
54572714,2026-08-05,2026-08-29T17:06:32,2
54572801,2026-08-29T16:29:52,2026-08-29T16:29:52,1
54572830,2026-08-05,2026-08-29T16:35:03,2
54572846,2026-08-05,2026-08-29T17:06:29,2
54572853,2026-08-05,2026-08-29T16:30:26,2
54572867,2026-08-29T16:33:59,2026-08-29T16:33:59,1
54572880,2026-08-05,2026-08-29T16:37:28,2
54572885,2026-08-05,2026-08-29T17:06:29,2
54572902,2026-08-29T16:29:31,2026-08-29T16:29:31,1
54572905,2026-08-05,2026-08-29T16:31:17,2
54572909,2026-08-29T16:51:46,2026-08-29T16:51:46,1
54572938,2026-08-05,2026-08-29T17:06:29,2
54572962,2026-08-05,2026-08-29T16:50:05,2
54572978,2026-08-29T16:39:14,2026-08-29T16:39:14,1
54572990,2026-08-29T16:59:46,2026-08-29T16:59:46,1
54573023,2026-08-29T17:03:04,2026-08-29T17:03:04,1
54573076,2026-08-29T16:59:58,2026-08-29T16:59:58,1
54573084,2026-08-29T16:43:59,2026-08-29T16:43:59,1
54573096,2026-08-29T16:59:46,2026-08-29T16:59:46,1
54573122,2026-08-05,2026-08-05,1
54573138,2026-08-05,2026-08-29T16:49:23,2
54573152,2026-08-05,2026-08-05,1
54573157,2026-08-29T16:54:55,2026-08-29T16:54:55,1
54573163,2026-08-29T16:54:11,2026-08-29T16:54:11,1
54573164,2026-08-29T16:52:16,2026-08-29T16:52:16,1
54573165,2026-08-29T16:52:16,2026-08-29T16:52:16,1
54573169,2026-08-29T16:52:16,2026-08-29T16:52:16,1
54573171,2026-08-29T16:52:16,2026-08-29T16:52:16,1
54573177,2026-08-05,2026-08-29T16:44:08,2
54573179,2026-08-05,2026-08-29T16:40:54,2
54573180,2026-08-05,2026-08-29T16:40:54,2
54573213,2026-08-05,2026-08-29T16:28:49,2
54573214,2026-08-05,2026-08-29T16:28:49,2
54573218,2026-08-05,2026-08-29T16:28:53,2
54573225,2026-08-05,2026-08-29T16:28:56,2
54573248,2026-08-05,2026-08-29T16:29:55,2
54573286,2026-08-05,2026-08-29T16:42:20,2
54573290,2026-08-05,2026-08-29T16:40:32,2
54573367,2026-08-05,2026-08-29T16:47:16,2
54573385,2026-08-05,2026-08-29T16:48:46,2
54573417,2026-08-05,2026-08-29T16:43:20,2
54573428,2026-08-29T16:54:35,2026-08-29T16:54:35,1
54573434,2026-08-05,2026-08-29T16:35:39,2
54573455,2026-08-05,2026-08-29T16:35:51,2
54573459,2026-08-05,2026-08-29T16:40:28,2
54573460,2026-08-29T16:54:35,2026-08-29T16:54:35,1
54573489,2026-08-29T17:06:55,2026-08-29T17:06:55,1
54573554,2026-08-05,2026-08-29T16:31:24,2
54573661,2026-08-05,2026-08-29T17:09:23,2
54573671,2026-08-05,2026-08-29T16:48:20,2
54573678,2026-08-05,2026-08-29T16:32:00,2
54573684,2026-08-29T17:04:55,2026-08-29T17:04:55,1
54573697,2026-08-05,2026-08-29T17:05:33,2
54573699,2026-08-05,2026-08-29T16:59:29,2
54573722,2026-08-05,2026-08-29T16:49:30,2
54573724,2026-08-05,2026-08-29T16:39:30,2
54573748,2026-08-29T17:00:08,2026-08-29T17:00:08,1
54573758,2026-08-05,2026-08-29T17:06:55,2
54573773,2026-08-05,2026-08-29T16:48:46,2
54573802,2026-08-05,2026-08-29T16:33:22,2
54573808,2026-08-29T16:54:48,2026-08-29T16:54:48,1
54573809,2026-08-05,2026-08-29T17:06:32,2
54573812,2026-08-05,2026-08-29T16:49:51,2
54573815,2026-08-05,2026-08-29T16:32:56,2
54573832,2026-08-29T17:04:34,2026-08-29T17:04:34,1
54573838,2026-08-05,2026-08-29T16:38:06,2
54573843,2026-08-05,2026-08-29T16:49:30,2
54573850,2026-08-05,2026-08-29T16:42:59,2
54573894,2026-08-29T16:59:35,2026-08-29T16:59:35,1
54573909,2026-08-29T16:39:34,2026-08-29T16:39:34,1
54573970,2026-08-05,2026-08-29T16:40:58,2
54573988,2026-08-05,2026-08-29T16:33:49,2
54574044,2026-08-05,2026-08-29T16:35:23,2
54574050,2026-08-29T16:42:09,2026-08-29T16:42:09,1
54574052,2026-08-29T16:45:09,2026-08-29T16:45:09,1
54574056,2026-08-05,2026-08-29T16:35:16,2
54574087,2026-08-29T16:59:52,2026-08-29T16:59:52,1
54574089,2026-08-05,2026-08-29T16:33:52,2
54574121,2026-08-05,2026-08-29T16:30:49,2
54574154,2026-08-05,2026-08-29T16:32:03,2
54574240,2026-08-05,2026-08-05,1
54574304,2026-08-05,2026-08-29T16:30:30,2
54574398,2026-08-05,2026-08-29T16:28:42,2
54574426,2026-08-29T17:04:19,2026-08-29T17:04:19,1
54574442,2026-08-05,2026-08-29T16:40:07,2
54574444,2026-08-29T17:04:19,2026-08-29T17:04:19,1
54574453,2026-08-29T17:04:19,2026-08-29T17:04:19,1
54574462,2026-08-05,2026-08-29T16:45:55,2
54574465,2026-08-05,2026-08-29T17:00:56,2
54574469,2026-08-29T17:04:19,2026-08-29T17:04:19,1
54574479,2026-08-05,2026-08-29T16:46:19,2
54574483,2026-08-29T17:04:19,2026-08-29T17:04:19,1
54574551,2026-08-05,2026-08-29T16:31:30,2
54574555,2026-08-05,2026-08-29T16:48:46,2
54574585,2026-08-05,2026-08-29T16:43:39,2
54574606,2026-08-29T16:59:35,2026-08-29T16:59:35,1
54574610,2026-08-05,2026-08-29T16:37:28,2
54574623,2026-08-05,2026-08-29T16:41:02,2
54574624,2026-08-05,2026-08-29T16:41:06,2
54574625,2026-08-05,2026-08-29T16:41:02,2
54574631,2026-08-29T16:58:30,2026-08-29T16:58:30,1
54574644,2026-08-05,2026-08-29T16:34:19,2
54574687,2026-08-05,2026-08-29T17:12:00,2
54574802,2026-08-29T16:52:58,2026-08-29T16:52:58,1
54574805,2026-08-29T16:53:38,2026-08-29T16:53:38,1
54574809,2026-08-29T16:53:38,2026-08-29T16:53:38,1
54574814,2026-08-05,2026-08-29T16:35:23,2
54574818,2026-08-29T16:53:38,2026-08-29T16:53:38,1
54574883,2026-08-29T16:42:53,2026-08-29T16:42:53,1
54574888,2026-08-05,2026-08-29T16:40:58,2
54574894,2026-08-05,2026-08-29T16:43:04,2
54574900,2026-08-05,2026-08-29T16:41:02,2
54574901,2026-08-05,2026-08-29T16:42:56,2
54574915,2026-08-05,2026-08-29T16:47:13,2
54574919,2026-08-05,2026-08-29T16:41:02,2
54574932,2026-08-29T16:53:38,2026-08-29T16:53:38,1
54574950,2026-08-05,2026-08-29T16:43:04,2
54574954,2026-08-05,2026-08-29T16:40:02,2
54574958,2026-08-05,2026-08-29T16:41:02,2
54574965,2026-08-05,2026-08-29T16:43:07,2
54575001,2026-08-05,2026-08-29T16:31:05,2
54575006,2026-08-05,2026-08-29T16:55:43,2
54575036,2026-08-05,2026-08-29T16:34:56,2
54575045,2026-08-05,2026-08-29T16:50:18,2
54575069,2026-08-05,2026-08-29T16:41:02,2
54575076,2026-08-05,2026-08-29T16:46:34,2
54575077,2026-08-05,2026-08-29T16:35:23,2
54575111,2026-08-05,2026-08-29T17:01:14,2
54575114,2026-08-05,2026-08-29T16:45:55,2
54575162,2026-08-05,2026-08-29T17:01:14,2
54575179,2026-08-29T17:01:29,2026-08-29T17:01:29,1
54575248,2026-08-05,2026-08-29T16:40:48,2
54575277,2026-08-29T17:04:00,2026-08-29T17:04:00,1
54575307,2026-08-05,2026-08-29T16:45:30,2
54575314,2026-08-29T16:45:22,2026-08-29T16:45:22,1
54575316,2026-08-05,2026-08-29T16:35:27,2
54575347,2026-08-05,2026-08-29T17:09:44,2
54575359,2026-08-05,2026-08-05,1
54575364,2026-08-05,2026-08-29T16:48:02,2
54575386,2026-08-05,2026-08-29T16:40:48,2
54575409,2026-08-05,2026-08-29T17:08:56,2
54575438,2026-08-05,2026-08-29T16:40:54,2
54575445,2026-08-05,2026-08-05,1
54575447,2026-08-05,2026-08-29T16:42:01,2
54575449,2026-08-05,2026-08-29T16:35:47,2
54575510,2026-08-29T16:56:02,2026-08-29T16:56:02,1
54575513,2026-08-05,2026-08-05,1
54575540,2026-08-29T16:31:54,2026-08-29T16:31:54,1
54575556,2026-08-05,2026-08-29T16:48:08,2
54575565,2026-08-05,2026-08-29T17:09:30,2
54575570,2026-08-05,2026-08-29T16:47:59,2
54575573,2026-08-29T17:02:49,2026-08-29T17:02:49,1
54575603,2026-08-29T16:41:09,2026-08-29T16:41:09,1
54575607,2026-08-05,2026-08-29T16:34:47,2
54575625,2026-08-05,2026-08-29T16:36:10,2
54575629,2026-08-05,2026-08-29T16:36:10,2
54575632,2026-08-05,2026-08-29T16:49:30,2
54575633,2026-08-05,2026-08-29T16:36:10,2
54575638,2026-08-05,2026-08-29T16:36:10,2
54575641,2026-08-29T17:02:43,2026-08-29T17:02:43,1
54575643,2026-08-29T16:56:55,2026-08-29T16:56:55,1
54575655,2026-08-05,2026-08-29T16:31:27,2
54575656,2026-08-05,2026-08-29T16:29:39,2
54575670,2026-08-05,2026-08-29T16:48:40,2
54575685,2026-08-05,2026-08-29T16:42:56,2
54575691,2026-08-05,2026-08-29T16:48:40,2
54575694,2026-08-05,2026-08-29T17:12:00,2
54575702,2026-08-05,2026-08-29T16:42:04,2
54575714,2026-08-05,2026-08-29T16:42:56,2
54575717,2026-08-05,2026-08-29T16:49:30,2
54575722,2026-08-05,2026-08-29T16:48:46,2
54575724,2026-08-05,2026-08-29T16:48:43,2
54575748,2026-08-05,2026-08-29T16:42:56,2
54575772,2026-08-05,2026-08-29T17:01:08,2
54575803,2026-08-05,2026-08-29T16:48:31,2
54575807,2026-08-05,2026-08-29T16:34:26,2
54575828,2026-08-29T16:53:15,2026-08-29T16:53:15,1
54575832,2026-08-05,2026-08-29T16:42:59,2
54575883,2026-08-05,2026-08-29T16:41:35,2
54575952,2026-08-05,2026-08-29T16:41:39,2
54575957,2026-08-05,2026-08-29T16:49:17,2
54576104,2026-08-05,2026-08-29T17:10:15,2
54576105,2026-08-05,2026-08-29T17:10:15,2
54576106,2026-08-05,2026-08-29T17:10:15,2
54576304,2026-08-05,2026-08-29T17:05:28,2
54576317,2026-08-29T16:52:31,2026-08-29T16:52:31,1
54576320,2026-08-05,2026-08-29T16:32:19,2
54576334,2026-08-05,2026-08-29T16:49:56,2
54576346,2026-08-29T16:56:52,2026-08-29T16:56:52,1
54576358,2026-08-29T16:57:09,2026-08-29T16:57:09,1
54576362,2026-08-05,2026-08-29T16:32:19,2
54576363,2026-08-05,2026-08-29T16:50:02,2
54576377,2026-08-05,2026-08-29T16:41:27,2
54576381,2026-08-05,2026-08-29T16:43:20,2
54576382,2026-08-05,2026-08-29T16:41:27,2
54576418,2026-08-05,2026-08-29T16:49:30,2
54576448,2026-08-05,2026-08-29T16:46:31,2
54576472,2026-08-05,2026-08-29T16:49:17,2
54576482,2026-08-05,2026-08-29T16:46:19,2
54576532,2026-08-05,2026-08-29T16:48:56,2
54576535,2026-08-05,2026-08-29T16:49:05,2
54576548,2026-08-29T17:02:43,2026-08-29T17:02:43,1
54576572,2026-08-05,2026-08-29T16:33:36,2
54576673,2026-08-29T16:58:21,2026-08-29T16:58:21,1
54576767,2026-08-05,2026-08-29T16:49:56,2
54576774,2026-08-29T17:04:00,2026-08-29T17:04:00,1
54576788,2026-08-05,2026-08-29T16:41:57,2
54576789,2026-08-05,2026-08-29T16:42:01,2
54576790,2026-08-29T16:54:25,2026-08-29T16:54:25,1
54576791,2026-08-29T16:54:25,2026-08-29T16:54:25,1
54576856,2026-08-29T17:04:52,2026-08-29T17:04:52,1
54576857,2026-08-29T16:57:06,2026-08-29T16:57:06,1
54576858,2026-08-29T16:56:23,2026-08-29T16:56:23,1
54576862,2026-08-29T17:04:22,2026-08-29T17:04:22,1
54576863,2026-08-29T16:56:23,2026-08-29T16:56:23,1
54576877,2026-08-29T17:04:19,2026-08-29T17:04:19,1
54576881,2026-08-29T17:04:19,2026-08-29T17:04:19,1
54576883,2026-08-05,2026-08-29T16:39:58,2
54576888,2026-08-05,2026-08-29T16:47:19,2
54576937,2026-08-05,2026-08-29T16:33:52,2
54576965,2026-08-05,2026-08-29T16:32:38,2
54576966,2026-08-05,2026-08-29T16:33:27,2
54576978,2026-08-05,2026-08-29T16:47:46,2
54577023,2026-08-05,2026-08-29T16:47:19,2
54577026,2026-08-05,2026-08-29T17:05:16,2
54577119,2026-08-05,2026-08-29T17:05:10,2
54577139,2026-08-05,2026-08-29T17:11:49,2
54577240,2026-08-05,2026-08-29T16:47:46,2
54577263,2026-08-05,2026-08-29T16:44:13,2
54577279,2026-08-05,2026-08-29T16:44:13,2
54577288,2026-08-05,2026-08-29T16:42:42,2
54577299,2026-08-05,2026-08-29T17:05:19,2
54577336,2026-08-05,2026-08-29T17:05:51,2
54577337,2026-08-05,2026-08-29T16:35:27,2
54577345,2026-08-05,2026-08-29T16:32:32,2
54577353,2026-08-05,2026-08-29T17:05:51,2
54577374,2026-08-29T16:53:25,2026-08-29T16:53:25,1
54577375,2026-08-05,2026-08-29T16:35:47,2
54577377,2026-08-05,2026-08-29T17:05:51,2
54577387,2026-08-05,2026-08-29T16:35:27,2
54577392,2026-08-05,2026-08-29T16:47:46,2
54577439,2026-08-05,2026-08-29T17:05:51,2
54577444,2026-08-05,2026-08-29T16:48:37,2
54577477,2026-08-05,2026-08-29T17:07:10,2
54577500,2026-08-05,2026-08-29T16:29:04,2
54577501,2026-08-05,2026-08-29T16:29:04,2
54577523,2026-08-29T16:53:25,2026-08-29T16:53:25,1
54577528,2026-08-05,2026-08-29T16:51:52,2
54577536,2026-08-29T16:54:08,2026-08-29T16:54:08,1
54577553,2026-08-05,2026-08-29T16:40:02,2
54577556,2026-08-29T16:51:58,2026-08-29T16:51:58,1
54577639,2026-08-05,2026-08-29T16:51:52,2
54577694,2026-08-05,2026-08-29T16:51:52,2
54577697,2026-08-29T16:56:49,2026-08-29T16:56:49,1
54577701,2026-08-05,2026-08-29T16:28:49,2
54577702,2026-08-29T16:59:29,2026-08-29T16:59:29,1
54577704,2026-08-29T16:29:07,2026-08-29T16:29:07,1
54577705,2026-08-05,2026-08-29T16:28:49,2
54577708,2026-08-29T16:29:11,2026-08-29T16:29:11,1
54577709,2026-08-29T16:29:11,2026-08-29T16:29:11,1
54577710,2026-08-29T16:29:11,2026-08-29T16:29:11,1
54577711,2026-08-05,2026-08-29T17:08:09,2
54577712,2026-08-05,2026-08-29T17:05:19,2
54577758,2026-08-05,2026-08-29T16:41:27,2
54577786,2026-08-05,2026-08-29T17:07:32,2
54577810,2026-08-05,2026-08-05,1
54577816,2026-08-29T16:51:58,2026-08-29T16:51:58,1
54577832,2026-08-05,2026-08-29T16:35:47,2
54577840,2026-08-05,2026-08-29T17:09:20,2
54577841,2026-08-29T16:51:58,2026-08-29T16:51:58,1
54577846,2026-08-05,2026-08-05,1
54577850,2026-08-05,2026-08-05,1
54577873,2026-08-05,2026-08-29T16:35:27,2
54577886,2026-08-05,2026-08-05,1
54577941,2026-08-05,2026-08-05,1
54577942,2026-08-05,2026-08-05,1
54577943,2026-08-05,2026-08-05,1
54577987,2026-08-05,2026-08-29T16:34:10,2
54578098,2026-08-05,2026-08-29T16:43:33,2
54578114,2026-08-05,2026-08-29T16:28:45,2
54578115,2026-08-05,2026-08-05,1
54578151,2026-08-05,2026-08-29T17:02:28,2
54578152,2026-08-05,2026-08-29T17:02:28,2
54578153,2026-08-05,2026-08-29T16:41:39,2
54578154,2026-08-29T17:03:06,2026-08-29T17:03:06,1
54578155,2026-08-05,2026-08-29T17:00:53,2
54578156,2026-08-05,2026-08-29T16:47:34,2
54578157,2026-08-05,2026-08-29T17:02:28,2
54578158,2026-08-29T16:53:50,2026-08-29T16:53:50,1
54578161,2026-08-29T16:53:50,2026-08-29T16:53:50,1
54578163,2026-08-29T17:03:06,2026-08-29T17:03:06,1
54578164,2026-08-05,2026-08-29T16:41:27,2
54578166,2026-08-05,2026-08-29T16:41:39,2
54578171,2026-08-05,2026-08-29T16:40:07,2
54578190,2026-08-05,2026-08-29T16:58:30,2
54578191,2026-08-05,2026-08-29T16:44:56,2
54578215,2026-08-05,2026-08-29T17:06:21,2
54578250,2026-08-05,2026-08-29T17:09:51,2
54578306,2026-08-29T16:54:22,2026-08-29T16:54:22,1
54578329,2026-08-05,2026-08-29T17:05:30,2
54578331,2026-08-05,2026-08-29T17:05:30,2
54578332,2026-08-05,2026-08-29T17:05:30,2
54578356,2026-08-05,2026-08-29T16:32:00,2
54578357,2026-08-05,2026-08-29T16:37:24,2
54578418,2026-08-05,2026-08-29T17:01:38,2
54578504,2026-08-05,2026-08-29T16:35:27,2
54578511,2026-08-05,2026-08-29T17:10:47,2
54578527,2026-08-05,2026-08-29T17:05:13,2
54578626,2026-08-05,2026-08-29T16:32:22,2
54578628,2026-08-05,2026-08-29T17:07:01,2
54578677,2026-08-05,2026-08-29T16:31:51,2
54578741,2026-08-29T16:55:52,2026-08-29T16:55:52,1
54578760,2026-08-29T16:55:52,2026-08-29T16:55:52,1
54578795,2026-08-05,2026-08-29T16:44:08,2
54578802,2026-08-29T16:57:03,2026-08-29T16:57:03,1
54578810,2026-08-29T17:03:01,2026-08-29T17:03:01,1
54578815,2026-08-05,2026-08-29T17:06:12,2
54578823,2026-08-29T16:58:30,2026-08-29T16:58:30,1
54578827,2026-08-29T16:55:52,2026-08-29T16:55:52,1
54578846,2026-08-05,2026-08-29T16:33:49,2
54578874,2026-08-05,2026-08-29T16:40:23,2
54578875,2026-08-05,2026-08-29T17:06:46,2
54578920,2026-08-05,2026-08-29T16:45:28,2
54578944,2026-08-05,2026-08-29T16:45:55,2
54578960,2026-08-05,2026-08-29T16:43:04,2
54578993,2026-08-05,2026-08-29T16:43:26,2
54578995,2026-08-29T17:00:01,2026-08-29T17:00:01,1
54579009,2026-08-05,2026-08-29T16:41:02,2
54579013,2026-08-05,2026-08-29T17:01:44,2
54579023,2026-08-29T17:00:04,2026-08-29T17:00:04,1
54579024,2026-08-05,2026-08-29T16:32:06,2
54579043,2026-08-05,2026-08-29T16:47:03,2
54579151,2026-08-05,2026-08-29T16:44:47,2
54579162,2026-08-05,2026-08-29T16:50:08,2
54579164,2026-08-05,2026-08-29T16:47:22,2
54579214,2026-08-05,2026-08-29T16:31:00,2
54579245,2026-08-29T16:52:45,2026-08-29T16:52:45,1
54579247,2026-08-05,2026-08-29T16:35:23,2
54579268,2026-08-29T16:53:02,2026-08-29T16:53:02,1
54579270,2026-08-05,2026-08-29T16:32:22,2
54579312,2026-08-29T17:04:25,2026-08-29T17:04:25,1
54579320,2026-08-05,2026-08-29T17:07:17,2
54579323,2026-08-05,2026-08-29T17:00:56,2
54579338,2026-08-05,2026-08-29T17:05:19,2
54579343,2026-08-05,2026-08-29T16:49:56,2
54579380,2026-08-05,2026-08-29T17:09:44,2
54579392,2026-08-05,2026-08-29T16:43:04,2
54579434,2026-08-05,2026-08-29T17:10:47,2
54579457,2026-08-05,2026-08-29T16:42:59,2
54579459,2026-08-05,2026-08-29T17:08:06,2
54579468,2026-08-05,2026-08-29T17:08:24,2
54579473,2026-08-05,2026-08-29T17:06:00,2
54579477,2026-08-05,2026-08-29T17:06:00,2
54579480,2026-08-05,2026-08-29T17:06:00,2
54579486,2026-08-29T16:57:25,2026-08-29T16:57:25,1
54579489,2026-08-05,2026-08-29T17:06:00,2
54579492,2026-08-05,2026-08-29T16:42:59,2
54579496,2026-08-05,2026-08-29T17:06:03,2
54579497,2026-08-05,2026-08-29T16:44:02,2
54579502,2026-08-05,2026-08-29T17:06:03,2
54579504,2026-08-05,2026-08-29T16:41:27,2
54579509,2026-08-05,2026-08-29T16:41:27,2
54579558,2026-08-05,2026-08-29T16:41:30,2
54579568,2026-08-05,2026-08-29T16:44:19,2
54579605,2026-08-05,2026-08-29T16:29:07,2
54579621,2026-08-05,2026-08-29T16:42:59,2
54579646,2026-08-29T16:54:22,2026-08-29T16:54:22,1
54579647,2026-08-05,2026-08-29T16:41:48,2
54579648,2026-08-05,2026-08-29T16:36:18,2
54579725,2026-08-29T17:04:40,2026-08-29T17:04:40,1
54579745,2026-08-05,2026-08-29T16:35:23,2
54579748,2026-08-05,2026-08-29T16:29:35,2
54579759,2026-08-29T16:42:56,2026-08-29T16:42:56,1
54579765,2026-08-29T16:42:56,2026-08-29T16:42:56,1
54579770,2026-08-05,2026-08-29T16:42:59,2
54579771,2026-08-29T16:42:56,2026-08-29T16:42:56,1
54579788,2026-08-05,2026-08-29T17:05:48,2
54579796,2026-08-05,2026-08-29T16:41:09,2
54579798,2026-08-05,2026-08-29T16:42:59,2
54579803,2026-08-05,2026-08-29T16:45:49,2
54579834,2026-08-29T16:59:14,2026-08-29T16:59:14,1
54579837,2026-08-05,2026-08-29T17:01:41,2
54579852,2026-08-05,2026-08-29T16:28:53,2
54579893,2026-08-05,2026-08-29T16:50:18,2
54579925,2026-08-05,2026-08-29T16:45:22,2
54579934,2026-08-05,2026-08-29T16:33:49,2
54579938,2026-08-05,2026-08-29T17:02:13,2
54579967,2026-08-05,2026-08-29T16:45:55,2
54580029,2026-08-05,2026-08-29T17:07:01,2
54580059,2026-08-05,2026-08-29T17:05:13,2
54580061,2026-08-05,2026-08-29T16:50:21,2
54580066,2026-08-29T17:05:01,2026-08-29T17:05:01,1
54580074,2026-08-29T17:05:01,2026-08-29T17:05:01,1
54580089,2026-08-05,2026-08-29T16:44:59,2
54580136,2026-08-05,2026-08-29T16:46:10,2
54580144,2026-08-05,2026-08-29T17:02:25,2
54580170,2026-08-05,2026-08-29T17:07:46,2
54580202,2026-08-05,2026-08-29T17:09:41,2
54580302,2026-08-05,2026-08-29T17:06:36,2
54580386,2026-08-05,2026-08-29T16:39:14,2
54580451,2026-08-05,2026-08-29T16:46:13,2
54580469,2026-08-05,2026-08-29T16:40:36,2
54580503,2026-08-05,2026-08-29T16:50:05,2
54580539,2026-08-05,2026-08-29T16:33:59,2
54580548,2026-08-05,2026-08-29T16:33:12,2
54580593,2026-08-05,2026-08-29T17:06:18,2
54580595,2026-08-05,2026-08-29T16:43:33,2
54580674,2026-08-05,2026-08-29T17:01:11,2
54580707,2026-08-29T16:59:32,2026-08-29T16:59:32,1
54580718,2026-08-05,2026-08-29T16:35:03,2
54580727,2026-08-05,2026-08-29T16:33:27,2
54580853,2026-08-05,2026-08-29T16:45:28,2
54580915,2026-08-29T17:04:46,2026-08-29T17:04:46,1
54580916,2026-08-05,2026-08-29T16:29:11,2
54580918,2026-08-05,2026-08-29T17:11:39,2
54580941,2026-08-29T16:54:05,2026-08-29T16:54:05,1
54580942,2026-08-29T16:54:05,2026-08-29T16:54:05,1
54580943,2026-08-29T16:54:05,2026-08-29T16:54:05,1
54580944,2026-08-29T16:54:05,2026-08-29T16:54:05,1
54580945,2026-08-29T16:54:05,2026-08-29T16:54:05,1
54580946,2026-08-29T16:54:05,2026-08-29T16:54:05,1
54580947,2026-08-29T16:54:05,2026-08-29T16:54:05,1
54580948,2026-08-29T16:54:05,2026-08-29T16:54:05,1
54580949,2026-08-29T16:54:05,2026-08-29T16:54:05,1
54580950,2026-08-29T16:54:05,2026-08-29T16:54:05,1
54580951,2026-08-29T16:54:05,2026-08-29T16:54:05,1
54580952,2026-08-29T16:54:05,2026-08-29T16:54:05,1
54580953,2026-08-29T16:54:05,2026-08-29T16:54:05,1
54580954,2026-08-29T16:54:05,2026-08-29T16:54:05,1
54580955,2026-08-29T16:54:05,2026-08-29T16:54:05,1
54580956,2026-08-29T16:54:05,2026-08-29T16:54:05,1
54580957,2026-08-29T16:54:05,2026-08-29T16:54:05,1
54580958,2026-08-29T16:54:05,2026-08-29T16:54:05,1
54580965,2026-08-05,2026-08-29T16:45:12,2
54580975,2026-08-05,2026-08-29T16:29:20,2
54580976,2026-08-05,2026-08-29T16:29:24,2
54580980,2026-08-05,2026-08-29T16:34:47,2
54580981,2026-08-05,2026-08-29T16:34:50,2
54580983,2026-08-05,2026-08-29T16:42:09,2
54581014,2026-08-05,2026-08-29T16:36:07,2
54581018,2026-08-05,2026-08-29T16:45:15,2
54581024,2026-08-05,2026-08-29T16:37:02,2
54581030,2026-08-05,2026-08-29T16:49:59,2
54581036,2026-08-05,2026-08-29T16:33:27,2
54581094,2026-08-05,2026-08-29T16:31:44,2
54581125,2026-08-05,2026-08-29T16:47:34,2
54581133,2026-08-05,2026-08-29T16:47:31,2
54581141,2026-08-05,2026-08-29T16:46:38,2
54581196,2026-08-29T16:53:41,2026-08-29T16:53:41,1
54581217,2026-08-05,2026-08-29T16:49:23,2
54581223,2026-08-05,2026-08-29T16:39:58,2
54581246,2026-08-05,2026-08-29T16:40:58,2
54581252,2026-08-05,2026-08-29T16:40:58,2
54581258,2026-08-29T16:53:38,2026-08-29T16:53:38,1
54581262,2026-08-05,2026-08-29T16:39:34,2
54581270,2026-08-05,2026-08-29T16:31:41,2
54581274,2026-08-29T16:53:38,2026-08-29T16:53:38,1
54581297,2026-08-29T16:36:10,2026-08-29T16:36:10,1
54581304,2026-08-05,2026-08-29T16:44:59,2
54581442,2026-08-05,2026-08-29T16:45:15,2
54581459,2026-08-05,2026-08-29T16:37:28,2
54581666,2026-08-05,2026-08-29T17:10:24,2
54581721,2026-08-05,2026-08-29T16:32:32,2
54581749,2026-08-05,2026-08-29T16:46:25,2
54581776,2026-08-05,2026-08-29T17:10:24,2
54581799,2026-08-05,2026-08-29T16:45:55,2
54581972,2026-08-29T17:04:49,2026-08-29T17:04:49,1
54581974,2026-08-05,2026-08-29T16:32:19,2
54581980,2026-08-05,2026-08-29T16:42:16,2
54581981,2026-08-05,2026-08-29T16:29:17,2
54582002,2026-08-05,2026-08-29T16:32:06,2
54582028,2026-08-29T16:54:45,2026-08-29T16:54:45,1
54582036,2026-08-05,2026-08-29T16:43:33,2
54582050,2026-08-05,2026-08-29T16:37:02,2
54582109,2026-08-29T17:02:49,2026-08-29T17:02:49,1
54582114,2026-08-05,2026-08-29T16:33:36,2
54582122,2026-08-05,2026-08-29T16:40:32,2
54582133,2026-08-05,2026-08-05,1
54582155,2026-08-05,2026-08-29T16:45:42,2
54582157,2026-08-29T16:54:02,2026-08-29T16:54:02,1
54582171,2026-08-29T16:54:25,2026-08-29T16:54:25,1
54582175,2026-08-29T16:54:25,2026-08-29T16:54:25,1
54582180,2026-08-05,2026-08-29T16:38:06,2
54582184,2026-08-29T16:54:25,2026-08-29T16:54:25,1
54582188,2026-08-05,2026-08-29T16:36:28,2
54582193,2026-08-05,2026-08-29T16:36:28,2
54582199,2026-08-05,2026-08-29T16:36:28,2
54582203,2026-08-29T16:54:25,2026-08-29T16:54:25,1
54582205,2026-08-05,2026-08-29T16:38:10,2
54582208,2026-08-29T16:54:25,2026-08-29T16:54:25,1
54582211,2026-08-29T16:54:25,2026-08-29T16:54:25,1
54582213,2026-08-29T16:54:02,2026-08-29T16:54:02,1
54582217,2026-08-29T16:54:25,2026-08-29T16:54:25,1
54582221,2026-08-29T16:54:25,2026-08-29T16:54:25,1
54582257,2026-08-29T16:54:02,2026-08-29T16:54:02,1
54582266,2026-08-05,2026-08-29T17:06:43,2
54582278,2026-08-29T16:52:29,2026-08-29T16:52:29,1
54582447,2026-08-29T16:54:02,2026-08-29T16:54:02,1
54582452,2026-08-29T16:35:39,2026-08-29T16:35:39,1
54582477,2026-08-05,2026-08-29T16:41:27,2
54582487,2026-08-05,2026-08-29T16:45:15,2
54582495,2026-08-05,2026-08-29T16:47:22,2
54582510,2026-08-05,2026-08-29T16:41:22,2
54582576,2026-08-29T16:33:08,2026-08-29T16:33:08,1
54582582,2026-08-05,2026-08-29T16:29:43,2
54582584,2026-08-05,2026-08-29T16:47:22,2
54582618,2026-08-29T17:03:04,2026-08-29T17:03:04,1
54582684,2026-08-05,2026-08-29T16:45:15,2
54582720,2026-08-05,2026-08-29T16:29:59,2
54582744,2026-08-29T17:02:58,2026-08-29T17:02:58,1
54582746,2026-08-05,2026-08-29T16:45:30,2
54582747,2026-08-05,2026-08-29T16:39:22,2
54582753,2026-08-05,2026-08-29T16:49:23,2
54582755,2026-08-05,2026-08-29T16:33:08,2
54582760,2026-08-05,2026-08-29T16:47:07,2
54582772,2026-08-05,2026-08-29T17:05:22,2
54582789,2026-08-05,2026-08-29T17:06:06,2
54582791,2026-08-05,2026-08-29T16:45:30,2
54582793,2026-08-05,2026-08-29T16:47:41,2
54582814,2026-08-05,2026-08-29T16:34:10,2
54582823,2026-08-05,2026-08-29T16:45:28,2
54582832,2026-08-05,2026-08-29T17:02:02,2
54582834,2026-08-29T17:02:43,2026-08-29T17:02:43,1
54582843,2026-08-29T16:51:29,2026-08-29T16:51:29,1
54582847,2026-08-05,2026-08-29T16:56:36,2
54582849,2026-08-05,2026-08-29T16:32:47,2
54582858,2026-08-05,2026-08-29T16:40:02,2
54582878,2026-08-05,2026-08-29T17:07:13,2
54582885,2026-08-05,2026-08-29T17:06:03,2
54582890,2026-08-05,2026-08-29T16:46:07,2
54582901,2026-08-05,2026-08-29T16:35:19,2
54582931,2026-08-05,2026-08-29T16:45:28,2
54582978,2026-08-05,2026-08-29T16:45:05,2
54582980,2026-08-29T16:29:31,2026-08-29T16:29:31,1
54582996,2026-08-05,2026-08-29T17:12:00,2
54583015,2026-08-05,2026-08-29T16:41:30,2
54583017,2026-08-05,2026-08-29T16:40:48,2
54583048,2026-08-05,2026-08-29T16:41:30,2
54583080,2026-08-05,2026-08-29T16:41:39,2
54583083,2026-08-05,2026-08-29T16:45:25,2
54583091,2026-08-05,2026-08-29T16:49:20,2
54583112,2026-08-29T16:54:02,2026-08-29T16:54:02,1
54583117,2026-08-05,2026-08-29T17:01:50,2
54583123,2026-08-05,2026-08-29T16:45:05,2
54583125,2026-08-29T17:04:58,2026-08-29T17:04:58,1
54583126,2026-08-29T17:03:21,2026-08-29T17:03:21,1
54583140,2026-08-05,2026-08-29T16:34:33,2
54583146,2026-08-29T16:53:59,2026-08-29T16:53:59,1
54583186,2026-08-05,2026-08-29T16:44:37,2
54583229,2026-08-05,2026-08-29T16:45:33,2
54583234,2026-08-05,2026-08-05,1
54583251,2026-08-05,2026-08-29T16:35:39,2
54583307,2026-08-05,2026-08-29T16:34:05,2
54583347,2026-08-05,2026-08-29T16:45:15,2
54583389,2026-08-05,2026-08-05,1
54583399,2026-08-05,2026-08-29T17:01:50,2
54583421,2026-08-05,2026-08-29T17:01:50,2
54583430,2026-08-05,2026-08-29T16:35:19,2
54583445,2026-08-05,2026-08-29T16:46:07,2
54583446,2026-08-05,2026-08-29T16:35:13,2
54583491,2026-08-05,2026-08-29T17:01:53,2
54583523,2026-08-29T16:52:31,2026-08-29T16:52:31,1
54583545,2026-08-05,2026-08-29T16:47:16,2
54583549,2026-08-05,2026-08-29T16:41:43,2
54583553,2026-08-05,2026-08-29T17:01:53,2
54583564,2026-08-29T16:53:59,2026-08-29T16:53:59,1
54583565,2026-08-29T16:59:43,2026-08-29T16:59:43,1
54583572,2026-08-05,2026-08-29T17:01:53,2
54583575,2026-08-29T16:53:59,2026-08-29T16:53:59,1
54583579,2026-08-05,2026-08-29T16:36:03,2
54583589,2026-08-05,2026-08-29T17:01:53,2
54583627,2026-08-05,2026-08-29T17:01:53,2
54583629,2026-08-05,2026-08-29T16:36:03,2
54583642,2026-08-29T17:02:46,2026-08-29T17:02:46,1
54583647,2026-08-05,2026-08-29T16:33:46,2
54583660,2026-08-05,2026-08-29T16:50:05,2
54583664,2026-08-05,2026-08-29T16:45:46,2
54583667,2026-08-05,2026-08-29T16:30:15,2
54583670,2026-08-05,2026-08-29T16:38:40,2
54583688,2026-08-05,2026-08-29T16:34:56,2
54583690,2026-08-05,2026-08-29T17:05:51,2
54583705,2026-08-05,2026-08-29T16:36:03,2
54583711,2026-08-05,2026-08-29T16:49:20,2
54583731,2026-08-05,2026-08-29T16:49:20,2
54583754,2026-08-05,2026-08-29T17:10:12,2
54583760,2026-08-29T16:42:01,2026-08-29T16:42:01,1
54583776,2026-08-29T16:42:56,2026-08-29T16:42:56,1
54583778,2026-08-29T16:42:56,2026-08-29T16:42:56,1
54583786,2026-08-29T16:42:56,2026-08-29T16:42:56,1
54583794,2026-08-29T16:42:49,2026-08-29T16:42:49,1
54583798,2026-08-29T16:42:49,2026-08-29T16:42:49,1
54583804,2026-08-29T16:42:49,2026-08-29T16:42:49,1
54583805,2026-08-29T16:42:49,2026-08-29T16:42:49,1
54583832,2026-08-05,2026-08-29T16:49:20,2
54583854,2026-08-05,2026-08-29T16:48:31,2
54583893,2026-08-05,2026-08-29T16:40:36,2
54583904,2026-08-05,2026-08-29T16:49:51,2
54583905,2026-08-29T16:42:53,2026-08-29T16:42:53,1
54583907,2026-08-29T16:59:52,2026-08-29T16:59:52,1
54583915,2026-08-29T16:42:53,2026-08-29T16:42:53,1
54583918,2026-08-29T16:42:53,2026-08-29T16:42:53,1
54583920,2026-08-05,2026-08-29T16:49:02,2
54583925,2026-08-29T16:42:53,2026-08-29T16:42:53,1
54583936,2026-08-29T16:57:06,2026-08-29T16:57:06,1
54583943,2026-08-05,2026-08-29T16:39:38,2
54583951,2026-08-05,2026-08-29T16:40:32,2
54583962,2026-08-05,2026-08-29T16:41:22,2
54583989,2026-08-05,2026-08-29T16:42:09,2
54583991,2026-08-05,2026-08-29T16:44:13,2
54584004,2026-08-05,2026-08-29T17:02:31,2
54584025,2026-08-29T16:53:59,2026-08-29T16:53:59,1
54584073,2026-08-05,2026-08-29T16:41:52,2
54584082,2026-08-29T16:53:59,2026-08-29T16:53:59,1
54584119,2026-08-05,2026-08-29T16:43:04,2
54584120,2026-08-29T16:53:59,2026-08-29T16:53:59,1
54584144,2026-08-29T16:44:32,2026-08-29T16:44:32,1
54584245,2026-08-05,2026-08-29T16:28:56,2
54584254,2026-08-05,2026-08-29T16:56:32,2
54584260,2026-08-05,2026-08-29T16:42:09,2
54584325,2026-08-05,2026-08-29T16:56:32,2
54584331,2026-08-29T16:30:41,2026-08-29T16:30:41,1
54584353,2026-08-05,2026-08-29T16:35:55,2
54584465,2026-08-29T16:56:52,2026-08-29T16:56:52,1
54584501,2026-08-29T16:52:45,2026-08-29T16:52:45,1
54584553,2026-08-05,2026-08-29T16:29:28,2
54584591,2026-08-05,2026-08-05,1
54584653,2026-08-05,2026-08-29T17:01:53,2
54584656,2026-08-05,2026-08-29T17:08:24,2
54584658,2026-08-05,2026-08-29T16:50:28,2
54584673,2026-08-05,2026-08-29T17:01:53,2
54584680,2026-08-05,2026-08-29T17:01:53,2
54584681,2026-08-05,2026-08-29T16:37:51,2
54584685,2026-08-05,2026-08-29T16:44:59,2
54584686,2026-08-05,2026-08-29T16:44:59,2
54584692,2026-08-05,2026-08-29T16:37:51,2
54584698,2026-08-05,2026-08-29T16:35:55,2
54584703,2026-08-05,2026-08-29T17:01:53,2
54584705,2026-08-05,2026-08-29T16:37:51,2
54584707,2026-08-05,2026-08-29T16:50:24,2
54584715,2026-08-05,2026-08-29T16:42:24,2
54584718,2026-08-05,2026-08-29T16:50:02,2
54584729,2026-08-05,2026-08-29T16:41:52,2
54584734,2026-08-05,2026-08-29T16:49:20,2
54584740,2026-08-29T17:04:55,2026-08-29T17:04:55,1
54584763,2026-08-05,2026-08-29T17:05:45,2
54584807,2026-08-05,2026-08-29T16:50:28,2
54584816,2026-08-05,2026-08-29T16:49:20,2
54584857,2026-08-05,2026-08-29T16:35:47,2
54584866,2026-08-05,2026-08-29T17:01:53,2
54584876,2026-08-05,2026-08-29T16:46:07,2
54584879,2026-08-05,2026-08-29T16:46:07,2
54584894,2026-08-05,2026-08-29T16:32:19,2
54584895,2026-08-05,2026-08-29T16:37:36,2
54584913,2026-08-29T16:58:30,2026-08-29T16:58:30,1
54584934,2026-08-29T17:03:12,2026-08-29T17:03:12,1
54584941,2026-08-29T16:49:14,2026-08-29T16:49:14,1
54584946,2026-08-29T16:49:14,2026-08-29T16:49:14,1
54584948,2026-08-29T16:49:14,2026-08-29T16:49:14,1
54584965,2026-08-05,2026-08-29T16:45:49,2
54584972,2026-08-05,2026-08-29T16:46:22,2
54584973,2026-08-05,2026-08-29T16:31:05,2
54584992,2026-08-05,2026-08-29T17:06:52,2
54585040,2026-08-29T16:52:16,2026-08-29T16:52:16,1
54585099,2026-08-05,2026-08-29T16:35:59,2
54585116,2026-08-29T16:52:16,2026-08-29T16:52:16,1
54585150,2026-08-05,2026-08-29T16:47:55,2
54585152,2026-08-05,2026-08-29T17:07:01,2
54585216,2026-08-29T16:56:05,2026-08-29T16:56:05,1
54585218,2026-08-05,2026-08-29T16:33:15,2
54585233,2026-08-05,2026-08-29T16:33:15,2
54585304,2026-08-05,2026-08-29T16:49:56,2
54585376,2026-08-05,2026-08-29T17:09:51,2
54585442,2026-08-05,2026-08-29T17:09:51,2
54585444,2026-08-05,2026-08-29T16:35:09,2
54585465,2026-08-05,2026-08-29T17:08:24,2
54585545,2026-08-05,2026-08-29T16:42:29,2
54585575,2026-08-05,2026-08-29T16:42:12,2
54585632,2026-08-05,2026-08-29T16:32:28,2
54585675,2026-08-05,2026-08-29T16:46:54,2
54585680,2026-08-05,2026-08-29T17:07:01,2
54585685,2026-08-29T16:51:58,2026-08-29T16:51:58,1
54585698,2026-08-05,2026-08-29T16:31:13,2
54585723,2026-08-05,2026-08-29T16:49:51,2
54585731,2026-08-29T16:56:43,2026-08-29T16:56:43,1
54585816,2026-08-05,2026-08-29T16:46:16,2
54585836,2026-08-05,2026-08-29T16:33:43,2
54585849,2026-08-05,2026-08-29T17:05:57,2
54585857,2026-08-05,2026-08-29T16:33:43,2
54585858,2026-08-05,2026-08-29T17:05:57,2
54585873,2026-08-05,2026-08-29T16:42:20,2
54585881,2026-08-05,2026-08-29T16:45:19,2
54585925,2026-08-29T16:35:39,2026-08-29T16:35:39,1
54585939,2026-08-05,2026-08-29T16:45:25,2
54585949,2026-08-05,2026-08-29T16:49:14,2
54585960,2026-08-05,2026-08-29T16:50:21,2
54585970,2026-08-05,2026-08-29T16:36:03,2
54585973,2026-08-05,2026-08-29T16:46:13,2
54585974,2026-08-05,2026-08-05,1
54585996,2026-08-29T16:51:16,2026-08-29T16:51:16,1
54586016,2026-08-05,2026-08-29T16:32:59,2
54586020,2026-08-05,2026-08-29T16:32:56,2
54586024,2026-08-05,2026-08-29T16:48:04,2
54586083,2026-08-05,2026-08-29T16:34:53,2
54586100,2026-08-29T17:04:43,2026-08-29T17:04:43,1
54586137,2026-08-05,2026-08-29T16:46:13,2
54586170,2026-08-29T16:52:58,2026-08-29T16:52:58,1
54586184,2026-08-05,2026-08-29T16:44:53,2
54586190,2026-08-05,2026-08-29T16:35:23,2
54586193,2026-08-05,2026-08-29T16:30:41,2
54586198,2026-08-05,2026-08-29T16:31:57,2
54586224,2026-08-05,2026-08-29T16:30:45,2
54586225,2026-08-29T16:59:05,2026-08-29T16:59:05,1
54586270,2026-08-29T16:57:34,2026-08-29T16:57:34,1
54586272,2026-08-05,2026-08-29T16:39:55,2
54586281,2026-08-05,2026-08-29T17:01:08,2
54586282,2026-08-05,2026-08-05,1
54586370,2026-08-29T16:45:30,2026-08-29T16:45:30,1
54586441,2026-08-05,2026-08-29T16:34:10,2
54586506,2026-08-05,2026-08-29T16:33:39,2
54586514,2026-08-05,2026-08-29T16:51:26,2
54586571,2026-08-05,2026-08-29T17:00:38,2
54586583,2026-08-05,2026-08-29T17:09:27,2
54586590,2026-08-05,2026-08-29T16:46:25,2
54586610,2026-08-05,2026-08-29T16:34:16,2
54586611,2026-08-05,2026-08-29T16:41:43,2
54586626,2026-08-05,2026-08-05,1
54586627,2026-08-05,2026-08-05,1
54586629,2026-08-05,2026-08-05,1
54586630,2026-08-29T16:57:03,2026-08-29T16:57:03,1
54586631,2026-08-05,2026-08-05,1
54586633,2026-08-05,2026-08-05,1
54586635,2026-08-05,2026-08-05,1
54586636,2026-08-05,2026-08-05,1
54586637,2026-08-05,2026-08-05,1
54586639,2026-08-05,2026-08-05,1
54586641,2026-08-05,2026-08-05,1
54586642,2026-08-05,2026-08-05,1
54586645,2026-08-05,2026-08-05,1
54586647,2026-08-05,2026-08-05,1
54586649,2026-08-05,2026-08-05,1
54586650,2026-08-05,2026-08-05,1
54586651,2026-08-05,2026-08-05,1
54586652,2026-08-05,2026-08-05,1
54586653,2026-08-05,2026-08-05,1
54586654,2026-08-05,2026-08-05,1
54586656,2026-08-05,2026-08-05,1
54586657,2026-08-05,2026-08-05,1
54586658,2026-08-05,2026-08-05,1
54586659,2026-08-05,2026-08-05,1
54586661,2026-08-05,2026-08-05,1
54586662,2026-08-05,2026-08-05,1
54586663,2026-08-05,2026-08-05,1
54586664,2026-08-05,2026-08-05,1
54586665,2026-08-05,2026-08-05,1
54586666,2026-08-05,2026-08-05,1
54586667,2026-08-05,2026-08-05,1
54586668,2026-08-05,2026-08-05,1
54586671,2026-08-05,2026-08-05,1
54586672,2026-08-05,2026-08-05,1
54586674,2026-08-05,2026-08-05,1
54586677,2026-08-05,2026-08-05,1
54586688,2026-08-29T16:52:58,2026-08-29T16:52:58,1
54586690,2026-08-05,2026-08-05,1
54586692,2026-08-05,2026-08-05,1
54586695,2026-08-05,2026-08-05,1
54586696,2026-08-05,2026-08-05,1
54586697,2026-08-05,2026-08-05,1
54586706,2026-08-05,2026-08-05,1
54586707,2026-08-05,2026-08-05,1
54586709,2026-08-05,2026-08-05,1
54586710,2026-08-05,2026-08-05,1
54586711,2026-08-05,2026-08-05,1
54586719,2026-08-05,2026-08-05,1
54586720,2026-08-05,2026-08-05,1
54586742,2026-08-05,2026-08-29T16:40:40,2
54586770,2026-08-05,2026-08-29T16:49:14,2
54586818,2026-08-05,2026-08-05,1
54586819,2026-08-05,2026-08-05,1
54586821,2026-08-05,2026-08-05,1
54586822,2026-08-05,2026-08-05,1
54586823,2026-08-05,2026-08-05,1
54586903,2026-08-05,2026-08-29T16:46:31,2
54586905,2026-08-05,2026-08-29T16:54:48,2
54586906,2026-08-05,2026-08-29T16:42:32,2
54586907,2026-08-29T16:54:48,2026-08-29T16:54:48,1
54586912,2026-08-29T16:57:15,2026-08-29T16:57:15,1
54586913,2026-08-29T16:57:15,2026-08-29T16:57:15,1
54586926,2026-08-05,2026-08-29T16:37:10,2
54586940,2026-08-05,2026-08-29T16:42:45,2
54586949,2026-08-05,2026-08-29T17:05:28,2
54586960,2026-08-05,2026-08-29T17:11:49,2
54586961,2026-08-05,2026-08-29T17:12:00,2
54586962,2026-08-05,2026-08-29T17:12:00,2
54586963,2026-08-05,2026-08-29T17:11:49,2
54586964,2026-08-05,2026-08-29T17:12:00,2
54586965,2026-08-05,2026-08-29T17:12:00,2
54586966,2026-08-05,2026-08-29T17:11:46,2
54586967,2026-08-05,2026-08-29T17:11:49,2
54586968,2026-08-05,2026-08-29T17:11:46,2
54586969,2026-08-05,2026-08-29T17:11:46,2
54586970,2026-08-05,2026-08-29T17:11:46,2
54586971,2026-08-05,2026-08-29T17:11:46,2
54586972,2026-08-05,2026-08-29T17:12:00,2
54586973,2026-08-05,2026-08-29T17:10:44,2
54586974,2026-08-05,2026-08-29T17:11:49,2
54586975,2026-08-05,2026-08-29T17:11:46,2
54586977,2026-08-05,2026-08-29T17:10:44,2
54586979,2026-08-05,2026-08-29T17:11:46,2
54586981,2026-08-05,2026-08-29T17:11:46,2
54586982,2026-08-05,2026-08-29T17:10:44,2
54586983,2026-08-05,2026-08-29T17:11:46,2
54586984,2026-08-05,2026-08-29T17:11:42,2
54586985,2026-08-05,2026-08-29T17:11:42,2
54586986,2026-08-05,2026-08-29T17:11:42,2
54586987,2026-08-05,2026-08-29T17:11:49,2
54586988,2026-08-05,2026-08-29T17:12:00,2
54586989,2026-08-05,2026-08-29T17:11:49,2
54586990,2026-08-05,2026-08-29T17:12:00,2
54586993,2026-08-29T16:42:53,2026-08-29T16:42:53,1
54586997,2026-08-29T16:42:53,2026-08-29T16:42:53,1
54587002,2026-08-29T16:54:58,2026-08-29T16:54:58,1
54587009,2026-08-29T16:54:58,2026-08-29T16:54:58,1
54587010,2026-08-29T16:45:22,2026-08-29T16:45:22,1
54587012,2026-08-05,2026-08-29T17:12:12,2
54587047,2026-08-05,2026-08-29T17:12:00,2
54587048,2026-08-05,2026-08-29T17:12:00,2
54587049,2026-08-05,2026-08-29T17:09:51,2
54587050,2026-08-05,2026-08-29T17:11:57,2
54587051,2026-08-05,2026-08-29T17:11:57,2
54587052,2026-08-05,2026-08-29T17:11:57,2
54587053,2026-08-05,2026-08-29T17:11:57,2
54587054,2026-08-05,2026-08-29T17:11:57,2
54587055,2026-08-05,2026-08-29T17:11:57,2
54587056,2026-08-05,2026-08-29T17:11:57,2
54587057,2026-08-05,2026-08-29T17:11:57,2
54587058,2026-08-05,2026-08-29T17:11:57,2
54587059,2026-08-05,2026-08-29T17:11:57,2
54587060,2026-08-05,2026-08-29T17:11:57,2
54587061,2026-08-05,2026-08-29T17:11:57,2
54587062,2026-08-05,2026-08-29T17:11:57,2
54587063,2026-08-05,2026-08-29T17:11:57,2
54587065,2026-08-05,2026-08-29T17:11:57,2
54587066,2026-08-05,2026-08-29T17:11:57,2
54587067,2026-08-05,2026-08-29T17:11:57,2
54587099,2026-08-05,2026-08-29T16:48:40,2
54587105,2026-08-05,2026-08-29T17:02:25,2
54587131,2026-08-05,2026-08-29T17:10:44,2
54587188,2026-08-05,2026-08-29T17:10:44,2
54587410,2026-08-05,2026-08-29T16:44:32,2
54587481,2026-08-05,2026-08-29T16:49:14,2
54587482,2026-08-05,2026-08-29T16:49:54,2
54587485,2026-08-29T16:52:29,2026-08-29T16:52:29,1
54587514,2026-08-05,2026-08-29T16:44:26,2
54587549,2026-08-05,2026-08-29T16:31:57,2
54587556,2026-08-05,2026-08-29T16:45:30,2
54587660,2026-08-29T16:54:38,2026-08-29T16:54:38,1
54587661,2026-08-05,2026-08-29T16:45:22,2
54587662,2026-08-05,2026-08-29T16:42:35,2
54587663,2026-08-05,2026-08-29T16:42:35,2
54587664,2026-08-05,2026-08-29T16:42:35,2
54587665,2026-08-05,2026-08-29T16:42:35,2
54587666,2026-08-05,2026-08-29T16:37:32,2
54587668,2026-08-05,2026-08-29T16:45:22,2
54587672,2026-08-05,2026-08-29T16:45:22,2
54587719,2026-08-05,2026-08-29T16:28:49,2
54587766,2026-08-29T17:00:08,2026-08-29T17:00:08,1
54587804,2026-08-05,2026-08-29T16:33:15,2
54587805,2026-08-05,2026-08-29T17:07:25,2
54587806,2026-08-05,2026-08-29T17:09:06,2
54587807,2026-08-05,2026-08-29T17:10:34,2
54587855,2026-08-05,2026-08-29T17:10:44,2
54587923,2026-08-29T17:00:14,2026-08-29T17:00:14,1
54587962,2026-08-05,2026-08-05,1
54587966,2026-08-05,2026-08-29T16:35:23,2
54587994,2026-08-29T17:00:14,2026-08-29T17:00:14,1
54588013,2026-08-05,2026-08-29T16:58:12,2
54588020,2026-08-05,2026-08-29T16:46:29,2
54588029,2026-08-05,2026-08-29T16:45:05,2
54588031,2026-08-29T16:59:52,2026-08-29T16:59:52,1
54588036,2026-08-05,2026-08-29T16:58:12,2
54588053,2026-08-29T16:48:24,2026-08-29T16:48:24,1
54588055,2026-08-05,2026-08-29T16:49:54,2
54588057,2026-08-05,2026-08-29T16:38:06,2
54588096,2026-08-05,2026-08-29T17:01:53,2
54588105,2026-08-05,2026-08-29T16:46:07,2
54588115,2026-08-05,2026-08-29T16:46:10,2
54588155,2026-08-05,2026-08-29T16:35:16,2
54588165,2026-08-29T16:59:32,2026-08-29T16:59:32,1
54588171,2026-08-29T16:49:14,2026-08-29T16:49:14,1
54588188,2026-08-29T16:49:17,2026-08-29T16:49:17,1
54588202,2026-08-05,2026-08-29T16:38:44,2
54588212,2026-08-05,2026-08-29T16:38:44,2
54588213,2026-08-29T16:49:17,2026-08-29T16:49:17,1
54588235,2026-08-05,2026-08-29T16:32:19,2
54588242,2026-08-29T17:02:37,2026-08-29T17:02:37,1
54588274,2026-08-29T17:00:14,2026-08-29T17:00:14,1
54588285,2026-08-05,2026-08-29T16:47:28,2
54588286,2026-08-05,2026-08-29T16:47:41,2
54588293,2026-08-05,2026-08-29T16:47:44,2
54588303,2026-08-29T16:54:42,2026-08-29T16:54:42,1
54588397,2026-08-05,2026-08-05,1
54588512,2026-08-05,2026-08-29T17:10:12,2
54588513,2026-08-05,2026-08-29T17:10:09,2
54588514,2026-08-05,2026-08-29T17:10:12,2
54588515,2026-08-05,2026-08-29T17:10:12,2
54588517,2026-08-05,2026-08-29T17:10:12,2
54588518,2026-08-05,2026-08-29T17:10:09,2
54588519,2026-08-05,2026-08-29T17:10:09,2
54588520,2026-08-05,2026-08-29T17:10:06,2
54588521,2026-08-05,2026-08-05,1
54588522,2026-08-05,2026-08-29T17:10:12,2
54588524,2026-08-05,2026-08-29T17:10:12,2
54588525,2026-08-05,2026-08-29T17:10:12,2
54588526,2026-08-05,2026-08-29T17:10:12,2
54588527,2026-08-05,2026-08-29T17:10:12,2
54588528,2026-08-05,2026-08-29T17:10:12,2
54588530,2026-08-05,2026-08-29T17:10:12,2
54588531,2026-08-05,2026-08-29T17:10:12,2
54588532,2026-08-05,2026-08-29T17:10:12,2
54588533,2026-08-05,2026-08-29T17:10:12,2
54588534,2026-08-05,2026-08-29T17:10:12,2
54588535,2026-08-05,2026-08-29T17:10:12,2
54588536,2026-08-05,2026-08-05,1
54588538,2026-08-05,2026-08-29T17:10:09,2
54588584,2026-08-05,2026-08-29T17:06:52,2
54588619,2026-08-05,2026-08-29T16:29:07,2
54588620,2026-08-05,2026-08-29T16:48:24,2
54588626,2026-08-05,2026-08-29T16:31:05,2
54588639,2026-08-29T16:55:59,2026-08-29T16:55:59,1
54588640,2026-08-29T16:55:59,2026-08-29T16:55:59,1
54588642,2026-08-29T16:51:26,2026-08-29T16:51:26,1
54588643,2026-08-29T16:55:59,2026-08-29T16:55:59,1
54588644,2026-08-29T16:55:59,2026-08-29T16:55:59,1
54588666,2026-08-05,2026-08-29T16:47:03,2
54588674,2026-08-05,2026-08-29T16:45:55,2
54588675,2026-08-05,2026-08-29T17:01:32,2
54588676,2026-08-05,2026-08-29T16:45:55,2
54588677,2026-08-05,2026-08-29T17:01:32,2
54588678,2026-08-05,2026-08-29T17:01:32,2
54588687,2026-08-05,2026-08-29T16:34:19,2
54588700,2026-08-29T17:03:36,2026-08-29T17:03:36,1
54588731,2026-08-05,2026-08-29T16:42:16,2
54589083,2026-08-05,2026-08-29T16:31:30,2
54589098,2026-08-05,2026-08-29T17:01:08,2
54589114,2026-08-05,2026-08-29T16:29:48,2
54589115,2026-08-05,2026-08-29T16:33:46,2
54589118,2026-08-05,2026-08-05,1
54589121,2026-08-05,2026-08-29T16:33:46,2
54589128,2026-08-05,2026-08-29T16:47:00,2
54589129,2026-08-05,2026-08-29T16:46:48,2
54589130,2026-08-29T16:44:05,2026-08-29T16:44:05,1
54589133,2026-08-05,2026-08-29T16:46:19,2
54589339,2026-08-29T16:35:39,2026-08-29T16:35:39,1
54589426,2026-08-05,2026-08-29T17:01:08,2
54589512,2026-08-05,2026-08-29T16:34:56,2
54589544,2026-08-05,2026-08-29T16:35:09,2
54589556,2026-08-05,2026-08-29T17:07:53,2
54589561,2026-08-05,2026-08-29T17:07:53,2
54589562,2026-08-05,2026-08-29T17:07:53,2
54589565,2026-08-05,2026-08-29T17:07:53,2
54589566,2026-08-05,2026-08-29T17:07:53,2
54589567,2026-08-05,2026-08-29T17:07:53,2
54589568,2026-08-05,2026-08-29T17:07:53,2
54589569,2026-08-05,2026-08-29T17:07:53,2
54589594,2026-08-29T16:45:12,2026-08-29T16:45:12,1
54589605,2026-08-05,2026-08-29T16:31:51,2
54589607,2026-08-05,2026-08-05,1
54589608,2026-08-05,2026-08-05,1
54589609,2026-08-05,2026-08-05,1
54589610,2026-08-05,2026-08-05,1
54589611,2026-08-05,2026-08-05,1
54589613,2026-08-05,2026-08-05,1
54589705,2026-08-05,2026-08-29T16:32:35,2
54589707,2026-08-05,2026-08-29T16:32:38,2
54589778,2026-08-29T16:52:13,2026-08-29T16:52:13,1
54589779,2026-08-29T16:52:13,2026-08-29T16:52:13,1
54589780,2026-08-29T16:53:09,2026-08-29T16:53:09,1
54589781,2026-08-29T16:52:13,2026-08-29T16:52:13,1
54589782,2026-08-29T16:52:13,2026-08-29T16:52:13,1
54589869,2026-08-29T17:00:08,2026-08-29T17:00:08,1
54589872,2026-08-05,2026-08-29T16:49:54,2
54589888,2026-08-05,2026-08-29T16:39:22,2
54589932,2026-08-05,2026-08-29T16:32:26,2
54589946,2026-08-29T17:04:13,2026-08-29T17:04:13,1
54589997,2026-08-05,2026-08-29T17:10:12,2
54590023,2026-08-05,2026-08-29T16:34:19,2
54590046,2026-08-05,2026-08-29T16:50:08,2
54590080,2026-08-05,2026-08-29T17:10:44,2
54590143,2026-08-05,2026-08-29T16:37:02,2
54590147,2026-08-05,2026-08-29T16:49:05,2
54590154,2026-08-05,2026-08-29T16:35:13,2
54590158,2026-08-29T16:29:35,2026-08-29T16:29:35,1
54590171,2026-08-05,2026-08-05,1
54590180,2026-08-05,2026-08-29T16:37:06,2
54590225,2026-08-29T16:45:52,2026-08-29T16:45:52,1
54590226,2026-08-29T16:35:39,2026-08-29T16:35:39,1
54590228,2026-08-05,2026-08-29T17:09:34,2
54590232,2026-08-05,2026-08-05,1
54590233,2026-08-05,2026-08-29T16:35:13,2
54590324,2026-08-05,2026-08-05,1
54590344,2026-08-05,2026-08-29T16:35:13,2
54590360,2026-08-05,2026-08-29T16:35:13,2
54590380,2026-08-29T16:34:10,2026-08-29T16:34:10,1
54590418,2026-08-05,2026-08-29T16:42:35,2
54590454,2026-08-05,2026-08-29T16:29:00,2
54590467,2026-08-05,2026-08-29T16:35:13,2
54590498,2026-08-05,2026-08-29T16:58:12,2
54590505,2026-08-05,2026-08-29T16:33:02,2
54590517,2026-08-05,2026-08-29T17:10:34,2
54590518,2026-08-05,2026-08-29T17:10:44,2
54590519,2026-08-05,2026-08-29T17:10:44,2
54590520,2026-08-05,2026-08-29T17:07:25,2
54590521,2026-08-05,2026-08-29T17:07:25,2
54590522,2026-08-05,2026-08-29T17:07:25,2
54590527,2026-08-05,2026-08-29T16:43:55,2
54590529,2026-08-05,2026-08-29T16:33:39,2
54590559,2026-08-05,2026-08-29T17:01:29,2
54590560,2026-08-05,2026-08-29T16:35:43,2
54590574,2026-08-05,2026-08-29T17:10:44,2
54590575,2026-08-05,2026-08-29T17:10:44,2
54590576,2026-08-05,2026-08-29T17:10:39,2
54590580,2026-08-05,2026-08-29T17:10:39,2
54590581,2026-08-05,2026-08-29T17:10:39,2
54590586,2026-08-05,2026-08-29T17:01:29,2
54590607,2026-08-05,2026-08-29T17:01:11,2
54590630,2026-08-29T17:04:10,2026-08-29T17:04:10,1
54590636,2026-08-05,2026-08-29T16:28:56,2
54590686,2026-08-29T16:56:36,2026-08-29T16:56:36,1
54590690,2026-08-05,2026-08-29T16:39:42,2
54590705,2026-08-29T16:54:42,2026-08-29T16:54:42,1
54590714,2026-08-29T16:59:52,2026-08-29T16:59:52,1
54590715,2026-08-05,2026-08-29T17:05:51,2
54590716,2026-08-05,2026-08-29T16:47:31,2
54590720,2026-08-29T17:00:04,2026-08-29T17:00:04,1
54590725,2026-08-05,2026-08-29T16:45:05,2
54590726,2026-08-05,2026-08-29T16:47:19,2
54590727,2026-08-05,2026-08-29T16:45:15,2
54590750,2026-08-05,2026-08-29T17:05:51,2
54590753,2026-08-05,2026-08-29T16:31:41,2
54590772,2026-08-05,2026-08-29T17:09:06,2
54590791,2026-08-05,2026-08-29T17:05:51,2
54590818,2026-08-05,2026-08-29T17:08:47,2
54590844,2026-08-29T17:03:01,2026-08-29T17:03:01,1
54590855,2026-08-05,2026-08-29T16:49:11,2
54590872,2026-08-05,2026-08-29T16:41:09,2
54590882,2026-08-05,2026-08-29T16:51:00,2
54590927,2026-08-05,2026-08-05,1
54590957,2026-08-05,2026-08-29T16:42:16,2
54590958,2026-08-05,2026-08-29T16:42:49,2
54590960,2026-08-05,2026-08-29T16:51:03,2
54590974,2026-08-05,2026-08-29T16:51:00,2
54590982,2026-08-05,2026-08-29T16:51:03,2
54590994,2026-08-05,2026-08-29T16:51:00,2
54590998,2026-08-29T16:52:31,2026-08-29T16:52:31,1
54591013,2026-08-05,2026-08-29T16:51:00,2
54591017,2026-08-05,2026-08-29T16:49:08,2
54591034,2026-08-05,2026-08-29T16:51:00,2
54591043,2026-08-05,2026-08-29T16:57:28,2
54591053,2026-08-05,2026-08-29T16:51:03,2
54591060,2026-08-05,2026-08-29T16:41:43,2
54591073,2026-08-05,2026-08-29T16:51:03,2
54591078,2026-08-05,2026-08-29T17:05:25,2
54591107,2026-08-05,2026-08-29T16:48:04,2
54591108,2026-08-05,2026-08-29T16:48:04,2
54591109,2026-08-05,2026-08-29T16:34:33,2
54591129,2026-08-05,2026-08-29T16:44:29,2
54591150,2026-08-05,2026-08-29T16:32:00,2
54591153,2026-08-05,2026-08-29T17:06:36,2
54591157,2026-08-05,2026-08-29T16:48:08,2
54591167,2026-08-05,2026-08-29T16:44:29,2
54591168,2026-08-05,2026-08-29T16:49:08,2
54591185,2026-08-05,2026-08-29T16:44:29,2
54591193,2026-08-05,2026-08-29T16:51:00,2
54591202,2026-08-05,2026-08-29T16:48:08,2
54591210,2026-08-05,2026-08-29T16:51:00,2
54591221,2026-08-05,2026-08-29T16:48:34,2
54591253,2026-08-05,2026-08-29T16:39:26,2
54591260,2026-08-05,2026-08-29T16:47:31,2
54591263,2026-08-29T16:50:28,2026-08-29T16:50:28,1
54591281,2026-08-05,2026-08-29T16:48:34,2
54591284,2026-08-05,2026-08-29T17:02:02,2
54591289,2026-08-05,2026-08-29T16:49:02,2
54591295,2026-08-29T17:03:21,2026-08-29T17:03:21,1
54591316,2026-08-05,2026-08-29T16:48:08,2
54591321,2026-08-29T16:47:10,2026-08-29T16:47:10,1
54591337,2026-08-05,2026-08-29T16:44:08,2
54591368,2026-08-05,2026-08-29T16:51:26,2
54591376,2026-08-29T17:02:40,2026-08-29T17:02:40,1
54591395,2026-08-29T17:05:04,2026-08-29T17:05:04,1
54591397,2026-08-05,2026-08-29T16:48:31,2
54591451,2026-08-05,2026-08-29T16:49:11,2
54591516,2026-08-05,2026-08-29T16:44:13,2
54591518,2026-08-05,2026-08-29T16:51:03,2
54591534,2026-08-05,2026-08-29T16:51:26,2
54591539,2026-08-05,2026-08-29T16:30:26,2
54591549,2026-08-05,2026-08-29T16:51:03,2
54591562,2026-08-05,2026-08-29T16:51:03,2
54591595,2026-08-05,2026-08-29T16:51:03,2
54591606,2026-08-05,2026-08-29T16:51:00,2
54591612,2026-08-29T16:32:35,2026-08-29T16:32:35,1
54591619,2026-08-05,2026-08-29T16:51:03,2
54591625,2026-08-05,2026-08-29T16:39:55,2
54591660,2026-08-05,2026-08-29T16:51:03,2
54591671,2026-08-05,2026-08-29T16:51:03,2
54591681,2026-08-05,2026-08-29T16:44:22,2
54591689,2026-08-05,2026-08-29T17:09:06,2
54591692,2026-08-05,2026-08-29T16:48:11,2
54591695,2026-08-05,2026-08-29T17:09:06,2
54591700,2026-08-29T16:53:53,2026-08-29T16:53:53,1
54591702,2026-08-29T16:53:53,2026-08-29T16:53:53,1
54591716,2026-08-29T16:53:53,2026-08-29T16:53:53,1
54591717,2026-08-29T16:53:53,2026-08-29T16:53:53,1
54591719,2026-08-29T16:53:53,2026-08-29T16:53:53,1
54591720,2026-08-29T16:44:35,2026-08-29T16:44:35,1
54591723,2026-08-29T16:53:53,2026-08-29T16:53:53,1
54591726,2026-08-29T16:53:53,2026-08-29T16:53:53,1
54591727,2026-08-05,2026-08-29T17:07:56,2
54591729,2026-08-29T16:53:22,2026-08-29T16:53:22,1
54591735,2026-08-29T16:52:52,2026-08-29T16:52:52,1
54591736,2026-08-05,2026-08-29T16:42:32,2
54591738,2026-08-29T16:48:04,2026-08-29T16:48:04,1
54591739,2026-08-29T16:58:37,2026-08-29T16:58:37,1
54591740,2026-08-29T16:48:08,2026-08-29T16:48:08,1
54591741,2026-08-29T16:48:08,2026-08-29T16:48:08,1
54591742,2026-08-29T16:53:53,2026-08-29T16:53:53,1
54591743,2026-08-29T16:48:04,2026-08-29T16:48:04,1
54591744,2026-08-29T17:00:08,2026-08-29T17:00:08,1
54591746,2026-08-29T16:53:53,2026-08-29T16:53:53,1
54591748,2026-08-29T16:53:53,2026-08-29T16:53:53,1
54591749,2026-08-05,2026-08-29T16:47:46,2
54591876,2026-08-29T16:57:34,2026-08-29T16:57:34,1
54591878,2026-08-05,2026-08-29T16:33:39,2
54591890,2026-08-05,2026-08-29T16:45:05,2
54591911,2026-08-29T17:02:49,2026-08-29T17:02:49,1
54591916,2026-08-29T17:03:45,2026-08-29T17:03:45,1
54591928,2026-08-05,2026-08-05,1
54591959,2026-08-29T16:57:34,2026-08-29T16:57:34,1
54591963,2026-08-29T16:59:43,2026-08-29T16:59:43,1
54591967,2026-08-29T16:56:49,2026-08-29T16:56:49,1
54591986,2026-08-05,2026-08-29T17:08:56,2
54592012,2026-08-05,2026-08-29T17:06:06,2
54592043,2026-08-05,2026-08-29T17:08:56,2
54592074,2026-08-05,2026-08-29T17:06:24,2
54592080,2026-08-29T16:29:31,2026-08-29T16:29:31,1
54592152,2026-08-05,2026-08-29T17:06:18,2
54592160,2026-08-05,2026-08-29T16:28:53,2
54592179,2026-08-29T16:51:03,2026-08-29T16:51:03,1
54592196,2026-08-05,2026-08-29T16:47:10,2
54592209,2026-08-29T16:29:35,2026-08-29T16:29:35,1
54592226,2026-08-05,2026-08-05,1
54592244,2026-08-05,2026-08-29T16:30:12,2
54592245,2026-08-29T16:29:35,2026-08-29T16:29:35,1
54592248,2026-08-05,2026-08-05,1
54592277,2026-08-05,2026-08-29T16:49:08,2
54592278,2026-08-05,2026-08-05,1
54592284,2026-08-29T16:30:41,2026-08-29T16:30:41,1
54592314,2026-08-05,2026-08-29T16:41:48,2
54592338,2026-08-05,2026-08-29T16:44:05,2
54592343,2026-08-05,2026-08-29T16:44:50,2
54592344,2026-08-29T16:55:15,2026-08-29T16:55:15,1
54592346,2026-08-05,2026-08-29T16:41:48,2
54592363,2026-08-05,2026-08-29T16:43:20,2
54592421,2026-08-05,2026-08-29T16:59:02,2
54592448,2026-08-05,2026-08-29T17:12:09,2
54592497,2026-08-29T16:39:06,2026-08-29T16:39:06,1
54592504,2026-08-29T16:39:03,2026-08-29T16:39:03,1
54592518,2026-08-29T16:39:06,2026-08-29T16:39:06,1
54592524,2026-08-29T16:55:22,2026-08-29T16:55:22,1
54592531,2026-08-29T16:57:00,2026-08-29T16:57:00,1
54592538,2026-08-29T16:48:24,2026-08-29T16:48:24,1
54592545,2026-08-29T16:48:24,2026-08-29T16:48:24,1
54592552,2026-08-29T16:48:24,2026-08-29T16:48:24,1
54592558,2026-08-29T16:48:28,2026-08-29T16:48:28,1
54592562,2026-08-29T16:48:28,2026-08-29T16:48:28,1
54592563,2026-08-29T16:48:28,2026-08-29T16:48:28,1
54592625,2026-08-05,2026-08-29T16:56:39,2
54592630,2026-08-05,2026-08-29T16:45:09,2
54592659,2026-08-05,2026-08-29T17:10:39,2
54592669,2026-08-05,2026-08-29T17:00:35,2
54592743,2026-08-05,2026-08-29T16:41:30,2
54592755,2026-08-05,2026-08-29T17:00:26,2
54592779,2026-08-29T16:59:17,2026-08-29T16:59:17,1
54592783,2026-08-05,2026-08-29T16:40:16,2
54592788,2026-08-05,2026-08-29T16:46:19,2
54592796,2026-08-29T16:45:28,2026-08-29T16:45:28,1
54592801,2026-08-05,2026-08-29T16:34:13,2
54592891,2026-08-05,2026-08-29T17:11:39,2
54592923,2026-08-05,2026-08-05,1
54592925,2026-08-05,2026-08-05,1
54593153,2026-08-29T16:56:49,2026-08-29T16:56:49,1
54593163,2026-08-05,2026-08-29T17:01:47,2
54593168,2026-08-29T16:52:22,2026-08-29T16:52:22,1
54593210,2026-08-05,2026-08-29T17:07:01,2
54593228,2026-08-05,2026-08-29T16:30:45,2
54593237,2026-08-29T17:03:57,2026-08-29T17:03:57,1
54593240,2026-08-05,2026-08-29T16:49:08,2
54593249,2026-08-29T16:38:32,2026-08-29T16:38:32,1
54593285,2026-08-05,2026-08-29T17:02:02,2
54593337,2026-08-05,2026-08-29T16:46:29,2
54593368,2026-08-05,2026-08-29T16:49:59,2
54593406,2026-08-05,2026-08-29T16:33:52,2
54593419,2026-08-05,2026-08-29T16:33:55,2
54593488,2026-08-05,2026-08-29T16:45:19,2
54593597,2026-08-29T16:52:36,2026-08-29T16:52:36,1
54593625,2026-08-29T16:58:30,2026-08-29T16:58:30,1
54593641,2026-08-29T16:52:36,2026-08-29T16:52:36,1
54593667,2026-08-05,2026-08-29T16:46:31,2
54593853,2026-08-05,2026-08-29T17:06:24,2
54593864,2026-08-29T16:58:01,2026-08-29T16:58:01,1
54593960,2026-08-29T16:55:22,2026-08-29T16:55:22,1
54593976,2026-08-05,2026-08-29T17:09:48,2
54593994,2026-08-05,2026-08-29T17:09:48,2
54593998,2026-08-05,2026-08-29T17:06:21,2
54594028,2026-08-05,2026-08-29T16:29:20,2
54594036,2026-08-29T16:54:58,2026-08-29T16:54:58,1
54594195,2026-08-05,2026-08-29T16:46:25,2
54594300,2026-08-05,2026-08-29T17:08:31,2
54594301,2026-08-29T16:59:49,2026-08-29T16:59:49,1
54594305,2026-08-29T16:57:52,2026-08-29T16:57:52,1
54594308,2026-08-05,2026-08-29T16:47:16,2
54594309,2026-08-05,2026-08-29T17:08:31,2
54594323,2026-08-05,2026-08-29T16:47:19,2
54594324,2026-08-05,2026-08-29T16:45:05,2
54594504,2026-08-05,2026-08-05,1
54594506,2026-08-05,2026-08-05,1
54594507,2026-08-05,2026-08-05,1
54594508,2026-08-05,2026-08-05,1
54594509,2026-08-05,2026-08-05,1
54594520,2026-08-05,2026-08-05,1
54594521,2026-08-05,2026-08-05,1
54594522,2026-08-05,2026-08-05,1
54594537,2026-08-05,2026-08-29T17:07:53,2
54594543,2026-08-05,2026-08-29T17:07:53,2
54594544,2026-08-05,2026-08-29T17:07:53,2
54594546,2026-08-05,2026-08-29T17:07:39,2
54594547,2026-08-05,2026-08-29T17:07:53,2
54594548,2026-08-05,2026-08-29T17:07:53,2
54594549,2026-08-05,2026-08-29T17:07:53,2
54594550,2026-08-29T16:52:13,2026-08-29T16:52:13,1
54594551,2026-08-29T16:52:13,2026-08-29T16:52:13,1
54594552,2026-08-29T16:53:25,2026-08-29T16:53:25,1
54594553,2026-08-29T16:54:11,2026-08-29T16:54:11,1
54594555,2026-08-29T16:52:58,2026-08-29T16:52:58,1
54594643,2026-08-05,2026-08-29T16:42:45,2
54594746,2026-08-29T16:53:56,2026-08-29T16:53:56,1
54594747,2026-08-29T16:53:56,2026-08-29T16:53:56,1
54594749,2026-08-29T16:53:56,2026-08-29T16:53:56,1
54594750,2026-08-29T16:53:56,2026-08-29T16:53:56,1
54594752,2026-08-29T16:53:56,2026-08-29T16:53:56,1
54594753,2026-08-29T16:53:56,2026-08-29T16:53:56,1
54594754,2026-08-29T16:53:56,2026-08-29T16:53:56,1
54594807,2026-08-05,2026-08-05,1
54594808,2026-08-05,2026-08-05,1
54594809,2026-08-05,2026-08-05,1
54594810,2026-08-05,2026-08-05,1
54594865,2026-08-29T16:54:51,2026-08-29T16:54:51,1
54594866,2026-08-05,2026-08-29T16:41:35,2
54594867,2026-08-05,2026-08-29T16:41:27,2
54594870,2026-08-05,2026-08-29T16:41:27,2
54594890,2026-08-05,2026-08-05,1
54594891,2026-08-05,2026-08-05,1
54594894,2026-08-05,2026-08-05,1
54594895,2026-08-05,2026-08-05,1
54594896,2026-08-05,2026-08-05,1
54594897,2026-08-05,2026-08-05,1
54594898,2026-08-05,2026-08-05,1
54594899,2026-08-05,2026-08-05,1
54594900,2026-08-05,2026-08-05,1
54594901,2026-08-05,2026-08-05,1
54594902,2026-08-05,2026-08-05,1
54594903,2026-08-05,2026-08-05,1
54594904,2026-08-05,2026-08-05,1
54594905,2026-08-05,2026-08-05,1
54594920,2026-08-29T16:57:52,2026-08-29T16:57:52,1
54594921,2026-08-29T16:57:52,2026-08-29T16:57:52,1
54594922,2026-08-29T16:57:52,2026-08-29T16:57:52,1
54594924,2026-08-29T16:57:52,2026-08-29T16:57:52,1
54594925,2026-08-29T16:57:52,2026-08-29T16:57:52,1
54594926,2026-08-29T16:57:52,2026-08-29T16:57:52,1
54594927,2026-08-29T16:57:52,2026-08-29T16:57:52,1
54594941,2026-08-05,2026-08-05,1
54594942,2026-08-05,2026-08-05,1
54594944,2026-08-05,2026-08-05,1
54594945,2026-08-05,2026-08-05,1
54594946,2026-08-05,2026-08-05,1
54594948,2026-08-05,2026-08-29T16:30:07,2
54594967,2026-08-05,2026-08-29T16:40:54,2
54594979,2026-08-29T17:03:09,2026-08-29T17:03:09,1
54594991,2026-08-29T16:54:14,2026-08-29T16:54:14,1
54595078,2026-08-05,2026-08-29T16:48:11,2
54595079,2026-08-05,2026-08-29T16:48:08,2
54595080,2026-08-29T16:58:37,2026-08-29T16:58:37,1
54595081,2026-08-05,2026-08-29T16:48:11,2
54595082,2026-08-29T16:48:04,2026-08-29T16:48:04,1
54595083,2026-08-29T16:58:37,2026-08-29T16:58:37,1
54595084,2026-08-29T16:58:37,2026-08-29T16:58:37,1
54595085,2026-08-29T16:58:40,2026-08-29T16:58:40,1
54595100,2026-08-05,2026-08-29T16:37:51,2
54595132,2026-08-05,2026-08-29T16:29:55,2
54595187,2026-08-05,2026-08-29T17:05:33,2
54595200,2026-08-05,2026-08-29T16:49:05,2
54595446,2026-08-05,2026-08-29T16:48:43,2
54595450,2026-08-05,2026-08-29T16:45:12,2
54595459,2026-08-05,2026-08-29T17:07:01,2
54595475,2026-08-05,2026-08-29T16:33:12,2
54595561,2026-08-05,2026-08-29T16:32:26,2
54595562,2026-08-29T16:51:16,2026-08-29T16:51:16,1
54595570,2026-08-05,2026-08-29T17:07:01,2
54595670,2026-08-05,2026-08-29T16:32:47,2
54595738,2026-08-05,2026-08-29T16:48:24,2
54595747,2026-08-05,2026-08-29T17:07:35,2
54595748,2026-08-05,2026-08-29T17:07:35,2
54595749,2026-08-05,2026-08-29T17:07:35,2
54595750,2026-08-05,2026-08-29T17:07:42,2
54595751,2026-08-05,2026-08-29T17:07:42,2
54595752,2026-08-05,2026-08-29T17:09:23,2
54595753,2026-08-05,2026-08-29T17:09:23,2
54595754,2026-08-05,2026-08-29T17:09:23,2
54595755,2026-08-05,2026-08-29T17:09:23,2
54595757,2026-08-05,2026-08-29T17:09:23,2
54595759,2026-08-05,2026-08-29T17:07:56,2
54595760,2026-08-05,2026-08-29T17:06:15,2
54595761,2026-08-05,2026-08-29T17:06:15,2
54595762,2026-08-05,2026-08-29T17:06:15,2
54595763,2026-08-05,2026-08-29T17:06:15,2
54595767,2026-08-05,2026-08-29T17:06:15,2
54595768,2026-08-05,2026-08-29T17:06:18,2
54595769,2026-08-05,2026-08-29T17:06:18,2
54595770,2026-08-05,2026-08-29T17:06:18,2
54595772,2026-08-05,2026-08-29T17:06:18,2
54595775,2026-08-05,2026-08-29T17:06:18,2
54595777,2026-08-05,2026-08-29T17:06:21,2
54595778,2026-08-05,2026-08-29T17:06:21,2
54595786,2026-08-05,2026-08-29T17:09:23,2
54595787,2026-08-05,2026-08-29T17:09:23,2
54595788,2026-08-05,2026-08-29T17:09:27,2
54595789,2026-08-05,2026-08-29T16:48:28,2
54595790,2026-08-05,2026-08-29T17:09:27,2
54595791,2026-08-05,2026-08-29T17:09:27,2
54595792,2026-08-05,2026-08-29T16:44:59,2
54595796,2026-08-05,2026-08-29T16:46:48,2
54595797,2026-08-05,2026-08-29T16:30:49,2
54595805,2026-08-05,2026-08-29T16:44:59,2
54595813,2026-08-29T17:00:20,2026-08-29T17:00:20,1
54595817,2026-08-29T17:00:20,2026-08-29T17:00:20,1
54595820,2026-08-29T17:00:20,2026-08-29T17:00:20,1
54595822,2026-08-29T17:00:20,2026-08-29T17:00:20,1
54595823,2026-08-29T17:00:20,2026-08-29T17:00:20,1
54595833,2026-08-29T17:00:20,2026-08-29T17:00:20,1
54595839,2026-08-29T17:00:23,2026-08-29T17:00:23,1
54595845,2026-08-29T17:03:30,2026-08-29T17:03:30,1
54595861,2026-08-05,2026-08-29T16:32:47,2
54595878,2026-08-05,2026-08-29T16:44:59,2
54595893,2026-08-05,2026-08-29T16:47:22,2
54595911,2026-08-05,2026-08-29T16:47:22,2
54595923,2026-08-05,2026-08-29T16:47:22,2
54595932,2026-08-29T17:04:40,2026-08-29T17:04:40,1
54595937,2026-08-29T16:57:21,2026-08-29T16:57:21,1
54595938,2026-08-05,2026-08-29T17:02:02,2
54595955,2026-08-05,2026-08-29T16:32:00,2
54595959,2026-08-29T17:04:40,2026-08-29T17:04:40,1
54595980,2026-08-05,2026-08-29T16:47:38,2
54595991,2026-08-05,2026-08-29T16:48:34,2
54596011,2026-08-29T17:04:03,2026-08-29T17:04:03,1
54596013,2026-08-29T17:04:03,2026-08-29T17:04:03,1
54596021,2026-08-05,2026-08-29T17:10:34,2
54596022,2026-08-05,2026-08-29T17:10:34,2
54596023,2026-08-05,2026-08-29T17:11:42,2
54596024,2026-08-05,2026-08-29T17:09:14,2
54596025,2026-08-05,2026-08-29T17:09:14,2
54596033,2026-08-29T17:04:03,2026-08-29T17:04:03,1
54596037,2026-08-05,2026-08-29T17:08:02,2
54596038,2026-08-05,2026-08-29T17:11:39,2
54596039,2026-08-05,2026-08-29T17:09:14,2
54596040,2026-08-05,2026-08-29T17:09:09,2
54596041,2026-08-05,2026-08-29T17:09:14,2
54596042,2026-08-29T16:52:13,2026-08-29T16:52:13,1
54596045,2026-08-05,2026-08-29T16:34:53,2
54596091,2026-08-29T17:03:42,2026-08-29T17:03:42,1
54596105,2026-08-05,2026-08-29T16:35:09,2
54596132,2026-08-05,2026-08-29T16:48:34,2
54596151,2026-08-05,2026-08-29T16:43:20,2
54596154,2026-08-05,2026-08-29T16:48:02,2
54596185,2026-08-05,2026-08-29T16:49:54,2
54596228,2026-08-05,2026-08-29T17:05:54,2
54596229,2026-08-05,2026-08-29T17:06:00,2
54596239,2026-08-05,2026-08-29T16:50:02,2
54596254,2026-08-29T17:03:42,2026-08-29T17:03:42,1
54596266,2026-08-05,2026-08-29T16:41:02,2
54596318,2026-08-05,2026-08-29T16:47:34,2
54596336,2026-08-05,2026-08-29T17:05:33,2
54596341,2026-08-05,2026-08-29T16:48:20,2
54596367,2026-08-05,2026-08-29T16:36:28,2
54596393,2026-08-05,2026-08-29T16:49:05,2
54596406,2026-08-05,2026-08-29T16:40:43,2
54596424,2026-08-05,2026-08-29T16:56:46,2
54596426,2026-08-29T16:43:16,2026-08-29T16:43:16,1
54596428,2026-08-05,2026-08-29T16:44:50,2
54596442,2026-08-05,2026-08-29T16:40:20,2
54596457,2026-08-05,2026-08-29T16:37:32,2
54596522,2026-08-29T16:45:19,2026-08-29T16:45:19,1
54596536,2026-08-29T16:59:14,2026-08-29T16:59:14,1
54596581,2026-08-05,2026-08-29T16:45:19,2
54596589,2026-08-05,2026-08-29T16:41:43,2
54596592,2026-08-29T16:37:06,2026-08-29T16:37:06,1
54596609,2026-08-05,2026-08-29T16:48:59,2
54596619,2026-08-05,2026-08-29T16:39:26,2
54596647,2026-08-05,2026-08-29T16:49:54,2
54596669,2026-08-05,2026-08-29T17:05:36,2
54596673,2026-08-05,2026-08-29T16:43:04,2
54596698,2026-08-29T16:45:19,2026-08-29T16:45:19,1
54596707,2026-08-29T16:45:33,2026-08-29T16:45:33,1
54596722,2026-08-05,2026-08-29T16:47:19,2
54596789,2026-08-05,2026-08-29T16:44:05,2
54596794,2026-08-05,2026-08-29T16:43:04,2
54596880,2026-08-29T17:02:37,2026-08-29T17:02:37,1
54596888,2026-08-29T16:59:58,2026-08-29T16:59:58,1
54596926,2026-08-05,2026-08-05,1
54596945,2026-08-05,2026-08-29T16:45:52,2
54596947,2026-08-29T17:00:08,2026-08-29T17:00:08,1
54596955,2026-08-05,2026-08-29T16:51:46,2
54597059,2026-08-05,2026-08-29T16:37:32,2
54597134,2026-08-05,2026-08-29T16:35:13,2
54597137,2026-08-29T16:52:42,2026-08-29T16:52:42,1
54597168,2026-08-29T16:59:17,2026-08-29T16:59:17,1
54597172,2026-08-05,2026-08-29T16:43:04,2
54597219,2026-08-05,2026-08-29T16:35:13,2
54597245,2026-08-29T17:05:01,2026-08-29T17:05:01,1
54597276,2026-08-05,2026-08-29T16:33:02,2
54597281,2026-08-05,2026-08-05,1
54597284,2026-08-05,2026-08-29T16:44:37,2
54597302,2026-08-05,2026-08-29T16:58:12,2
54597307,2026-08-05,2026-08-29T16:31:09,2
54597331,2026-08-05,2026-08-29T17:00:38,2
54597355,2026-08-29T16:53:56,2026-08-29T16:53:56,1
54597367,2026-08-05,2026-08-29T16:36:47,2
54597374,2026-08-05,2026-08-29T16:31:09,2
54597445,2026-08-05,2026-08-29T16:32:26,2
54597446,2026-08-29T16:35:47,2026-08-29T16:35:47,1
54597447,2026-08-05,2026-08-29T17:12:19,2
54597452,2026-08-05,2026-08-29T16:33:43,2
54597454,2026-08-05,2026-08-29T16:36:47,2
54597469,2026-08-05,2026-08-29T16:35:09,2
54597484,2026-08-05,2026-08-29T16:51:23,2
54597488,2026-08-05,2026-08-29T16:49:54,2
54597499,2026-08-29T16:52:39,2026-08-29T16:52:39,1
54597502,2026-08-29T16:31:54,2026-08-29T16:31:54,1
54597505,2026-08-05,2026-08-29T16:59:29,2
54597507,2026-08-05,2026-08-29T16:32:35,2
54597522,2026-08-05,2026-08-29T16:36:47,2
54597525,2026-08-05,2026-08-29T17:11:49,2
54597531,2026-08-05,2026-08-29T16:40:07,2
54597533,2026-08-05,2026-08-29T16:48:56,2
54597539,2026-08-05,2026-08-29T16:44:40,2
54597541,2026-08-29T16:58:40,2026-08-29T16:58:40,1
54597542,2026-08-05,2026-08-29T16:47:19,2
54597543,2026-08-05,2026-08-29T16:48:08,2
54597544,2026-08-29T16:58:40,2026-08-29T16:58:40,1
54597546,2026-08-05,2026-08-29T16:58:40,2
54597548,2026-08-05,2026-08-29T16:58:40,2
54597558,2026-08-05,2026-08-29T16:48:37,2
54597573,2026-08-29T16:57:09,2026-08-29T16:57:09,1
54597574,2026-08-05,2026-08-29T16:47:28,2
54597624,2026-08-05,2026-08-29T16:50:21,2
54597625,2026-08-29T17:00:08,2026-08-29T17:00:08,1
54597632,2026-08-29T17:04:16,2026-08-29T17:04:16,1
54597668,2026-08-05,2026-08-29T16:47:34,2
54597684,2026-08-29T17:04:16,2026-08-29T17:04:16,1
54597694,2026-08-05,2026-08-29T16:48:59,2
54597704,2026-08-05,2026-08-29T16:49:02,2
54597707,2026-08-05,2026-08-29T17:07:49,2
54597723,2026-08-05,2026-08-29T16:45:28,2
54597733,2026-08-29T16:54:38,2026-08-29T16:54:38,1
54597747,2026-08-29T16:44:26,2026-08-29T16:44:26,1
54597774,2026-08-29T17:00:04,2026-08-29T17:00:04,1
54597784,2026-08-29T16:54:42,2026-08-29T16:54:42,1
54597790,2026-08-29T16:54:42,2026-08-29T16:54:42,1
54597800,2026-08-05,2026-08-29T17:07:22,2
54597801,2026-08-29T16:54:42,2026-08-29T16:54:42,1
54597808,2026-08-05,2026-08-29T16:37:58,2
54597834,2026-08-05,2026-08-29T17:00:38,2
54597843,2026-08-29T16:54:11,2026-08-29T16:54:11,1
54597851,2026-08-29T16:45:58,2026-08-29T16:45:58,1
54597858,2026-08-29T16:54:58,2026-08-29T16:54:58,1
54597865,2026-08-05,2026-08-29T16:45:05,2
54597870,2026-08-29T16:54:58,2026-08-29T16:54:58,1
54597873,2026-08-05,2026-08-29T16:49:02,2
54597889,2026-08-29T16:54:58,2026-08-29T16:54:58,1
54597897,2026-08-05,2026-08-29T16:41:27,2
54597899,2026-08-05,2026-08-29T16:59:02,2
54597901,2026-08-05,2026-08-29T17:09:14,2
54597909,2026-08-05,2026-08-29T17:02:31,2
54597910,2026-08-05,2026-08-29T16:45:46,2
54597921,2026-08-05,2026-08-29T16:41:27,2
54597926,2026-08-05,2026-08-29T16:45:49,2
54597945,2026-08-05,2026-08-29T17:09:41,2
54597963,2026-08-05,2026-08-29T16:51:06,2
54597967,2026-08-05,2026-08-29T16:36:03,2
54597979,2026-08-05,2026-08-29T16:51:06,2
54597983,2026-08-05,2026-08-29T16:47:31,2
54597990,2026-08-05,2026-08-29T16:51:06,2
54597996,2026-08-29T16:58:09,2026-08-29T16:58:09,1
54597997,2026-08-05,2026-08-29T16:32:06,2
54598006,2026-08-05,2026-08-29T16:46:34,2
54598024,2026-08-29T16:59:55,2026-08-29T16:59:55,1
54598030,2026-08-05,2026-08-29T16:37:36,2
54598045,2026-08-05,2026-08-29T16:45:49,2
54598059,2026-08-05,2026-08-29T16:35:09,2
54598074,2026-08-29T16:58:37,2026-08-29T16:58:37,1
54598078,2026-08-29T16:58:37,2026-08-29T16:58:37,1
54598083,2026-08-29T16:51:29,2026-08-29T16:51:29,1
54598084,2026-08-05,2026-08-29T16:36:03,2
54598088,2026-08-29T16:51:29,2026-08-29T16:51:29,1
54598090,2026-08-29T16:51:26,2026-08-29T16:51:26,1
54598093,2026-08-29T16:51:26,2026-08-29T16:51:26,1
54598095,2026-08-29T16:58:37,2026-08-29T16:58:37,1
54598097,2026-08-29T16:58:37,2026-08-29T16:58:37,1
54598099,2026-08-29T16:58:33,2026-08-29T16:58:33,1
54598101,2026-08-29T16:55:59,2026-08-29T16:55:59,1
54598103,2026-08-29T16:57:00,2026-08-29T16:57:00,1
54598105,2026-08-05,2026-08-29T16:37:54,2
54598110,2026-08-29T16:51:49,2026-08-29T16:51:49,1
54598114,2026-08-05,2026-08-29T16:30:52,2
54598116,2026-08-05,2026-08-29T16:39:06,2
54598127,2026-08-29T16:56:08,2026-08-29T16:56:08,1
54598128,2026-08-05,2026-08-29T16:28:49,2
54598137,2026-08-29T17:02:55,2026-08-29T17:02:55,1
54598171,2026-08-29T17:03:01,2026-08-29T17:03:01,1
54598204,2026-08-29T16:52:55,2026-08-29T16:52:55,1
54598206,2026-08-05,2026-08-29T16:50:24,2
54598210,2026-08-29T17:00:01,2026-08-29T17:00:01,1
54598255,2026-08-05,2026-08-29T16:39:55,2
54598276,2026-08-05,2026-08-29T16:31:44,2
54598283,2026-08-29T16:52:45,2026-08-29T16:52:45,1
54598313,2026-08-05,2026-08-29T16:49:02,2
54598328,2026-08-05,2026-08-05,1
54598338,2026-08-29T16:37:21,2026-08-29T16:37:21,1
54598339,2026-08-05,2026-08-05,1
54598343,2026-08-05,2026-08-29T16:49:54,2
54598359,2026-08-05,2026-08-29T16:49:54,2
54598494,2026-08-29T16:56:11,2026-08-29T16:56:11,1
54598684,2026-08-05,2026-08-29T16:35:55,2
54598692,2026-08-05,2026-08-29T16:33:43,2
54598809,2026-08-05,2026-08-29T16:29:04,2
54598841,2026-08-29T17:05:04,2026-08-29T17:05:04,1
54598862,2026-08-05,2026-08-29T16:32:50,2
54598900,2026-08-05,2026-08-29T16:35:59,2
54598907,2026-08-29T16:57:18,2026-08-29T16:57:18,1
54598935,2026-08-29T16:57:00,2026-08-29T16:57:00,1
54598955,2026-08-05,2026-08-29T16:43:07,2
54599112,2026-08-05,2026-08-29T16:48:31,2
54599170,2026-08-05,2026-08-29T16:50:08,2
54599184,2026-08-05,2026-08-05,1
54599212,2026-08-05,2026-08-29T16:35:27,2
54599213,2026-08-29T17:02:40,2026-08-29T17:02:40,1
54599221,2026-08-05,2026-08-29T16:33:55,2
54599225,2026-08-05,2026-08-29T16:41:09,2
54599252,2026-08-05,2026-08-29T16:40:54,2
54599256,2026-08-05,2026-08-29T16:31:05,2
54599259,2026-08-05,2026-08-29T16:31:05,2
54599264,2026-08-05,2026-08-29T16:31:21,2
54599270,2026-08-05,2026-08-29T16:31:24,2
54599274,2026-08-05,2026-08-29T16:33:08,2
54599287,2026-08-29T17:04:40,2026-08-29T17:04:40,1
54599294,2026-08-29T16:51:16,2026-08-29T16:51:16,1
54599342,2026-08-05,2026-08-05,1
54599387,2026-08-05,2026-08-05,1
54599411,2026-08-29T17:02:43,2026-08-29T17:02:43,1
54599416,2026-08-05,2026-08-29T17:07:22,2
54599424,2026-08-05,2026-08-29T16:33:49,2
54599426,2026-08-05,2026-08-29T16:33:46,2
54599471,2026-08-05,2026-08-29T16:46:10,2
54599475,2026-08-05,2026-08-29T16:46:10,2
54599584,2026-08-05,2026-08-05,1
54599597,2026-08-05,2026-08-05,1
54599618,2026-08-29T16:53:47,2026-08-29T16:53:47,1
54599710,2026-08-29T16:54:35,2026-08-29T16:54:35,1
54599711,2026-08-29T16:54:35,2026-08-29T16:54:35,1
54599712,2026-08-05,2026-08-29T16:35:06,2
54599716,2026-08-05,2026-08-29T16:43:07,2
54599754,2026-08-05,2026-08-29T16:35:06,2
54599808,2026-08-05,2026-08-29T16:36:03,2
54599824,2026-08-05,2026-08-29T16:35:55,2
54599854,2026-08-29T16:53:15,2026-08-29T16:53:15,1
54599855,2026-08-29T16:54:25,2026-08-29T16:54:25,1
54599856,2026-08-29T16:53:15,2026-08-29T16:53:15,1
54599867,2026-08-29T16:53:47,2026-08-29T16:53:47,1
54599939,2026-08-29T16:54:35,2026-08-29T16:54:35,1
54599940,2026-08-29T16:54:35,2026-08-29T16:54:35,1
54599941,2026-08-29T16:54:35,2026-08-29T16:54:35,1
54599942,2026-08-29T16:54:35,2026-08-29T16:54:35,1
54599943,2026-08-29T16:54:32,2026-08-29T16:54:32,1
54599944,2026-08-29T16:54:32,2026-08-29T16:54:32,1
54599983,2026-08-05,2026-08-29T16:35:06,2
54600132,2026-08-05,2026-08-29T16:35:06,2
54600154,2026-08-05,2026-08-29T16:36:47,2
54600179,2026-08-05,2026-08-29T16:35:06,2
54600243,2026-08-05,2026-08-29T16:31:41,2
54600345,2026-08-05,2026-08-29T16:49:02,2
54600382,2026-08-05,2026-08-29T16:29:55,2
54600383,2026-08-05,2026-08-29T16:31:00,2
54600396,2026-08-29T16:45:02,2026-08-29T16:45:02,1
54600404,2026-08-29T16:49:14,2026-08-29T16:49:14,1
54600407,2026-08-29T16:53:22,2026-08-29T16:53:22,1
54600453,2026-08-05,2026-08-29T16:31:57,2
54600468,2026-08-05,2026-08-29T16:33:05,2
54600480,2026-08-05,2026-08-29T16:31:21,2
54600490,2026-08-05,2026-08-29T16:39:06,2
54600496,2026-08-05,2026-08-29T16:39:10,2
54600500,2026-08-05,2026-08-29T16:31:09,2
54600507,2026-08-05,2026-08-29T17:12:09,2
54600508,2026-08-05,2026-08-29T17:11:39,2
54600513,2026-08-05,2026-08-29T17:12:12,2
54600608,2026-08-05,2026-08-29T17:10:34,2
54600692,2026-08-05,2026-08-29T16:30:07,2
54600693,2026-08-05,2026-08-29T16:30:07,2
54600698,2026-08-05,2026-08-29T17:09:34,2
54600761,2026-08-05,2026-08-05,1
54600772,2026-08-29T16:51:26,2026-08-29T16:51:26,1
54600773,2026-08-29T16:54:02,2026-08-29T16:54:02,1
54600774,2026-08-05,2026-08-29T17:01:02,2
54600927,2026-08-05,2026-08-29T17:06:06,2
54600928,2026-08-05,2026-08-29T17:05:54,2
54600929,2026-08-05,2026-08-29T16:37:28,2
54600934,2026-08-05,2026-08-29T16:29:52,2
54600944,2026-08-05,2026-08-29T17:09:20,2
54600945,2026-08-05,2026-08-29T17:10:34,2
54600946,2026-08-05,2026-08-29T17:10:34,2
54600947,2026-08-05,2026-08-29T17:10:34,2
54600948,2026-08-05,2026-08-29T17:10:34,2
54600949,2026-08-05,2026-08-29T17:10:34,2
54600950,2026-08-05,2026-08-29T17:10:34,2
54600951,2026-08-05,2026-08-29T17:10:34,2
54600952,2026-08-05,2026-08-29T17:11:42,2
54600953,2026-08-05,2026-08-29T17:10:34,2
54600954,2026-08-05,2026-08-29T17:10:34,2
54600955,2026-08-05,2026-08-29T17:10:34,2
54600993,2026-08-29T17:00:17,2026-08-29T17:00:17,1
54600998,2026-08-29T16:54:25,2026-08-29T16:54:25,1
54600999,2026-08-29T16:54:22,2026-08-29T16:54:22,1
54601030,2026-08-29T16:56:49,2026-08-29T16:56:49,1
54601056,2026-08-05,2026-08-29T16:30:12,2
54601112,2026-08-29T16:54:38,2026-08-29T16:54:38,1
54601120,2026-08-29T17:03:57,2026-08-29T17:03:57,1
54601136,2026-08-29T16:56:49,2026-08-29T16:56:49,1
54601139,2026-08-05,2026-08-29T16:42:09,2
54601159,2026-08-29T16:56:11,2026-08-29T16:56:11,1
54601161,2026-08-05,2026-08-29T16:42:09,2
54601187,2026-08-29T16:40:48,2026-08-29T16:40:48,1
54601192,2026-08-29T16:38:10,2026-08-29T16:38:10,1
54601211,2026-08-05,2026-08-29T16:50:15,2
54601212,2026-08-05,2026-08-29T16:29:04,2
54601313,2026-08-05,2026-08-29T17:09:14,2
54601326,2026-08-05,2026-08-29T16:47:13,2
54601360,2026-08-05,2026-08-29T16:35:23,2
54601365,2026-08-05,2026-08-29T16:35:19,2
54601376,2026-08-29T16:35:19,2026-08-29T16:35:19,1
54601400,2026-08-05,2026-08-29T16:38:20,2
54601405,2026-08-29T16:28:49,2026-08-29T16:28:49,1
54601427,2026-08-05,2026-08-29T16:32:53,2
54601431,2026-08-05,2026-08-29T16:32:32,2
54601454,2026-08-05,2026-08-29T16:42:16,2
54601455,2026-08-29T16:53:35,2026-08-29T16:53:35,1
54601456,2026-08-05,2026-08-29T17:05:39,2
54601469,2026-08-29T16:28:49,2026-08-29T16:28:49,1
54601482,2026-08-29T16:53:35,2026-08-29T16:53:35,1
54601495,2026-08-05,2026-08-29T16:46:31,2
54601519,2026-08-29T16:54:19,2026-08-29T16:54:19,1
54601521,2026-08-05,2026-08-05,1
54601535,2026-08-29T16:59:26,2026-08-29T16:59:26,1
54601540,2026-08-05,2026-08-29T16:32:32,2
54601554,2026-08-05,2026-08-29T16:36:58,2
54601556,2026-08-29T16:57:03,2026-08-29T16:57:03,1
54601559,2026-08-05,2026-08-29T16:32:03,2
54601570,2026-08-29T16:28:49,2026-08-29T16:28:49,1
54601591,2026-08-05,2026-08-29T16:32:59,2
54601600,2026-08-29T16:54:19,2026-08-29T16:54:19,1
54601604,2026-08-05,2026-08-29T16:35:06,2
54601609,2026-08-29T16:44:22,2026-08-29T16:44:22,1
54601642,2026-08-05,2026-08-29T16:33:39,2
54601644,2026-08-05,2026-08-29T16:28:45,2
54601664,2026-08-05,2026-08-29T16:47:22,2
54601677,2026-08-05,2026-08-29T16:46:38,2
54601700,2026-08-05,2026-08-29T16:36:58,2
54601733,2026-08-29T16:52:48,2026-08-29T16:52:48,1
54601742,2026-08-29T16:51:06,2026-08-29T16:51:06,1
54601795,2026-08-05,2026-08-29T16:48:37,2
54601807,2026-08-29T16:28:49,2026-08-29T16:28:49,1
54601817,2026-08-05,2026-08-29T16:34:33,2
54601844,2026-08-29T16:53:02,2026-08-29T16:53:02,1
54601859,2026-08-05,2026-08-29T17:05:54,2
54601871,2026-08-05,2026-08-29T17:10:15,2
54601875,2026-08-29T16:54:19,2026-08-29T16:54:19,1
54601877,2026-08-29T17:04:28,2026-08-29T17:04:28,1
54601879,2026-08-05,2026-08-29T17:10:34,2
54601889,2026-08-05,2026-08-29T17:05:10,2
54601905,2026-08-29T16:54:19,2026-08-29T16:54:19,1
54601921,2026-08-05,2026-08-29T17:06:03,2
54601929,2026-08-05,2026-08-29T16:30:34,2
54601930,2026-08-29T16:54:19,2026-08-29T16:54:19,1
54601946,2026-08-05,2026-08-29T16:48:59,2
54601986,2026-08-05,2026-08-29T16:32:44,2
54601992,2026-08-29T16:31:44,2026-08-29T16:31:44,1
54602003,2026-08-05,2026-08-05,1
54602020,2026-08-29T16:54:19,2026-08-29T16:54:19,1
54602023,2026-08-29T17:05:01,2026-08-29T17:05:01,1
54602040,2026-08-29T17:00:11,2026-08-29T17:00:11,1
54602049,2026-08-05,2026-08-29T17:05:48,2
54602057,2026-08-05,2026-08-29T16:33:39,2
54602083,2026-08-05,2026-08-29T16:45:28,2
54602085,2026-08-29T16:31:44,2026-08-29T16:31:44,1
54602094,2026-08-05,2026-08-29T16:56:08,2
54602100,2026-08-05,2026-08-29T16:48:59,2
54602115,2026-08-29T16:47:03,2026-08-29T16:47:03,1
54602129,2026-08-29T17:03:21,2026-08-29T17:03:21,1
54602157,2026-08-05,2026-08-29T16:40:28,2
54602195,2026-08-05,2026-08-29T16:56:08,2
54602204,2026-08-05,2026-08-29T17:05:48,2
54602214,2026-08-29T16:49:36,2026-08-29T16:49:36,1
54602216,2026-08-05,2026-08-29T17:06:18,2
54602238,2026-08-05,2026-08-29T16:56:08,2
54602275,2026-08-05,2026-08-29T16:56:08,2
54602293,2026-08-05,2026-08-29T16:42:29,2
54602302,2026-08-29T16:57:15,2026-08-29T16:57:15,1
54602316,2026-08-29T16:51:26,2026-08-29T16:51:26,1
54602324,2026-08-29T16:31:47,2026-08-29T16:31:47,1
54602332,2026-08-05,2026-08-29T17:05:25,2
54602340,2026-08-05,2026-08-29T16:49:54,2
54602381,2026-08-05,2026-08-29T17:06:29,2
54602382,2026-08-05,2026-08-29T16:30:37,2
54602414,2026-08-29T16:45:25,2026-08-29T16:45:25,1
54602430,2026-08-05,2026-08-29T16:39:51,2
54602431,2026-08-29T16:54:19,2026-08-29T16:54:19,1
54602454,2026-08-05,2026-08-29T16:31:24,2
54602465,2026-08-29T16:54:42,2026-08-29T16:54:42,1
54602479,2026-08-29T17:04:00,2026-08-29T17:04:00,1
54602494,2026-08-05,2026-08-29T16:48:49,2
54602513,2026-08-05,2026-08-29T16:32:03,2
54602530,2026-08-05,2026-08-29T16:40:02,2
54602583,2026-08-05,2026-08-29T16:47:00,2
54602589,2026-08-29T16:53:44,2026-08-29T16:53:44,1
54602617,2026-08-05,2026-08-29T17:07:22,2
54602636,2026-08-05,2026-08-29T16:48:43,2
54602644,2026-08-05,2026-08-29T16:48:56,2
54602656,2026-08-29T16:31:47,2026-08-29T16:31:47,1
54602667,2026-08-05,2026-08-29T16:36:58,2
54602676,2026-08-05,2026-08-29T17:12:19,2
54602710,2026-08-05,2026-08-29T16:48:59,2
54602711,2026-08-05,2026-08-29T16:47:00,2
54602712,2026-08-05,2026-08-29T16:51:06,2
54602714,2026-08-05,2026-08-29T16:48:56,2
54602769,2026-08-05,2026-08-29T17:02:16,2
54602773,2026-08-29T17:04:19,2026-08-29T17:04:19,1
54602789,2026-08-05,2026-08-29T16:39:10,2
54602807,2026-08-05,2026-08-29T16:34:19,2
54602893,2026-08-05,2026-08-29T16:34:47,2
54602915,2026-08-05,2026-08-29T16:43:13,2
54603011,2026-08-05,2026-08-29T17:00:32,2
54603110,2026-08-05,2026-08-29T16:42:24,2
54603113,2026-08-05,2026-08-05,1
54603123,2026-08-05,2026-08-29T17:07:22,2
54603124,2026-08-05,2026-08-05,1
54603138,2026-08-05,2026-08-29T17:01:53,2
54603161,2026-08-29T16:54:58,2026-08-29T16:54:58,1
54603164,2026-08-29T16:54:58,2026-08-29T16:54:58,1
54603225,2026-08-05,2026-08-29T16:41:52,2
54603246,2026-08-05,2026-08-29T16:35:03,2
54603281,2026-08-05,2026-08-29T16:29:59,2
54603296,2026-08-05,2026-08-29T16:38:14,2
54603301,2026-08-05,2026-08-29T16:47:07,2
54603309,2026-08-05,2026-08-29T16:31:00,2
54603358,2026-08-05,2026-08-29T16:44:05,2
54603363,2026-08-05,2026-08-29T16:44:02,2
54603367,2026-08-05,2026-08-29T16:44:02,2
54603375,2026-08-05,2026-08-29T16:44:02,2
54603384,2026-08-05,2026-08-29T16:44:02,2
54603386,2026-08-05,2026-08-29T16:43:59,2
54603399,2026-08-05,2026-08-29T16:43:59,2
54603405,2026-08-05,2026-08-29T16:44:02,2
54603414,2026-08-05,2026-08-29T16:43:59,2
54603419,2026-08-05,2026-08-29T16:43:59,2
54603426,2026-08-05,2026-08-29T16:43:55,2
54603431,2026-08-05,2026-08-29T16:43:55,2
54603437,2026-08-05,2026-08-29T16:43:55,2
54603438,2026-08-05,2026-08-29T16:43:55,2
54603445,2026-08-05,2026-08-29T16:43:55,2
54603449,2026-08-05,2026-08-29T16:43:52,2
54603453,2026-08-05,2026-08-29T16:43:52,2
54603454,2026-08-05,2026-08-29T16:43:52,2
54603456,2026-08-05,2026-08-29T16:43:46,2
54603483,2026-08-05,2026-08-29T16:32:53,2
54603508,2026-08-05,2026-08-29T16:32:00,2
54603512,2026-08-05,2026-08-29T16:41:39,2
54603516,2026-08-05,2026-08-29T16:43:46,2
54603519,2026-08-05,2026-08-29T16:43:46,2
54603523,2026-08-05,2026-08-29T16:43:49,2
54603527,2026-08-05,2026-08-29T16:43:49,2
54603529,2026-08-05,2026-08-29T16:43:49,2
54603532,2026-08-05,2026-08-29T16:43:49,2
54603535,2026-08-05,2026-08-29T16:43:49,2
54603540,2026-08-05,2026-08-29T16:43:52,2
54603543,2026-08-05,2026-08-29T16:43:46,2
54603546,2026-08-05,2026-08-29T16:32:00,2
54603550,2026-08-05,2026-08-29T16:43:46,2
54603642,2026-08-05,2026-08-29T16:36:10,2
54603661,2026-08-05,2026-08-29T16:35:43,2
54603723,2026-08-05,2026-08-29T16:40:48,2
54603727,2026-08-29T17:00:20,2026-08-29T17:00:20,1
54603741,2026-08-05,2026-08-29T16:45:52,2
54603812,2026-08-05,2026-08-29T16:45:39,2
54603860,2026-08-05,2026-08-29T16:42:49,2
54603880,2026-08-05,2026-08-29T16:35:59,2
54603895,2026-08-05,2026-08-29T16:47:44,2
54603926,2026-08-29T17:04:46,2026-08-29T17:04:46,1
54603949,2026-08-05,2026-08-29T16:44:29,2
54603952,2026-08-05,2026-08-29T16:39:51,2
54604000,2026-08-29T16:45:12,2026-08-29T16:45:12,1
54604027,2026-08-05,2026-08-29T16:39:38,2
54604035,2026-08-05,2026-08-29T16:32:35,2
54604041,2026-08-05,2026-08-29T16:39:10,2
54604077,2026-08-29T17:02:55,2026-08-29T17:02:55,1
54604102,2026-08-05,2026-08-29T17:07:22,2
54604121,2026-08-05,2026-08-29T16:48:56,2
54604355,2026-08-05,2026-08-29T17:01:08,2
54604356,2026-08-29T17:03:01,2026-08-29T17:03:01,1
54604366,2026-08-05,2026-08-29T16:46:41,2
54604424,2026-08-29T16:54:32,2026-08-29T16:54:32,1
54604431,2026-08-05,2026-08-29T16:48:52,2
54604462,2026-08-29T16:58:01,2026-08-29T16:58:01,1
54604463,2026-08-29T16:59:20,2026-08-29T16:59:20,1
54604491,2026-08-05,2026-08-29T16:47:50,2
54604496,2026-08-05,2026-08-29T16:37:24,2
54604497,2026-08-05,2026-08-29T16:37:24,2
54604498,2026-08-05,2026-08-29T16:37:24,2
54604504,2026-08-05,2026-08-29T16:47:50,2
54604524,2026-08-05,2026-08-29T16:45:25,2
54604544,2026-08-29T16:57:25,2026-08-29T16:57:25,1
54604545,2026-08-29T16:31:21,2026-08-29T16:31:21,1
54604549,2026-08-29T16:54:22,2026-08-29T16:54:22,1
54604550,2026-08-29T16:41:52,2026-08-29T16:41:52,1
54604551,2026-08-29T16:57:25,2026-08-29T16:57:25,1
54604552,2026-08-29T16:41:52,2026-08-29T16:41:52,1
54604554,2026-08-29T16:41:52,2026-08-29T16:41:52,1
54604555,2026-08-29T16:57:28,2026-08-29T16:57:28,1
54604556,2026-08-29T16:57:25,2026-08-29T16:57:25,1
54604559,2026-08-29T16:57:25,2026-08-29T16:57:25,1
54604561,2026-08-29T16:41:52,2026-08-29T16:41:52,1
54604563,2026-08-29T16:54:22,2026-08-29T16:54:22,1
54604564,2026-08-29T16:54:22,2026-08-29T16:54:22,1
54604566,2026-08-29T16:54:22,2026-08-29T16:54:22,1
54604570,2026-08-29T16:54:42,2026-08-29T16:54:42,1
54604571,2026-08-29T16:54:42,2026-08-29T16:54:42,1
54604583,2026-08-05,2026-08-29T16:47:50,2
54604590,2026-08-05,2026-08-29T16:34:56,2
54604606,2026-08-05,2026-08-29T16:47:50,2
54604621,2026-08-29T16:53:35,2026-08-29T16:53:35,1
54604623,2026-08-05,2026-08-29T16:34:56,2
54604966,2026-08-05,2026-08-05,1
54604967,2026-08-05,2026-08-05,1
54605025,2026-08-05,2026-08-29T16:38:14,2
54605055,2026-08-05,2026-08-29T16:34:30,2
54605060,2026-08-05,2026-08-29T16:30:34,2
54605070,2026-08-05,2026-08-29T16:45:39,2
54605115,2026-08-05,2026-08-29T16:34:56,2
54605117,2026-08-05,2026-08-29T16:47:03,2
54605161,2026-08-05,2026-08-29T16:56:11,2
54605193,2026-08-05,2026-08-29T16:30:34,2
54605280,2026-08-05,2026-08-29T16:34:26,2
54605329,2026-08-05,2026-08-29T16:33:05,2
54605330,2026-08-05,2026-08-29T16:29:00,2
54605345,2026-08-05,2026-08-29T16:46:57,2
54605351,2026-08-05,2026-08-29T16:30:34,2
54605365,2026-08-05,2026-08-29T16:31:13,2
54605371,2026-08-05,2026-08-29T16:41:35,2
54605372,2026-08-05,2026-08-29T17:09:17,2
54605415,2026-08-05,2026-08-29T16:30:34,2
54605416,2026-08-05,2026-08-29T17:02:19,2
54605456,2026-08-05,2026-08-29T17:09:06,2
54605457,2026-08-05,2026-08-29T17:05:36,2
54605458,2026-08-05,2026-08-29T17:10:31,2
54605515,2026-08-29T17:02:49,2026-08-29T17:02:49,1
54605519,2026-08-05,2026-08-29T17:01:08,2
54605526,2026-08-05,2026-08-29T16:33:36,2
54605534,2026-08-29T17:02:49,2026-08-29T17:02:49,1
54605535,2026-08-05,2026-08-29T17:01:08,2
54605536,2026-08-05,2026-08-29T17:01:11,2
54605537,2026-08-05,2026-08-29T16:41:09,2
54605540,2026-08-05,2026-08-29T16:41:09,2
54605542,2026-08-05,2026-08-29T16:41:14,2
54605590,2026-08-05,2026-08-29T16:42:32,2
54605615,2026-08-05,2026-08-29T17:09:06,2
54605616,2026-08-05,2026-08-29T17:10:03,2
54605617,2026-08-05,2026-08-29T17:05:39,2
54605618,2026-08-05,2026-08-29T17:05:48,2
54605619,2026-08-05,2026-08-29T17:05:39,2
54605620,2026-08-05,2026-08-29T17:05:36,2
54605621,2026-08-05,2026-08-29T17:09:06,2
54605625,2026-08-05,2026-08-29T16:34:56,2
54605626,2026-08-29T16:56:55,2026-08-29T16:56:55,1
54605646,2026-08-29T16:47:38,2026-08-29T16:47:38,1
54605647,2026-08-29T16:51:03,2026-08-29T16:51:03,1
54605678,2026-08-05,2026-08-29T16:28:56,2
54605679,2026-08-05,2026-08-29T16:28:56,2
54605680,2026-08-05,2026-08-29T16:28:56,2
54605681,2026-08-05,2026-08-29T16:29:00,2
54605682,2026-08-05,2026-08-29T16:29:00,2
54605684,2026-08-05,2026-08-29T16:29:00,2
54605686,2026-08-05,2026-08-29T16:29:00,2
54605687,2026-08-05,2026-08-29T16:29:00,2
54605688,2026-08-05,2026-08-29T16:29:00,2
54605690,2026-08-05,2026-08-29T17:00:56,2
54605704,2026-08-29T16:45:09,2026-08-29T16:45:09,1
54605711,2026-08-05,2026-08-29T16:29:00,2
54605712,2026-08-05,2026-08-29T16:29:00,2
54605734,2026-08-29T16:52:05,2026-08-29T16:52:05,1
54605741,2026-08-05,2026-08-29T16:48:52,2
54605802,2026-08-05,2026-08-29T17:00:56,2
54605822,2026-08-05,2026-08-29T17:06:36,2
54605837,2026-08-05,2026-08-29T16:43:13,2
54605841,2026-08-29T17:05:01,2026-08-29T17:05:01,1
54605847,2026-08-29T17:04:55,2026-08-29T17:04:55,1
54605899,2026-08-29T16:54:32,2026-08-29T16:54:32,1
54605951,2026-08-05,2026-08-29T16:29:04,2
54605983,2026-08-05,2026-08-29T16:32:56,2
54605988,2026-08-29T17:05:01,2026-08-29T17:05:01,1
54606090,2026-08-05,2026-08-29T16:32:41,2
54606100,2026-08-05,2026-08-29T16:32:41,2
54606121,2026-08-05,2026-08-29T16:39:58,2
54606136,2026-08-29T16:50:57,2026-08-29T16:50:57,1
54606152,2026-08-05,2026-08-29T16:47:19,2
54606170,2026-08-05,2026-08-29T16:32:38,2
54606194,2026-08-29T16:55:52,2026-08-29T16:55:52,1
54606206,2026-08-29T16:51:52,2026-08-29T16:51:52,1
54606218,2026-08-29T16:44:50,2026-08-29T16:44:50,1
54606228,2026-08-05,2026-08-29T16:46:45,2
54606241,2026-08-29T16:44:26,2026-08-29T16:44:26,1
54606291,2026-08-05,2026-08-29T17:06:03,2
54606292,2026-08-05,2026-08-29T17:07:32,2
54606293,2026-08-05,2026-08-29T17:06:03,2
54606307,2026-08-05,2026-08-29T16:41:43,2
54606359,2026-08-05,2026-08-29T16:45:33,2
54606386,2026-08-05,2026-08-29T16:33:46,2
54606395,2026-08-05,2026-08-29T16:32:35,2
54606423,2026-08-29T17:04:49,2026-08-29T17:04:49,1
54606436,2026-08-05,2026-08-29T16:41:43,2
54606489,2026-08-05,2026-08-29T16:32:35,2
54606525,2026-08-05,2026-08-29T16:45:58,2
54606533,2026-08-05,2026-08-29T16:34:53,2
54606535,2026-08-05,2026-08-29T16:30:07,2
54606552,2026-08-05,2026-08-29T16:45:02,2
54606567,2026-08-05,2026-08-29T16:41:43,2
54606569,2026-08-05,2026-08-29T16:34:50,2
54606571,2026-08-05,2026-08-29T16:46:48,2
54606585,2026-08-05,2026-08-29T17:02:19,2
54606590,2026-08-05,2026-08-29T17:01:53,2
54606600,2026-08-29T17:03:12,2026-08-29T17:03:12,1
54606610,2026-08-05,2026-08-29T17:01:53,2
54606674,2026-08-29T16:54:19,2026-08-29T16:54:19,1
54606705,2026-08-05,2026-08-29T16:35:47,2
54606708,2026-08-05,2026-08-29T16:34:22,2
54606717,2026-08-05,2026-08-29T16:34:05,2
54606761,2026-08-05,2026-08-29T17:09:41,2
54606768,2026-08-05,2026-08-29T16:35:51,2
54606822,2026-08-05,2026-08-29T16:36:51,2
54606847,2026-08-05,2026-08-29T17:05:42,2
54606878,2026-08-05,2026-08-29T16:29:55,2
54606893,2026-08-05,2026-08-29T17:01:53,2
54606894,2026-08-05,2026-08-29T16:47:31,2
54606914,2026-08-05,2026-08-29T17:00:41,2
54606917,2026-08-05,2026-08-29T16:46:45,2
54606922,2026-08-05,2026-08-29T16:59:02,2
54606951,2026-08-05,2026-08-29T17:01:53,2
54606962,2026-08-29T17:04:31,2026-08-29T17:04:31,1
54606967,2026-08-05,2026-08-29T16:47:41,2
54606969,2026-08-05,2026-08-29T16:39:03,2
54606984,2026-08-05,2026-08-29T17:01:53,2
54606991,2026-08-05,2026-08-05,1
54607023,2026-08-05,2026-08-29T16:35:03,2
54607031,2026-08-05,2026-08-29T17:05:45,2
54607049,2026-08-29T17:04:06,2026-08-29T17:04:06,1
54607074,2026-08-05,2026-08-29T16:48:49,2
54607107,2026-08-29T16:53:05,2026-08-29T16:53:05,1
54607110,2026-08-05,2026-08-29T16:42:49,2
54607143,2026-08-05,2026-08-29T16:32:03,2
54607176,2026-08-05,2026-08-29T16:35:43,2
54607180,2026-08-05,2026-08-29T16:48:49,2
54607217,2026-08-05,2026-08-29T17:05:19,2
54607223,2026-08-05,2026-08-29T16:43:07,2
54607227,2026-08-29T16:28:49,2026-08-29T16:28:49,1
54607234,2026-08-05,2026-08-29T16:48:02,2
54607238,2026-08-05,2026-08-29T17:06:29,2
54607267,2026-08-05,2026-08-29T17:00:29,2
54607296,2026-08-05,2026-08-29T16:41:35,2
54607312,2026-08-05,2026-08-29T16:48:04,2
54607341,2026-08-05,2026-08-29T16:59:29,2
54607351,2026-08-05,2026-08-29T16:56:05,2
54607370,2026-08-05,2026-08-29T16:33:15,2
54607371,2026-08-05,2026-08-29T16:56:05,2
54607377,2026-08-29T16:48:02,2026-08-29T16:48:02,1
54607393,2026-08-05,2026-08-29T16:36:58,2
54607398,2026-08-05,2026-08-29T16:56:05,2
54607416,2026-08-05,2026-08-29T16:47:00,2
54607423,2026-08-05,2026-08-29T17:05:28,2
54607448,2026-08-05,2026-08-29T16:47:00,2
54607521,2026-08-05,2026-08-29T16:38:40,2
54607564,2026-08-05,2026-08-29T17:06:12,2
54607566,2026-08-05,2026-08-29T17:06:09,2
54607575,2026-08-05,2026-08-29T17:00:47,2
54607579,2026-08-29T16:57:15,2026-08-29T16:57:15,1
54607595,2026-08-29T16:57:15,2026-08-29T16:57:15,1
54607611,2026-08-05,2026-08-29T16:41:02,2
54607618,2026-08-05,2026-08-29T16:37:17,2
54607624,2026-08-05,2026-08-29T16:59:02,2
54607627,2026-08-05,2026-08-29T16:30:26,2
54607632,2026-08-05,2026-08-29T16:32:41,2
54607633,2026-08-05,2026-08-29T16:45:02,2
54607648,2026-08-29T17:04:49,2026-08-29T17:04:49,1
54607663,2026-08-05,2026-08-29T16:46:22,2
54607672,2026-08-29T16:53:38,2026-08-29T16:53:38,1
54607703,2026-08-29T16:53:38,2026-08-29T16:53:38,1
54607706,2026-08-05,2026-08-29T17:05:57,2
54607727,2026-08-29T16:36:37,2026-08-29T16:36:37,1
54607731,2026-08-05,2026-08-29T16:57:09,2
54607736,2026-08-05,2026-08-29T16:29:00,2
54607760,2026-08-05,2026-08-29T16:33:33,2
54607763,2026-08-29T16:36:37,2026-08-29T16:36:37,1
54607764,2026-08-29T16:36:42,2026-08-29T16:36:42,1
54607770,2026-08-05,2026-08-29T16:39:14,2
54607773,2026-08-29T16:36:37,2026-08-29T16:36:37,1
54607777,2026-08-29T16:52:25,2026-08-29T16:52:25,1
54607789,2026-08-29T16:36:37,2026-08-29T16:36:37,1
54607795,2026-08-05,2026-08-29T16:35:59,2
54607802,2026-08-29T16:36:37,2026-08-29T16:36:37,1
54607803,2026-08-05,2026-08-29T16:39:14,2
54607814,2026-08-05,2026-08-29T16:48:31,2
54607815,2026-08-05,2026-08-29T16:48:31,2
54607824,2026-08-29T16:54:22,2026-08-29T16:54:22,1
54607827,2026-08-29T16:54:58,2026-08-29T16:54:58,1
54607837,2026-08-29T16:54:58,2026-08-29T16:54:58,1
54607839,2026-08-29T16:55:02,2026-08-29T16:55:02,1
54607860,2026-08-29T16:54:58,2026-08-29T16:54:58,1
54607861,2026-08-29T16:54:58,2026-08-29T16:54:58,1
54607874,2026-08-29T16:55:02,2026-08-29T16:55:02,1
54607875,2026-08-29T16:54:58,2026-08-29T16:54:58,1
54607894,2026-08-05,2026-08-29T16:32:28,2
54607898,2026-08-05,2026-08-29T16:32:28,2
54607905,2026-08-29T16:31:47,2026-08-29T16:31:47,1
54607938,2026-08-29T16:54:42,2026-08-29T16:54:42,1
54607945,2026-08-29T16:54:42,2026-08-29T16:54:42,1
54608010,2026-08-05,2026-08-29T16:55:09,2
54608012,2026-08-05,2026-08-29T17:08:40,2
54608013,2026-08-05,2026-08-29T17:08:40,2
54608014,2026-08-05,2026-08-29T17:08:40,2
54608018,2026-08-05,2026-08-29T17:08:40,2
54608019,2026-08-29T16:42:09,2026-08-29T16:42:09,1
54608020,2026-08-05,2026-08-29T17:08:40,2
54608026,2026-08-29T16:54:42,2026-08-29T16:54:42,1
54608092,2026-08-05,2026-08-29T16:42:49,2
54608129,2026-08-05,2026-08-29T16:41:09,2
54608138,2026-08-05,2026-08-29T16:43:07,2
54608229,2026-08-05,2026-08-29T17:01:17,2
54608247,2026-08-05,2026-08-29T16:32:38,2
54608255,2026-08-05,2026-08-29T16:39:03,2
54608299,2026-08-05,2026-08-29T16:40:23,2
54608413,2026-08-05,2026-08-29T16:48:28,2
54608515,2026-08-29T16:31:21,2026-08-29T16:31:21,1
54608594,2026-08-05,2026-08-29T16:48:46,2
54608668,2026-08-05,2026-08-29T16:45:12,2
54608684,2026-08-05,2026-08-29T16:31:41,2
54608737,2026-08-05,2026-08-29T16:33:05,2
54608773,2026-08-05,2026-08-29T17:06:06,2
54608774,2026-08-05,2026-08-29T16:33:46,2
54608782,2026-08-05,2026-08-29T16:42:59,2
54608797,2026-08-05,2026-08-29T16:42:59,2
54608804,2026-08-05,2026-08-29T16:33:46,2
54608853,2026-08-29T16:54:42,2026-08-29T16:54:42,1
54608889,2026-08-05,2026-08-29T16:50:08,2
54608900,2026-08-05,2026-08-29T16:46:22,2
54608909,2026-08-05,2026-08-05,1
54608926,2026-08-29T16:53:28,2026-08-29T16:53:28,1
54608944,2026-08-05,2026-08-29T16:50:08,2
54608946,2026-08-05,2026-08-29T16:50:08,2
54608964,2026-08-05,2026-08-29T16:45:33,2
54609099,2026-08-05,2026-08-29T16:34:53,2
54609149,2026-08-05,2026-08-29T16:49:59,2
54609174,2026-08-29T17:00:23,2026-08-29T17:00:23,1
54609179,2026-08-05,2026-08-05,1
54609180,2026-08-05,2026-08-05,1
54609266,2026-08-29T17:05:04,2026-08-29T17:05:04,1
54609273,2026-08-05,2026-08-29T16:47:38,2
54609335,2026-08-05,2026-08-29T16:47:25,2
54609365,2026-08-29T16:57:06,2026-08-29T16:57:06,1
54609415,2026-08-05,2026-08-29T16:34:44,2
54609422,2026-08-05,2026-08-29T17:10:09,2
54609605,2026-08-05,2026-08-29T16:46:25,2
54609626,2026-08-29T16:54:22,2026-08-29T16:54:22,1
54609686,2026-08-29T16:56:23,2026-08-29T16:56:23,1
54609713,2026-08-29T16:53:31,2026-08-29T16:53:31,1
54609746,2026-08-05,2026-08-29T16:50:02,2
54609776,2026-08-05,2026-08-29T16:47:07,2
54609855,2026-08-05,2026-08-05,1
54609857,2026-08-05,2026-08-05,1
54609859,2026-08-05,2026-08-05,1
54609860,2026-08-05,2026-08-05,1
54609862,2026-08-05,2026-08-05,1
54609863,2026-08-05,2026-08-05,1
54609864,2026-08-05,2026-08-05,1
54609865,2026-08-05,2026-08-05,1
54609868,2026-08-05,2026-08-05,1
54609869,2026-08-05,2026-08-05,1
54609870,2026-08-05,2026-08-05,1
54609872,2026-08-05,2026-08-05,1
54609873,2026-08-05,2026-08-05,1
54609874,2026-08-05,2026-08-05,1
54609875,2026-08-05,2026-08-05,1
54609876,2026-08-05,2026-08-05,1
54609877,2026-08-05,2026-08-05,1
54609878,2026-08-05,2026-08-05,1
54609879,2026-08-05,2026-08-05,1
54609880,2026-08-05,2026-08-05,1
54609881,2026-08-05,2026-08-05,1
54609882,2026-08-05,2026-08-05,1
54609883,2026-08-05,2026-08-05,1
54609884,2026-08-05,2026-08-05,1
54609885,2026-08-05,2026-08-05,1
54609886,2026-08-05,2026-08-05,1
54609888,2026-08-05,2026-08-05,1
54609889,2026-08-05,2026-08-05,1
54609890,2026-08-05,2026-08-05,1
54609892,2026-08-05,2026-08-05,1
54609893,2026-08-05,2026-08-05,1
54609894,2026-08-05,2026-08-05,1
54609895,2026-08-05,2026-08-05,1
54609904,2026-08-05,2026-08-05,1
54609905,2026-08-05,2026-08-05,1
54609908,2026-08-05,2026-08-05,1
54609909,2026-08-05,2026-08-05,1
54609910,2026-08-05,2026-08-05,1
54609912,2026-08-05,2026-08-29T16:40:43,2
54609916,2026-08-05,2026-08-05,1
54609917,2026-08-05,2026-08-05,1
54609918,2026-08-29T17:08:20,2026-08-29T17:08:20,1
54609919,2026-08-29T17:08:20,2026-08-29T17:08:20,1
54609920,2026-08-29T17:08:20,2026-08-29T17:08:20,1
54609927,2026-08-05,2026-08-05,1
54609928,2026-08-05,2026-08-05,1
54609930,2026-08-29T16:56:20,2026-08-29T16:56:20,1
54609931,2026-08-29T16:56:20,2026-08-29T16:56:20,1
54609978,2026-08-29T16:59:52,2026-08-29T16:59:52,1
54610012,2026-08-05,2026-08-29T17:07:10,2
54610020,2026-08-05,2026-08-29T17:09:34,2
54610021,2026-08-05,2026-08-29T17:09:30,2
54610246,2026-08-05,2026-08-29T16:32:44,2
54610247,2026-08-05,2026-08-29T16:32:44,2
54610299,2026-08-05,2026-08-29T16:29:20,2
54610576,2026-08-05,2026-08-29T16:45:09,2
54610578,2026-08-05,2026-08-29T16:46:25,2
54610604,2026-08-29T16:52:22,2026-08-29T16:52:22,1
54610839,2026-08-29T17:03:39,2026-08-29T17:03:39,1
54610913,2026-08-29T16:45:02,2026-08-29T16:45:02,1
54610921,2026-08-05,2026-08-29T17:06:55,2
54610931,2026-08-29T16:45:02,2026-08-29T16:45:02,1
54611013,2026-08-05,2026-08-29T16:33:08,2
54611021,2026-08-05,2026-08-29T16:33:12,2
54611022,2026-08-05,2026-08-29T17:06:55,2
54611148,2026-08-05,2026-08-29T16:31:17,2
54611414,2026-08-05,2026-08-29T16:29:35,2
54611436,2026-08-29T16:52:52,2026-08-29T16:52:52,1
54611438,2026-08-29T16:53:05,2026-08-29T16:53:05,1
54611439,2026-08-29T16:53:25,2026-08-29T16:53:25,1
54611440,2026-08-29T16:53:25,2026-08-29T16:53:25,1
54611441,2026-08-29T16:53:59,2026-08-29T16:53:59,1
54611442,2026-08-29T16:40:10,2026-08-29T16:40:10,1
54611443,2026-08-29T16:53:59,2026-08-29T16:53:59,1
54611444,2026-08-29T16:53:59,2026-08-29T16:53:59,1
54611445,2026-08-29T16:53:59,2026-08-29T16:53:59,1
54611446,2026-08-29T16:53:59,2026-08-29T16:53:59,1
54611447,2026-08-29T16:53:59,2026-08-29T16:53:59,1
54611448,2026-08-29T16:53:59,2026-08-29T16:53:59,1
54611449,2026-08-29T16:53:59,2026-08-29T16:53:59,1
54611450,2026-08-29T16:53:59,2026-08-29T16:53:59,1
54611451,2026-08-29T16:53:59,2026-08-29T16:53:59,1
54611452,2026-08-29T16:53:59,2026-08-29T16:53:59,1
54611453,2026-08-29T16:53:59,2026-08-29T16:53:59,1
54611454,2026-08-29T16:53:59,2026-08-29T16:53:59,1
54611455,2026-08-29T16:53:59,2026-08-29T16:53:59,1
54611456,2026-08-29T16:53:59,2026-08-29T16:53:59,1
54611457,2026-08-29T16:53:59,2026-08-29T16:53:59,1
54611458,2026-08-29T16:53:59,2026-08-29T16:53:59,1
54611459,2026-08-29T16:53:59,2026-08-29T16:53:59,1
54611460,2026-08-29T16:53:56,2026-08-29T16:53:56,1
54611461,2026-08-29T16:53:56,2026-08-29T16:53:56,1
54611467,2026-08-29T16:35:03,2026-08-29T16:35:03,1
54611468,2026-08-29T16:52:29,2026-08-29T16:52:29,1
54611478,2026-08-05,2026-08-29T16:51:16,2
54611479,2026-08-29T16:30:30,2026-08-29T16:30:30,1
54611480,2026-08-05,2026-08-29T16:51:16,2
54611481,2026-08-29T16:51:16,2026-08-29T16:51:16,1
54611482,2026-08-05,2026-08-29T16:36:58,2
54611483,2026-08-05,2026-08-29T16:42:01,2
54611486,2026-08-29T16:35:06,2026-08-29T16:35:06,1
54611492,2026-08-29T16:53:12,2026-08-29T16:53:12,1
54611494,2026-08-05,2026-08-29T16:48:43,2
54611514,2026-08-29T16:57:31,2026-08-29T16:57:31,1
54611528,2026-08-29T16:51:58,2026-08-29T16:51:58,1
54611541,2026-08-05,2026-08-29T16:48:28,2
54611608,2026-08-29T16:41:27,2026-08-29T16:41:27,1
54611645,2026-08-05,2026-08-29T16:32:41,2
54611666,2026-08-05,2026-08-29T16:29:52,2
54611669,2026-08-05,2026-08-29T16:37:32,2
54611678,2026-08-05,2026-08-29T17:07:13,2
54611765,2026-08-05,2026-08-29T17:00:32,2
54611778,2026-08-29T16:58:21,2026-08-29T16:58:21,1
54611788,2026-08-29T17:02:40,2026-08-29T17:02:40,1
54611833,2026-08-29T16:51:39,2026-08-29T16:51:39,1
54611851,2026-08-05,2026-08-29T16:44:56,2
54611862,2026-08-05,2026-08-29T16:51:39,2
54611873,2026-08-05,2026-08-29T16:46:25,2
54611891,2026-08-05,2026-08-29T16:37:28,2
54611898,2026-08-29T16:56:43,2026-08-29T16:56:43,1
54611940,2026-08-29T16:56:55,2026-08-29T16:56:55,1
54611977,2026-08-29T16:58:21,2026-08-29T16:58:21,1
54611979,2026-08-05,2026-08-29T16:46:48,2
54611984,2026-08-29T16:43:13,2026-08-29T16:43:13,1
54611986,2026-08-05,2026-08-29T16:30:15,2
54612146,2026-08-29T16:58:59,2026-08-29T16:58:59,1
54612154,2026-08-05,2026-08-29T16:29:39,2
54612164,2026-08-05,2026-08-29T16:30:19,2
54612172,2026-08-05,2026-08-29T16:42:09,2
54612183,2026-08-05,2026-08-29T17:02:10,2
54612209,2026-08-05,2026-08-29T16:44:05,2
54612255,2026-08-29T16:53:22,2026-08-29T16:53:22,1
54612274,2026-08-05,2026-08-29T16:48:28,2
54612283,2026-08-05,2026-08-29T17:10:24,2
54612292,2026-08-29T16:52:22,2026-08-29T16:52:22,1
54612326,2026-08-05,2026-08-29T16:46:38,2
54612327,2026-08-05,2026-08-29T16:45:39,2
54612347,2026-08-05,2026-08-29T17:07:56,2
54612361,2026-08-05,2026-08-29T16:46:45,2
54612365,2026-08-05,2026-08-29T16:37:47,2
54612368,2026-08-05,2026-08-29T16:30:37,2
54612375,2026-08-29T16:58:21,2026-08-29T16:58:21,1
54612378,2026-08-05,2026-08-29T17:10:24,2
54612387,2026-08-29T16:53:47,2026-08-29T16:53:47,1
54612392,2026-08-05,2026-08-29T16:45:39,2
54612403,2026-08-05,2026-08-29T16:40:36,2
54612412,2026-08-29T16:32:19,2026-08-29T16:32:19,1
54612417,2026-08-05,2026-08-29T17:07:13,2
54612434,2026-08-29T16:51:13,2026-08-29T16:51:13,1
54612438,2026-08-05,2026-08-29T17:06:46,2
54612448,2026-08-05,2026-08-05,1
54612465,2026-08-05,2026-08-29T16:39:42,2
54612487,2026-08-29T17:02:40,2026-08-29T17:02:40,1
54612499,2026-08-05,2026-08-29T17:07:10,2
54612504,2026-08-05,2026-08-29T16:32:44,2
54612510,2026-08-05,2026-08-29T16:34:10,2
54612540,2026-08-05,2026-08-29T16:51:32,2
54612552,2026-08-05,2026-08-05,1
54612555,2026-08-29T16:42:09,2026-08-29T16:42:09,1
54612578,2026-08-05,2026-08-29T17:00:29,2
54612581,2026-08-05,2026-08-29T16:46:29,2
54612613,2026-08-05,2026-08-29T16:44:22,2
54612643,2026-08-29T16:57:40,2026-08-29T16:57:40,1
54612672,2026-08-29T16:38:51,2026-08-29T16:38:51,1
54612712,2026-08-05,2026-08-29T16:42:01,2
54612732,2026-08-29T16:38:51,2026-08-29T16:38:51,1
54612740,2026-08-05,2026-08-29T17:01:59,2
54612758,2026-08-05,2026-08-05,1
54612773,2026-08-29T16:32:22,2026-08-29T16:32:22,1
54612779,2026-08-29T17:04:16,2026-08-29T17:04:16,1
54612792,2026-08-29T16:38:55,2026-08-29T16:38:55,1
54612799,2026-08-05,2026-08-29T16:45:25,2
54612807,2026-08-29T16:52:48,2026-08-29T16:52:48,1
54612849,2026-08-05,2026-08-05,1
54612852,2026-08-05,2026-08-29T16:42:53,2
54612855,2026-08-29T16:54:35,2026-08-29T16:54:35,1
54612923,2026-08-05,2026-08-29T16:44:40,2
54612927,2026-08-05,2026-08-29T16:47:46,2
54612928,2026-08-29T17:02:46,2026-08-29T17:02:46,1
54612932,2026-08-05,2026-08-29T16:37:06,2
54612933,2026-08-05,2026-08-29T16:29:24,2
54612986,2026-08-05,2026-08-29T16:51:42,2
54612997,2026-08-29T16:38:51,2026-08-29T16:38:51,1
54613006,2026-08-05,2026-08-29T16:36:37,2
54613007,2026-08-29T16:51:52,2026-08-29T16:51:52,1
54613035,2026-08-05,2026-08-29T17:08:56,2
54613046,2026-08-05,2026-08-29T16:45:30,2
54613059,2026-08-05,2026-08-29T16:44:16,2
54613091,2026-08-05,2026-08-29T16:44:19,2
54613110,2026-08-05,2026-08-29T17:10:21,2
54613120,2026-08-05,2026-08-29T16:43:42,2
54613128,2026-08-05,2026-08-29T17:10:21,2
54613129,2026-08-05,2026-08-29T16:51:46,2
54613173,2026-08-05,2026-08-29T16:47:53,2
54613175,2026-08-05,2026-08-29T17:06:03,2
54613216,2026-08-05,2026-08-29T17:00:29,2
54613238,2026-08-05,2026-08-29T16:32:00,2
54613244,2026-08-05,2026-08-29T16:36:37,2
54613259,2026-08-05,2026-08-29T16:45:33,2
54613287,2026-08-05,2026-08-29T17:07:10,2
54613292,2026-08-05,2026-08-29T16:44:16,2
54613316,2026-08-05,2026-08-29T16:33:02,2
54613324,2026-08-05,2026-08-29T16:34:36,2
54613330,2026-08-05,2026-08-29T16:34:50,2
54613331,2026-08-05,2026-08-29T16:36:47,2
54613335,2026-08-29T16:44:29,2026-08-29T16:44:29,1
54613352,2026-08-05,2026-08-29T16:47:10,2
54613360,2026-08-05,2026-08-29T16:44:22,2
54613382,2026-08-05,2026-08-29T16:28:49,2
54613438,2026-08-05,2026-08-29T16:47:10,2
54613448,2026-08-05,2026-08-29T17:00:29,2
54613452,2026-08-29T16:43:26,2026-08-29T16:43:26,1
54613455,2026-08-05,2026-08-29T16:34:53,2
54613475,2026-08-05,2026-08-29T16:46:10,2
54613481,2026-08-05,2026-08-29T16:42:56,2
54613491,2026-08-05,2026-08-29T16:30:07,2
54613516,2026-08-05,2026-08-29T17:05:25,2
54613521,2026-08-05,2026-08-29T16:48:34,2
54613532,2026-08-29T16:59:55,2026-08-29T16:59:55,1
54613554,2026-08-05,2026-08-29T16:37:58,2
54613565,2026-08-05,2026-08-29T16:30:55,2
54613569,2026-08-29T16:43:59,2026-08-29T16:43:59,1
54613585,2026-08-05,2026-08-29T16:36:47,2
54613604,2026-08-05,2026-08-29T16:36:47,2
54613660,2026-08-05,2026-08-29T16:39:03,2
54613673,2026-08-05,2026-08-29T16:48:11,2
54613683,2026-08-29T16:52:31,2026-08-29T16:52:31,1
54613695,2026-08-05,2026-08-29T16:32:22,2
54613740,2026-08-05,2026-08-29T16:48:28,2
54613777,2026-08-29T17:04:49,2026-08-29T17:04:49,1
54613779,2026-08-05,2026-08-29T16:45:42,2
54613780,2026-08-29T16:54:11,2026-08-29T16:54:11,1
54613792,2026-08-29T16:53:31,2026-08-29T16:53:31,1
54613810,2026-08-05,2026-08-29T16:45:19,2
54613811,2026-08-05,2026-08-05,1
54613880,2026-08-05,2026-08-05,1
54613956,2026-08-29T16:56:52,2026-08-29T16:56:52,1
54613981,2026-08-05,2026-08-29T16:33:46,2
54614002,2026-08-05,2026-08-29T16:46:04,2
54614046,2026-08-05,2026-08-29T16:47:50,2
54614063,2026-08-05,2026-08-05,1
54614064,2026-08-05,2026-08-05,1
54614066,2026-08-05,2026-08-05,1
54614068,2026-08-05,2026-08-05,1
54614073,2026-08-05,2026-08-05,1
54614075,2026-08-05,2026-08-05,1
54614077,2026-08-05,2026-08-05,1
54614079,2026-08-05,2026-08-05,1
54614083,2026-08-05,2026-08-05,1
54614085,2026-08-05,2026-08-05,1
54614087,2026-08-05,2026-08-05,1
54614090,2026-08-05,2026-08-05,1
54614092,2026-08-05,2026-08-05,1
54614096,2026-08-05,2026-08-05,1
54614098,2026-08-05,2026-08-05,1
54614191,2026-08-05,2026-08-29T16:36:42,2
54614344,2026-08-05,2026-08-29T16:39:22,2
54614363,2026-08-05,2026-08-29T17:08:31,2
54614374,2026-08-05,2026-08-29T16:57:52,2
54614403,2026-08-05,2026-08-29T17:05:19,2
54614414,2026-08-05,2026-08-29T16:31:17,2
54614427,2026-08-05,2026-08-29T17:05:57,2
54614492,2026-08-05,2026-08-29T16:34:30,2
54614496,2026-08-29T16:55:46,2026-08-29T16:55:46,1
54614508,2026-08-05,2026-08-29T17:06:09,2
54614531,2026-08-05,2026-08-29T17:06:09,2
54614539,2026-08-05,2026-08-29T17:06:09,2
54614593,2026-08-05,2026-08-29T16:30:52,2
54614602,2026-08-05,2026-08-05,1
54614646,2026-08-05,2026-08-29T16:34:33,2
54614743,2026-08-05,2026-08-29T17:07:10,2
54614860,2026-08-05,2026-08-29T16:45:33,2
54614865,2026-08-05,2026-08-29T16:38:44,2
54614873,2026-08-05,2026-08-29T16:33:36,2
54614892,2026-08-05,2026-08-29T16:42:29,2
54614977,2026-08-05,2026-08-29T16:34:44,2
54614984,2026-08-05,2026-08-29T16:32:28,2
54614986,2026-08-05,2026-08-29T16:32:26,2
54614998,2026-08-29T16:49:39,2026-08-29T16:49:39,1
54615002,2026-08-05,2026-08-29T16:45:28,2
54615044,2026-08-05,2026-08-29T16:47:34,2
54615045,2026-08-05,2026-08-29T16:42:12,2
54615047,2026-08-05,2026-08-29T16:36:07,2
54615139,2026-08-05,2026-08-29T16:34:44,2
54615147,2026-08-29T17:00:08,2026-08-29T17:00:08,1
54615160,2026-08-05,2026-08-29T17:06:43,2
54615165,2026-08-29T16:53:56,2026-08-29T16:53:56,1
54615348,2026-08-05,2026-08-29T16:46:01,2
54615371,2026-08-05,2026-08-29T16:28:49,2
54615375,2026-08-05,2026-08-29T17:09:20,2
54615378,2026-08-05,2026-08-29T17:01:11,2
54615416,2026-08-05,2026-08-29T16:31:21,2
54615440,2026-08-29T16:54:42,2026-08-29T16:54:42,1
54615445,2026-08-05,2026-08-29T16:32:53,2
54615453,2026-08-29T16:59:14,2026-08-29T16:59:14,1
54615457,2026-08-05,2026-08-29T16:33:15,2
54615472,2026-08-05,2026-08-29T17:05:25,2
54615481,2026-08-05,2026-08-29T16:48:31,2
54615485,2026-08-05,2026-08-29T16:41:06,2
54615488,2026-08-05,2026-08-29T16:46:34,2
54615490,2026-08-05,2026-08-29T16:48:20,2
54615495,2026-08-05,2026-08-29T16:35:43,2
54615500,2026-08-05,2026-08-29T16:42:35,2
54615522,2026-08-05,2026-08-29T16:48:28,2
54615535,2026-08-05,2026-08-29T16:56:49,2
54615538,2026-08-29T16:51:39,2026-08-29T16:51:39,1
54615567,2026-08-29T16:38:59,2026-08-29T16:38:59,1
54615739,2026-08-05,2026-08-29T16:45:42,2
54615743,2026-08-29T16:38:59,2026-08-29T16:38:59,1
54615757,2026-08-05,2026-08-29T16:45:52,2
54615768,2026-08-05,2026-08-29T16:43:33,2
54615801,2026-08-05,2026-08-29T16:34:41,2
54615802,2026-08-05,2026-08-29T16:34:41,2
54615804,2026-08-29T16:55:37,2026-08-29T16:55:37,1
54615805,2026-08-29T16:31:17,2026-08-29T16:31:17,1
54615835,2026-08-05,2026-08-29T16:47:28,2
54615856,2026-08-29T16:59:14,2026-08-29T16:59:14,1
54615870,2026-08-05,2026-08-29T16:31:38,2
54615899,2026-08-29T16:53:31,2026-08-29T16:53:31,1
54615933,2026-08-05,2026-08-29T17:07:42,2
54615939,2026-08-29T16:51:39,2026-08-29T16:51:39,1
54615974,2026-08-05,2026-08-29T16:41:52,2
54615977,2026-08-29T16:33:08,2026-08-29T16:33:08,1
54615983,2026-08-05,2026-08-29T16:35:35,2
54615991,2026-08-05,2026-08-29T16:29:43,2
54615992,2026-08-05,2026-08-29T16:38:10,2
54616025,2026-08-05,2026-08-29T16:48:20,2
54616026,2026-08-05,2026-08-29T16:29:59,2
54616033,2026-08-29T16:59:14,2026-08-29T16:59:14,1
54616043,2026-08-05,2026-08-29T17:06:49,2
54616053,2026-08-05,2026-08-29T17:01:44,2
54616058,2026-08-29T16:59:14,2026-08-29T16:59:14,1
54616071,2026-08-05,2026-08-29T16:32:16,2
54616080,2026-08-05,2026-08-29T16:47:41,2
54616130,2026-08-05,2026-08-29T16:41:39,2
54616131,2026-08-05,2026-08-29T16:41:35,2
54616186,2026-08-05,2026-08-29T17:07:32,2
54616194,2026-08-05,2026-08-29T16:58:12,2
54616205,2026-08-05,2026-08-29T16:34:30,2
54616230,2026-08-05,2026-08-29T16:39:03,2
54616237,2026-08-05,2026-08-29T16:47:25,2
54616258,2026-08-29T16:42:04,2026-08-29T16:42:04,1
54616266,2026-08-29T16:52:36,2026-08-29T16:52:36,1
54616270,2026-08-29T17:04:49,2026-08-29T17:04:49,1
54616303,2026-08-05,2026-08-05,1
54616318,2026-08-29T16:47:44,2026-08-29T16:47:44,1
54616319,2026-08-29T16:41:30,2026-08-29T16:41:30,1
54616322,2026-08-05,2026-08-29T16:48:17,2
54616413,2026-08-05,2026-08-29T17:01:44,2
54616428,2026-08-05,2026-08-29T16:59:02,2
54616432,2026-08-05,2026-08-29T16:57:52,2
54616439,2026-08-05,2026-08-29T16:34:36,2
54616451,2026-08-05,2026-08-05,1
54616452,2026-08-05,2026-08-29T16:51:49,2
54616475,2026-08-05,2026-08-05,1
54616499,2026-08-05,2026-08-05,1
54616501,2026-08-05,2026-08-29T16:48:17,2
54616518,2026-08-05,2026-08-29T16:36:18,2
54616519,2026-08-05,2026-08-29T16:34:41,2
54616540,2026-08-05,2026-08-29T16:32:16,2
54616547,2026-08-05,2026-08-29T16:33:52,2
54616576,2026-08-05,2026-08-29T16:36:54,2
54616611,2026-08-05,2026-08-29T16:32:41,2
54616615,2026-08-05,2026-08-29T16:48:28,2
54616619,2026-08-05,2026-08-29T16:44:37,2
54616622,2026-08-29T17:03:21,2026-08-29T17:03:21,1
54616628,2026-08-05,2026-08-05,1
54616663,2026-08-05,2026-08-29T16:48:28,2
54616699,2026-08-05,2026-08-29T16:41:39,2
54616721,2026-08-05,2026-08-29T16:40:23,2
54616751,2026-08-29T17:03:21,2026-08-29T17:03:21,1
54616757,2026-08-05,2026-08-29T16:32:12,2
54616760,2026-08-05,2026-08-29T16:39:10,2
54616761,2026-08-05,2026-08-29T16:44:37,2
54616767,2026-08-05,2026-08-29T16:34:41,2
54616779,2026-08-29T16:59:17,2026-08-29T16:59:17,1
54616818,2026-08-05,2026-08-29T16:48:24,2
54616857,2026-08-29T16:51:39,2026-08-29T16:51:39,1
54616866,2026-08-05,2026-08-29T16:29:04,2
54616887,2026-08-29T16:51:39,2026-08-29T16:51:39,1
54616892,2026-08-29T16:39:55,2026-08-29T16:39:55,1
54616898,2026-08-05,2026-08-29T17:05:30,2
54616925,2026-08-05,2026-08-29T16:33:43,2
54616928,2026-08-05,2026-08-29T16:31:09,2
54616975,2026-08-05,2026-08-29T16:34:47,2
54616988,2026-08-05,2026-08-29T16:39:46,2
54617002,2026-08-05,2026-08-29T16:34:36,2
54617006,2026-08-05,2026-08-29T16:34:02,2
54617007,2026-08-05,2026-08-29T16:37:24,2
54617023,2026-08-29T16:37:32,2026-08-29T16:37:32,1
54617024,2026-08-05,2026-08-29T16:46:04,2
54617066,2026-08-05,2026-08-29T16:42:59,2
54617071,2026-08-29T16:41:06,2026-08-29T16:41:06,1
54617131,2026-08-05,2026-08-29T16:34:47,2
54617168,2026-08-05,2026-08-29T16:34:44,2
54617220,2026-08-29T16:52:05,2026-08-29T16:52:05,1
54617231,2026-08-29T17:02:52,2026-08-29T17:02:52,1
54617245,2026-08-29T17:02:46,2026-08-29T17:02:46,1
54617265,2026-08-29T17:02:49,2026-08-29T17:02:49,1
54617295,2026-08-05,2026-08-29T16:34:41,2
54617342,2026-08-29T16:57:28,2026-08-29T16:57:28,1
54617348,2026-08-05,2026-08-29T16:48:11,2
54617404,2026-08-05,2026-08-29T16:48:17,2
54617415,2026-08-05,2026-08-29T16:37:21,2
54617593,2026-08-05,2026-08-29T17:07:56,2
54617594,2026-08-05,2026-08-29T16:45:58,2
54617645,2026-08-05,2026-08-29T16:48:14,2
54617672,2026-08-05,2026-08-29T16:45:58,2
54617695,2026-08-05,2026-08-29T16:46:01,2
54617710,2026-08-05,2026-08-29T17:10:21,2
54617711,2026-08-05,2026-08-29T17:10:21,2
54617712,2026-08-05,2026-08-29T17:10:21,2
54617713,2026-08-05,2026-08-29T17:10:21,2
54617714,2026-08-05,2026-08-29T17:10:21,2
54617715,2026-08-05,2026-08-29T17:10:21,2
54617716,2026-08-05,2026-08-29T17:10:21,2
54617717,2026-08-05,2026-08-29T17:10:21,2
54617718,2026-08-05,2026-08-29T17:10:21,2
54617719,2026-08-05,2026-08-29T17:10:21,2
54617720,2026-08-05,2026-08-29T17:10:21,2
54617721,2026-08-05,2026-08-29T17:10:21,2
54617722,2026-08-05,2026-08-29T17:10:21,2
54617724,2026-08-05,2026-08-29T17:10:21,2
54617725,2026-08-05,2026-08-29T17:10:21,2
54617727,2026-08-05,2026-08-29T17:10:21,2
54617728,2026-08-05,2026-08-29T17:10:18,2
54617729,2026-08-05,2026-08-29T17:10:18,2
54617730,2026-08-05,2026-08-29T17:10:18,2
54617731,2026-08-05,2026-08-29T17:10:18,2
54617732,2026-08-05,2026-08-29T17:10:18,2
54617733,2026-08-05,2026-08-29T17:10:18,2
54617734,2026-08-05,2026-08-29T17:10:18,2
54617735,2026-08-05,2026-08-29T17:10:18,2
54617736,2026-08-05,2026-08-29T17:10:18,2
54617737,2026-08-05,2026-08-29T17:10:18,2
54617738,2026-08-05,2026-08-29T17:10:18,2
54617739,2026-08-05,2026-08-29T17:10:18,2
54617741,2026-08-05,2026-08-29T17:10:18,2
54617742,2026-08-05,2026-08-29T17:10:18,2
54617743,2026-08-05,2026-08-29T17:10:18,2
54617744,2026-08-05,2026-08-29T17:10:18,2
54617745,2026-08-05,2026-08-29T17:10:18,2
54617746,2026-08-05,2026-08-29T17:10:18,2
54617747,2026-08-05,2026-08-29T17:10:18,2
54617748,2026-08-05,2026-08-29T17:10:18,2
54617749,2026-08-05,2026-08-29T17:10:18,2
54617750,2026-08-05,2026-08-29T17:10:15,2
54617751,2026-08-05,2026-08-29T17:10:18,2
54617752,2026-08-05,2026-08-29T17:10:18,2
54617753,2026-08-05,2026-08-29T17:10:18,2
54617754,2026-08-05,2026-08-29T17:10:18,2
54617772,2026-08-05,2026-08-29T16:30:52,2
54618127,2026-08-05,2026-08-29T17:10:15,2
54618208,2026-08-05,2026-08-29T16:34:33,2
54618230,2026-08-05,2026-08-29T16:32:50,2
54618299,2026-08-05,2026-08-29T16:48:08,2
54618310,2026-08-05,2026-08-29T16:48:02,2
54618452,2026-08-29T17:04:58,2026-08-29T17:04:58,1
54618478,2026-08-29T16:52:48,2026-08-29T16:52:48,1
54618480,2026-08-29T16:40:02,2026-08-29T16:40:02,1
54618481,2026-08-29T16:53:41,2026-08-29T16:53:41,1
54618483,2026-08-29T16:39:38,2026-08-29T16:39:38,1
54618485,2026-08-29T16:53:41,2026-08-29T16:53:41,1
54618500,2026-08-05,2026-08-29T17:06:32,2
54618518,2026-08-05,2026-08-29T16:47:03,2
54618519,2026-08-05,2026-08-29T16:47:03,2
54618526,2026-08-29T16:52:42,2026-08-29T16:52:42,1
54618537,2026-08-29T16:57:12,2026-08-29T16:57:12,1
54618591,2026-08-29T16:54:51,2026-08-29T16:54:51,1
54618630,2026-08-05,2026-08-29T16:54:48,2
54618806,2026-08-29T16:57:18,2026-08-29T16:57:18,1
54618812,2026-08-29T16:54:11,2026-08-29T16:54:11,1
54618816,2026-08-29T17:02:40,2026-08-29T17:02:40,1
54618817,2026-08-05,2026-08-29T16:35:09,2
54618969,2026-08-05,2026-08-29T17:10:09,2
54619013,2026-08-05,2026-08-29T16:48:04,2
54619082,2026-08-05,2026-08-29T16:34:36,2
54619105,2026-08-29T16:56:29,2026-08-29T16:56:29,1
54619111,2026-08-05,2026-08-05,1
54619113,2026-08-05,2026-08-05,1
54619114,2026-08-05,2026-08-05,1
54619116,2026-08-05,2026-08-05,1
54619162,2026-08-05,2026-08-29T16:33:52,2
54619226,2026-08-05,2026-08-05,1
54619313,2026-08-29T16:52:36,2026-08-29T16:52:36,1
54619329,2026-08-05,2026-08-29T16:46:41,2
54619372,2026-08-05,2026-08-29T16:34:02,2
54619375,2026-08-05,2026-08-29T16:32:41,2
54619417,2026-08-05,2026-08-29T17:00:26,2
54619511,2026-08-05,2026-08-29T16:44:40,2
54619656,2026-08-05,2026-08-29T16:34:05,2
54619777,2026-08-29T16:54:05,2026-08-29T16:54:05,1
54619779,2026-08-29T16:54:05,2026-08-29T16:54:05,1
54619780,2026-08-29T16:54:05,2026-08-29T16:54:05,1
54619782,2026-08-29T16:54:05,2026-08-29T16:54:05,1
54619783,2026-08-29T16:54:05,2026-08-29T16:54:05,1
54619784,2026-08-29T16:54:05,2026-08-29T16:54:05,1
54619785,2026-08-29T16:54:08,2026-08-29T16:54:08,1
54619786,2026-08-29T16:54:08,2026-08-29T16:54:08,1
54619787,2026-08-29T16:54:08,2026-08-29T16:54:08,1
54619788,2026-08-29T16:54:08,2026-08-29T16:54:08,1
54619789,2026-08-29T16:54:08,2026-08-29T16:54:08,1
54619790,2026-08-29T16:54:08,2026-08-29T16:54:08,1
54619791,2026-08-29T16:54:08,2026-08-29T16:54:08,1
54619792,2026-08-29T16:54:08,2026-08-29T16:54:08,1
54619864,2026-08-05,2026-08-29T16:44:35,2
54619883,2026-08-29T16:54:35,2026-08-29T16:54:35,1
54619888,2026-08-29T16:54:35,2026-08-29T16:54:35,1
54619942,2026-08-05,2026-08-29T16:34:30,2
54620083,2026-08-05,2026-08-29T16:34:30,2
54620092,2026-08-29T16:54:35,2026-08-29T16:54:35,1
54620093,2026-08-05,2026-08-29T17:07:56,2
54620101,2026-08-29T16:57:00,2026-08-29T16:57:00,1
54620103,2026-08-29T16:56:26,2026-08-29T16:56:26,1
54620161,2026-08-05,2026-08-29T16:37:24,2
54620169,2026-08-29T16:56:49,2026-08-29T16:56:49,1
54620172,2026-08-05,2026-08-29T17:06:32,2
54620298,2026-08-29T16:53:22,2026-08-29T16:53:22,1
54620323,2026-08-29T16:56:49,2026-08-29T16:56:49,1
54620336,2026-08-05,2026-08-29T16:38:02,2
54620338,2026-08-29T17:04:16,2026-08-29T17:04:16,1
54620339,2026-08-05,2026-08-29T17:05:48,2
54620341,2026-08-29T17:04:16,2026-08-29T17:04:16,1
54620350,2026-08-29T17:04:16,2026-08-29T17:04:16,1
54620355,2026-08-29T17:04:16,2026-08-29T17:04:16,1
54620478,2026-08-05,2026-08-29T16:47:28,2
54620480,2026-08-29T17:04:16,2026-08-29T17:04:16,1
54620484,2026-08-05,2026-08-29T16:39:10,2
54620522,2026-08-29T16:59:49,2026-08-29T16:59:49,1
54620580,2026-08-29T16:56:49,2026-08-29T16:56:49,1
54620662,2026-08-29T16:52:31,2026-08-29T16:52:31,1
54620707,2026-08-05,2026-08-29T16:40:07,2
54620721,2026-08-05,2026-08-29T17:05:54,2
54620731,2026-08-29T16:29:04,2026-08-29T16:29:04,1
54620746,2026-08-05,2026-08-29T16:47:13,2
54620751,2026-08-05,2026-08-29T16:44:35,2
54620756,2026-08-05,2026-08-29T16:31:24,2
54620763,2026-08-05,2026-08-05,1
54620772,2026-08-29T16:58:43,2026-08-29T16:58:43,1
54620778,2026-08-05,2026-08-29T17:05:39,2
54620812,2026-08-05,2026-08-29T17:05:19,2
54620816,2026-08-05,2026-08-29T17:05:16,2
54620819,2026-08-05,2026-08-29T16:55:56,2
54620831,2026-08-05,2026-08-29T16:29:24,2
54620843,2026-08-05,2026-08-29T17:01:44,2
54620858,2026-08-05,2026-08-29T17:09:37,2
54620861,2026-08-05,2026-08-29T16:39:38,2
54620867,2026-08-05,2026-08-29T16:41:43,2
54620968,2026-08-05,2026-08-29T16:59:23,2
54620979,2026-08-05,2026-08-29T16:40:20,2
54620990,2026-08-05,2026-08-29T16:59:23,2
54620997,2026-08-05,2026-08-29T16:42:29,2
54621002,2026-08-05,2026-08-29T16:40:20,2
54621011,2026-08-05,2026-08-29T16:38:20,2
54621038,2026-08-29T16:56:26,2026-08-29T16:56:26,1
54621041,2026-08-05,2026-08-29T17:07:10,2
54621078,2026-08-05,2026-08-29T16:47:07,2
54621080,2026-08-05,2026-08-29T16:33:08,2
54621099,2026-08-29T16:51:39,2026-08-29T16:51:39,1
54621110,2026-08-05,2026-08-29T16:48:46,2
54621115,2026-08-29T16:54:02,2026-08-29T16:54:02,1
54621153,2026-08-05,2026-08-29T16:33:08,2
54621156,2026-08-05,2026-08-29T17:09:48,2
54621164,2026-08-29T16:58:43,2026-08-29T16:58:43,1
54621165,2026-08-29T17:02:46,2026-08-29T17:02:46,1
54621188,2026-08-05,2026-08-29T16:48:08,2
54621189,2026-08-05,2026-08-29T16:34:33,2
54621205,2026-08-05,2026-08-29T16:44:13,2
54621219,2026-08-29T16:52:22,2026-08-29T16:52:22,1
54621246,2026-08-29T16:29:07,2026-08-29T16:29:07,1
54621255,2026-08-05,2026-08-29T17:06:18,2
54621276,2026-08-05,2026-08-29T16:45:12,2
54621301,2026-08-29T17:04:49,2026-08-29T17:04:49,1
54621305,2026-08-05,2026-08-29T17:09:20,2
54621309,2026-08-05,2026-08-29T16:48:02,2
54621310,2026-08-29T16:29:07,2026-08-29T16:29:07,1
54621315,2026-08-29T16:36:14,2026-08-29T16:36:14,1
54621316,2026-08-29T16:51:39,2026-08-29T16:51:39,1
54621342,2026-08-05,2026-08-29T16:29:48,2
54621374,2026-08-05,2026-08-29T16:44:40,2
54621377,2026-08-05,2026-08-29T16:30:26,2
54621448,2026-08-05,2026-08-29T16:47:59,2
54621531,2026-08-05,2026-08-05,1
54621540,2026-08-05,2026-08-29T16:48:14,2
54621557,2026-08-05,2026-08-29T16:48:14,2
54621568,2026-08-29T17:03:01,2026-08-29T17:03:01,1
54621573,2026-08-29T17:03:04,2026-08-29T17:03:04,1
54621577,2026-08-05,2026-08-29T16:41:09,2
54621597,2026-08-05,2026-08-29T17:10:09,2
54621630,2026-08-29T16:57:43,2026-08-29T16:57:43,1
54621637,2026-08-05,2026-08-29T16:32:44,2
54621658,2026-08-05,2026-08-29T16:48:14,2
54621707,2026-08-29T16:29:31,2026-08-29T16:29:31,1
54621731,2026-08-29T16:29:31,2026-08-29T16:29:31,1
54621773,2026-08-05,2026-08-29T16:35:47,2
54621778,2026-08-29T16:56:43,2026-08-29T16:56:43,1
54621827,2026-08-05,2026-08-29T16:47:38,2
54621828,2026-08-29T16:31:24,2026-08-29T16:31:24,1
54621846,2026-08-05,2026-08-29T16:48:02,2
54621857,2026-08-05,2026-08-29T16:47:00,2
54621863,2026-08-05,2026-08-29T17:05:30,2
54621868,2026-08-05,2026-08-29T17:05:54,2
54621887,2026-08-05,2026-08-29T16:47:38,2
54622003,2026-08-05,2026-08-29T16:31:41,2
54622005,2026-08-05,2026-08-29T16:48:02,2
54622074,2026-08-29T17:05:04,2026-08-29T17:05:04,1
54622134,2026-08-05,2026-08-29T16:32:35,2
54622145,2026-08-05,2026-08-29T16:47:59,2
54622183,2026-08-05,2026-08-29T16:28:42,2
54622198,2026-08-05,2026-08-29T17:05:16,2
54622204,2026-08-05,2026-08-29T16:38:40,2
54622206,2026-08-29T16:43:49,2026-08-29T16:43:49,1
54622274,2026-08-29T16:31:00,2026-08-29T16:31:00,1
54622330,2026-08-29T16:44:13,2026-08-29T16:44:13,1
54622339,2026-08-05,2026-08-29T17:05:13,2
54622379,2026-08-05,2026-08-29T16:42:29,2
54622391,2026-08-29T16:59:58,2026-08-29T16:59:58,1
54622394,2026-08-05,2026-08-29T16:40:32,2
54622411,2026-08-05,2026-08-29T16:47:59,2
54622424,2026-08-05,2026-08-29T16:47:19,2
54622434,2026-08-05,2026-08-29T16:34:36,2
54622438,2026-08-05,2026-08-29T16:29:59,2
54622447,2026-08-05,2026-08-29T16:47:59,2
54622466,2026-08-05,2026-08-29T16:31:21,2
54622486,2026-08-29T16:44:44,2026-08-29T16:44:44,1
54622490,2026-08-05,2026-08-29T16:32:12,2
54622501,2026-08-05,2026-08-29T16:36:51,2
54622512,2026-08-05,2026-08-29T16:34:30,2
54622515,2026-08-29T16:30:49,2026-08-29T16:30:49,1
54622541,2026-08-05,2026-08-29T16:34:26,2
54622555,2026-08-05,2026-08-29T16:38:51,2
54622572,2026-08-05,2026-08-29T16:32:47,2
54622584,2026-08-29T16:58:12,2026-08-29T16:58:12,1
54622588,2026-08-05,2026-08-29T16:45:33,2
54622606,2026-08-05,2026-08-29T16:36:51,2
54622607,2026-08-05,2026-08-29T16:32:47,2
54622610,2026-08-05,2026-08-29T17:10:06,2
54622623,2026-08-05,2026-08-29T16:30:15,2
54622640,2026-08-29T16:54:22,2026-08-29T16:54:22,1
54622647,2026-08-05,2026-08-29T16:52:19,2
54622653,2026-08-29T16:58:12,2026-08-29T16:58:12,1
54622668,2026-08-29T16:43:16,2026-08-29T16:43:16,1
54622671,2026-08-05,2026-08-29T16:52:19,2
54622673,2026-08-29T16:59:17,2026-08-29T16:59:17,1
54622679,2026-08-05,2026-08-29T16:29:43,2
54622694,2026-08-29T16:58:18,2026-08-29T16:58:18,1
54622703,2026-08-05,2026-08-29T16:45:58,2
54622815,2026-08-05,2026-08-29T17:07:25,2
54622860,2026-08-05,2026-08-29T17:08:50,2
54622872,2026-08-05,2026-08-29T16:32:12,2
54622875,2026-08-05,2026-08-29T16:35:16,2
54622890,2026-08-05,2026-08-29T16:35:19,2
54622897,2026-08-05,2026-08-29T16:49:30,2
54622929,2026-08-05,2026-08-29T16:47:59,2
54622947,2026-08-29T16:59:35,2026-08-29T16:59:35,1
54622989,2026-08-05,2026-08-29T16:52:22,2
54623008,2026-08-05,2026-08-29T16:45:58,2
54623074,2026-08-29T16:52:31,2026-08-29T16:52:31,1
54623092,2026-08-29T17:00:26,2026-08-29T17:00:26,1
54623118,2026-08-05,2026-08-29T16:39:46,2
54623160,2026-08-05,2026-08-29T16:47:44,2
54623219,2026-08-05,2026-08-29T17:08:56,2
54623220,2026-08-05,2026-08-29T17:08:40,2
54623221,2026-08-05,2026-08-29T17:08:44,2
54623222,2026-08-05,2026-08-29T17:08:44,2
54623223,2026-08-05,2026-08-29T17:08:44,2
54623224,2026-08-05,2026-08-29T17:08:44,2
54623225,2026-08-05,2026-08-29T17:08:44,2
54623226,2026-08-05,2026-08-29T17:08:44,2
54623227,2026-08-05,2026-08-29T17:08:53,2
54623235,2026-08-05,2026-08-29T16:46:13,2
54623257,2026-08-05,2026-08-29T16:44:32,2
54623280,2026-08-29T16:41:35,2026-08-29T16:41:35,1
54623283,2026-08-29T17:03:33,2026-08-29T17:03:33,1
54623382,2026-08-05,2026-08-29T16:33:12,2
54623457,2026-08-29T16:57:06,2026-08-29T16:57:06,1
54623470,2026-08-05,2026-08-29T16:32:12,2
54623508,2026-08-05,2026-08-29T16:29:24,2
54623560,2026-08-05,2026-08-29T16:32:12,2
54623561,2026-08-05,2026-08-29T16:47:55,2
54623591,2026-08-05,2026-08-29T16:32:12,2
54623599,2026-08-05,2026-08-29T16:32:12,2
54623616,2026-08-05,2026-08-05,1
54623627,2026-08-05,2026-08-29T16:32:06,2
54623635,2026-08-05,2026-08-29T16:40:20,2
54623651,2026-08-05,2026-08-29T16:32:06,2
54623706,2026-08-05,2026-08-29T16:32:06,2
54623713,2026-08-05,2026-08-29T16:32:06,2
54623719,2026-08-05,2026-08-29T16:41:06,2
54623751,2026-08-05,2026-08-29T16:32:06,2
54623754,2026-08-05,2026-08-29T16:34:33,2
54623759,2026-08-05,2026-08-29T16:34:33,2
54623821,2026-08-05,2026-08-29T16:44:29,2
54623823,2026-08-29T16:54:45,2026-08-29T16:54:45,1
54623838,2026-08-29T16:44:37,2026-08-29T16:44:37,1
54623895,2026-08-05,2026-08-29T16:34:59,2
54623896,2026-08-05,2026-08-29T16:30:49,2
54623897,2026-08-05,2026-08-29T16:34:59,2
54623898,2026-08-05,2026-08-29T16:35:03,2
54623901,2026-08-05,2026-08-29T16:47:07,2
54623903,2026-08-05,2026-08-29T16:34:56,2
54623905,2026-08-05,2026-08-29T16:34:59,2
54623913,2026-08-05,2026-08-29T16:34:56,2
54623914,2026-08-05,2026-08-29T16:39:14,2
54623921,2026-08-05,2026-08-29T16:34:59,2
54624154,2026-08-05,2026-08-29T16:29:17,2
54624155,2026-08-05,2026-08-29T16:29:17,2
54624220,2026-08-29T16:55:02,2026-08-29T16:55:02,1
54624221,2026-08-29T16:57:12,2026-08-29T16:57:12,1
54624223,2026-08-29T16:55:02,2026-08-29T16:55:02,1
54624224,2026-08-29T16:55:02,2026-08-29T16:55:02,1
54624227,2026-08-29T16:55:02,2026-08-29T16:55:02,1
54624231,2026-08-29T16:55:02,2026-08-29T16:55:02,1
54624238,2026-08-29T16:55:02,2026-08-29T16:55:02,1
54624247,2026-08-29T16:55:02,2026-08-29T16:55:02,1
54624270,2026-08-29T16:55:02,2026-08-29T16:55:02,1
54624293,2026-08-29T16:55:02,2026-08-29T16:55:02,1
54624307,2026-08-29T16:55:02,2026-08-29T16:55:02,1
54624347,2026-08-29T16:55:02,2026-08-29T16:55:02,1
54624362,2026-08-29T16:55:02,2026-08-29T16:55:02,1
54624399,2026-08-29T16:55:02,2026-08-29T16:55:02,1
54624401,2026-08-05,2026-08-29T16:55:02,2
54624414,2026-08-05,2026-08-29T16:55:02,2
54624442,2026-08-05,2026-08-29T16:55:02,2
54624444,2026-08-05,2026-08-29T16:55:02,2
54624449,2026-08-05,2026-08-29T16:55:02,2
54624474,2026-08-05,2026-08-29T16:34:26,2
54624478,2026-08-05,2026-08-29T16:31:24,2
54624504,2026-08-05,2026-08-29T16:34:26,2
54624597,2026-08-05,2026-08-29T16:34:26,2
54624657,2026-08-05,2026-08-29T16:47:38,2
54624658,2026-08-05,2026-08-29T16:47:38,2
54624749,2026-08-29T17:03:09,2026-08-29T17:03:09,1
54624793,2026-08-29T17:03:09,2026-08-29T17:03:09,1
54624804,2026-08-05,2026-08-29T17:07:07,2
54624874,2026-08-05,2026-08-29T16:47:38,2
54624905,2026-08-29T17:08:59,2026-08-29T17:08:59,1
54624915,2026-08-05,2026-08-29T16:48:11,2
54624916,2026-08-29T17:08:59,2026-08-29T17:08:59,1
54624917,2026-08-29T17:08:59,2026-08-29T17:08:59,1
54624923,2026-08-05,2026-08-29T16:48:11,2
54624956,2026-08-05,2026-08-29T16:32:47,2
54624968,2026-08-29T16:30:34,2026-08-29T16:30:34,1
54624970,2026-08-29T16:53:09,2026-08-29T16:53:09,1
54624976,2026-08-05,2026-08-29T16:40:43,2
54624977,2026-08-05,2026-08-29T16:31:13,2
54624980,2026-08-29T16:30:41,2026-08-29T16:30:41,1
54624984,2026-08-29T16:40:16,2026-08-29T16:40:16,1
54625029,2026-08-05,2026-08-29T16:45:42,2
54625030,2026-08-29T17:02:52,2026-08-29T17:02:52,1
54625054,2026-08-05,2026-08-29T17:05:10,2
54625059,2026-08-05,2026-08-05,1
54625063,2026-08-05,2026-08-29T17:06:12,2
54625069,2026-08-05,2026-08-29T16:43:39,2
54625070,2026-08-05,2026-08-29T17:06:12,2
54625071,2026-08-05,2026-08-05,1
54625072,2026-08-05,2026-08-29T16:43:39,2
54625075,2026-08-05,2026-08-05,1
54625092,2026-08-05,2026-08-05,1
54625095,2026-08-05,2026-08-05,1
54625097,2026-08-05,2026-08-29T17:05:19,2
54625104,2026-08-05,2026-08-05,1
54625106,2026-08-05,2026-08-29T16:28:49,2
54625108,2026-08-05,2026-08-05,1
54625110,2026-08-05,2026-08-29T16:47:00,2
54625111,2026-08-05,2026-08-29T16:47:00,2
54625115,2026-08-05,2026-08-29T17:05:19,2
54625116,2026-08-05,2026-08-29T16:29:07,2
54625117,2026-08-05,2026-08-29T16:28:49,2
54625192,2026-08-05,2026-08-29T16:34:26,2
54625230,2026-08-29T16:56:49,2026-08-29T16:56:49,1
54625232,2026-08-05,2026-08-29T17:05:45,2
54625372,2026-08-05,2026-08-29T17:07:10,2
54625443,2026-08-05,2026-08-29T17:09:14,2
54625468,2026-08-29T17:02:43,2026-08-29T17:02:43,1
54625485,2026-08-05,2026-08-29T16:31:00,2
54625562,2026-08-05,2026-08-29T17:10:12,2
54625576,2026-08-05,2026-08-29T17:10:12,2
54625597,2026-08-29T17:02:52,2026-08-29T17:02:52,1
54625636,2026-08-29T17:00:17,2026-08-29T17:00:17,1
54625637,2026-08-29T17:00:20,2026-08-29T17:00:20,1
54625638,2026-08-29T17:00:20,2026-08-29T17:00:20,1
54625640,2026-08-29T17:00:17,2026-08-29T17:00:17,1
54625730,2026-08-05,2026-08-29T17:10:09,2
54625732,2026-08-29T16:57:25,2026-08-29T16:57:25,1
54625843,2026-08-05,2026-08-29T16:34:26,2
54625922,2026-08-29T16:58:01,2026-08-29T16:58:01,1
54625925,2026-08-05,2026-08-29T16:35:43,2
54625983,2026-08-05,2026-08-29T17:05:28,2
54626020,2026-08-05,2026-08-29T16:30:15,2
54626154,2026-08-05,2026-08-29T16:44:56,2
54626156,2026-08-05,2026-08-29T16:44:56,2
54626159,2026-08-05,2026-08-29T16:32:06,2
54626217,2026-08-05,2026-08-29T16:47:55,2
54626283,2026-08-05,2026-08-29T17:06:09,2
54626357,2026-08-05,2026-08-29T17:06:46,2
54626392,2026-08-29T16:59:58,2026-08-29T16:59:58,1
54626394,2026-08-05,2026-08-29T17:08:38,2
54626400,2026-08-05,2026-08-29T16:36:58,2
54626575,2026-08-29T16:54:22,2026-08-29T16:54:22,1
54626609,2026-08-05,2026-08-29T17:10:03,2
54626656,2026-08-05,2026-08-29T16:45:19,2
54626678,2026-08-05,2026-08-29T16:47:53,2
54626800,2026-08-05,2026-08-29T17:09:20,2
54626988,2026-08-05,2026-08-29T17:09:14,2
54627056,2026-08-05,2026-08-29T17:09:20,2
54627068,2026-08-05,2026-08-29T16:31:13,2
54627070,2026-08-05,2026-08-29T17:05:51,2
54627078,2026-08-05,2026-08-29T17:05:48,2
54627106,2026-08-05,2026-08-29T16:30:12,2
54627107,2026-08-05,2026-08-29T16:45:15,2
54627315,2026-08-05,2026-08-29T16:34:26,2
54627316,2026-08-29T16:51:29,2026-08-29T16:51:29,1
54627336,2026-08-29T16:51:20,2026-08-29T16:51:20,1
54627360,2026-08-29T16:39:34,2026-08-29T16:39:34,1
54627363,2026-08-05,2026-08-29T16:41:43,2
54627364,2026-08-29T16:39:34,2026-08-29T16:39:34,1
54627365,2026-08-29T16:39:34,2026-08-29T16:39:34,1
54627366,2026-08-29T16:39:34,2026-08-29T16:39:34,1
54627367,2026-08-29T16:39:34,2026-08-29T16:39:34,1
54627369,2026-08-05,2026-08-29T16:41:35,2
54627377,2026-08-29T16:52:52,2026-08-29T16:52:52,1
54627384,2026-08-05,2026-08-29T16:42:20,2
54627395,2026-08-05,2026-08-29T16:41:39,2
54627396,2026-08-05,2026-08-29T16:41:18,2
54627397,2026-08-05,2026-08-29T16:41:39,2
54627398,2026-08-05,2026-08-29T16:41:18,2
54627410,2026-08-05,2026-08-29T16:40:36,2
54627423,2026-08-05,2026-08-29T16:42:29,2
54627428,2026-08-29T16:57:25,2026-08-29T16:57:25,1
54627434,2026-08-05,2026-08-29T16:34:13,2
54627449,2026-08-05,2026-08-29T16:29:43,2
54627475,2026-08-29T16:53:56,2026-08-29T16:53:56,1
54627479,2026-08-05,2026-08-29T16:36:42,2
54627480,2026-08-29T16:53:15,2026-08-29T16:53:15,1
54627481,2026-08-29T16:53:05,2026-08-29T16:53:05,1
54627482,2026-08-05,2026-08-29T16:38:40,2
54627484,2026-08-05,2026-08-29T16:40:28,2
54627485,2026-08-05,2026-08-29T16:38:20,2
54627519,2026-08-05,2026-08-29T16:32:41,2
54627551,2026-08-05,2026-08-29T16:47:25,2
54627593,2026-08-05,2026-08-29T16:42:12,2
54627595,2026-08-29T17:00:14,2026-08-29T17:00:14,1
54627611,2026-08-05,2026-08-29T16:42:01,2
54627613,2026-08-29T16:55:59,2026-08-29T16:55:59,1
54627670,2026-08-05,2026-08-29T16:44:56,2
54627672,2026-08-05,2026-08-05,1
54627673,2026-08-05,2026-08-05,1
54627675,2026-08-05,2026-08-05,1
54627682,2026-08-05,2026-08-29T17:06:18,2
54627690,2026-08-05,2026-08-05,1
54627693,2026-08-05,2026-08-29T16:56:08,2
54627698,2026-08-29T16:53:25,2026-08-29T16:53:25,1
54627705,2026-08-05,2026-08-29T16:33:08,2
54627709,2026-08-05,2026-08-29T16:37:24,2
54627731,2026-08-05,2026-08-29T16:41:43,2
54627758,2026-08-05,2026-08-29T16:30:55,2
54627769,2026-08-05,2026-08-29T16:45:19,2
54627774,2026-08-05,2026-08-29T16:44:53,2
54627779,2026-08-05,2026-08-29T16:34:33,2
54627784,2026-08-05,2026-08-29T16:42:16,2
54627809,2026-08-29T16:32:22,2026-08-29T16:32:22,1
54627817,2026-08-05,2026-08-29T16:45:19,2
54627860,2026-08-05,2026-08-29T16:40:36,2
54627866,2026-08-05,2026-08-29T16:45:19,2
54627887,2026-08-29T16:53:22,2026-08-29T16:53:22,1
54627888,2026-08-05,2026-08-29T16:44:53,2
54627901,2026-08-29T16:53:38,2026-08-29T16:53:38,1
54627903,2026-08-05,2026-08-29T16:47:50,2
54627913,2026-08-05,2026-08-29T17:10:12,2
54627914,2026-08-05,2026-08-29T17:07:35,2
54627922,2026-08-05,2026-08-29T16:45:30,2
54627923,2026-08-05,2026-08-29T16:47:50,2
54627930,2026-08-29T17:04:00,2026-08-29T17:04:00,1
54627939,2026-08-29T16:52:31,2026-08-29T16:52:31,1
54627947,2026-08-05,2026-08-05,1
54627962,2026-08-05,2026-08-29T16:36:22,2
54627970,2026-08-29T17:03:21,2026-08-29T17:03:21,1
54627971,2026-08-29T16:33:59,2026-08-29T16:33:59,1
54627972,2026-08-05,2026-08-29T17:07:42,2
54627983,2026-08-29T17:04:55,2026-08-29T17:04:55,1
54627996,2026-08-29T17:02:58,2026-08-29T17:02:58,1
54628002,2026-08-29T17:02:58,2026-08-29T17:02:58,1
54628017,2026-08-05,2026-08-29T16:47:07,2
54628042,2026-08-05,2026-08-29T16:30:37,2
54628046,2026-08-29T17:02:58,2026-08-29T17:02:58,1
54628053,2026-08-29T16:45:22,2026-08-29T16:45:22,1
54628062,2026-08-29T17:03:21,2026-08-29T17:03:21,1
54628068,2026-08-05,2026-08-29T16:42:16,2
54628081,2026-08-05,2026-08-29T16:48:14,2
54628120,2026-08-05,2026-08-29T17:08:56,2
54628127,2026-08-05,2026-08-29T16:59:02,2
54628128,2026-08-05,2026-08-29T16:47:50,2
54628131,2026-08-05,2026-08-29T17:07:07,2
54628139,2026-08-05,2026-08-29T16:34:19,2
54628146,2026-08-29T16:46:07,2026-08-29T16:46:07,1
54628147,2026-08-05,2026-08-29T17:08:56,2
54628221,2026-08-05,2026-08-29T16:34:22,2
54628242,2026-08-05,2026-08-29T16:34:22,2
54628245,2026-08-05,2026-08-29T17:06:40,2
54628276,2026-08-05,2026-08-29T16:30:07,2
54628286,2026-08-05,2026-08-29T16:34:22,2
54628308,2026-08-05,2026-08-29T16:39:26,2
54628363,2026-08-05,2026-08-29T16:45:19,2
54628395,2026-08-29T16:36:22,2026-08-29T16:36:22,1
54628399,2026-08-05,2026-08-29T16:34:50,2
54628427,2026-08-05,2026-08-05,1
54628434,2026-08-05,2026-08-29T16:45:30,2
54628443,2026-08-05,2026-08-29T16:30:52,2
54628444,2026-08-05,2026-08-29T16:33:46,2
54628469,2026-08-05,2026-08-29T16:35:31,2
54628483,2026-08-05,2026-08-05,1
54628496,2026-08-05,2026-08-29T16:51:23,2
54628517,2026-08-29T16:42:04,2026-08-29T16:42:04,1
54628533,2026-08-29T16:47:31,2026-08-29T16:47:31,1
54628535,2026-08-05,2026-08-29T16:47:34,2
54628548,2026-08-05,2026-08-29T17:10:12,2
54628575,2026-08-05,2026-08-29T16:47:38,2
54628586,2026-08-29T16:48:46,2026-08-29T16:48:46,1
54628588,2026-08-29T17:00:01,2026-08-29T17:00:01,1
54628591,2026-08-05,2026-08-29T16:47:34,2
54628614,2026-08-29T17:00:01,2026-08-29T17:00:01,1
54628698,2026-08-05,2026-08-29T17:09:55,2
54628739,2026-08-05,2026-08-29T16:29:11,2
54628754,2026-08-05,2026-08-29T16:49:33,2
54628833,2026-08-05,2026-08-29T16:42:32,2
54628874,2026-08-05,2026-08-29T16:34:02,2
54628878,2026-08-05,2026-08-29T16:48:11,2
54628903,2026-08-05,2026-08-05,1
54628921,2026-08-05,2026-08-29T16:42:09,2
54628946,2026-08-05,2026-08-05,1
54628952,2026-08-05,2026-08-29T16:39:42,2
54628954,2026-08-05,2026-08-05,1
54628963,2026-08-05,2026-08-05,1
54628977,2026-08-05,2026-08-29T16:37:21,2
54628982,2026-08-05,2026-08-29T17:07:01,2
54628987,2026-08-05,2026-08-29T16:45:19,2
54629016,2026-08-05,2026-08-29T16:45:19,2
54629057,2026-08-05,2026-08-29T16:33:05,2
54629109,2026-08-29T16:36:22,2026-08-29T16:36:22,1
54629114,2026-08-29T16:52:39,2026-08-29T16:52:39,1
54629118,2026-08-29T16:36:28,2026-08-29T16:36:28,1
54629127,2026-08-29T16:36:28,2026-08-29T16:36:28,1
54629135,2026-08-29T16:36:28,2026-08-29T16:36:28,1
54629139,2026-08-05,2026-08-29T16:34:36,2
54629140,2026-08-05,2026-08-29T16:45:12,2
54629143,2026-08-29T16:36:28,2026-08-29T16:36:28,1
54629164,2026-08-05,2026-08-29T16:32:41,2
54629168,2026-08-05,2026-08-29T16:46:29,2
54629294,2026-08-29T16:47:44,2026-08-29T16:47:44,1
54629325,2026-08-29T16:37:21,2026-08-29T16:37:21,1
54629343,2026-08-05,2026-08-05,1
54629345,2026-08-05,2026-08-29T16:29:31,2
54629382,2026-08-05,2026-08-29T16:43:10,2
54629481,2026-08-05,2026-08-05,1
54629505,2026-08-05,2026-08-29T16:39:38,2
54629513,2026-08-05,2026-08-29T17:06:40,2
54629542,2026-08-29T16:48:31,2026-08-29T16:48:31,1
54629549,2026-08-29T16:48:28,2026-08-29T16:48:28,1
54629556,2026-08-29T16:39:38,2026-08-29T16:39:38,1
54629567,2026-08-29T16:40:02,2026-08-29T16:40:02,1
54629571,2026-08-05,2026-08-29T16:47:44,2
54629627,2026-08-05,2026-08-29T16:33:55,2
54629682,2026-08-05,2026-08-29T17:05:42,2
54629717,2026-08-05,2026-08-29T16:45:36,2
54629774,2026-08-05,2026-08-29T16:39:46,2
54629780,2026-08-05,2026-08-29T16:45:36,2
54629791,2026-08-05,2026-08-29T17:09:55,2
54629793,2026-08-05,2026-08-29T17:09:30,2
54629795,2026-08-05,2026-08-29T17:09:34,2
54629796,2026-08-05,2026-08-29T17:09:34,2
54629801,2026-08-29T17:00:17,2026-08-29T17:00:17,1
54629803,2026-08-29T17:00:17,2026-08-29T17:00:17,1
54629804,2026-08-29T17:00:17,2026-08-29T17:00:17,1
54629807,2026-08-05,2026-08-29T17:08:59,2
54629808,2026-08-05,2026-08-29T17:08:59,2
54629813,2026-08-29T17:00:17,2026-08-29T17:00:17,1
54629814,2026-08-29T17:00:17,2026-08-29T17:00:17,1
54629816,2026-08-05,2026-08-29T17:08:59,2
54629821,2026-08-29T16:56:52,2026-08-29T16:56:52,1
54629846,2026-08-05,2026-08-29T16:42:32,2
54629849,2026-08-29T16:54:22,2026-08-29T16:54:22,1
54629862,2026-08-29T17:04:43,2026-08-29T17:04:43,1
54629864,2026-08-05,2026-08-29T17:05:45,2
54629867,2026-08-29T16:54:22,2026-08-29T16:54:22,1
54629917,2026-08-29T17:04:43,2026-08-29T17:04:43,1
54629923,2026-08-29T17:04:43,2026-08-29T17:04:43,1
54629932,2026-08-29T17:04:49,2026-08-29T17:04:49,1
54629941,2026-08-05,2026-08-29T16:46:01,2
54629951,2026-08-29T17:00:20,2026-08-29T17:00:20,1
54629996,2026-08-05,2026-08-29T16:32:53,2
54630053,2026-08-29T17:04:52,2026-08-29T17:04:52,1
54630088,2026-08-05,2026-08-29T16:34:47,2
54630107,2026-08-29T17:04:40,2026-08-29T17:04:40,1
54630109,2026-08-29T17:04:37,2026-08-29T17:04:37,1
54630242,2026-08-05,2026-08-29T16:47:25,2
54630334,2026-08-05,2026-08-29T16:33:39,2
54630348,2026-08-29T16:54:38,2026-08-29T16:54:38,1
54630355,2026-08-05,2026-08-29T16:34:16,2
54630356,2026-08-29T16:54:38,2026-08-29T16:54:38,1
54630367,2026-08-05,2026-08-29T16:55:06,2
54630453,2026-08-29T16:38:14,2026-08-29T16:38:14,1
54630465,2026-08-05,2026-08-29T16:33:30,2
54630502,2026-08-29T17:04:37,2026-08-29T17:04:37,1
54630506,2026-08-29T17:04:37,2026-08-29T17:04:37,1
54630517,2026-08-05,2026-08-29T16:47:22,2
54630519,2026-08-05,2026-08-29T17:06:36,2
54630549,2026-08-29T17:04:37,2026-08-29T17:04:37,1
54630550,2026-08-29T17:04:37,2026-08-29T17:04:37,1
54630551,2026-08-29T17:04:37,2026-08-29T17:04:37,1
54630552,2026-08-29T17:04:37,2026-08-29T17:04:37,1
54630553,2026-08-29T17:04:37,2026-08-29T17:04:37,1
54630554,2026-08-29T17:04:37,2026-08-29T17:04:37,1
54630555,2026-08-29T17:04:37,2026-08-29T17:04:37,1
54630556,2026-08-29T17:04:37,2026-08-29T17:04:37,1
54630557,2026-08-29T17:04:37,2026-08-29T17:04:37,1
54630558,2026-08-29T17:04:37,2026-08-29T17:04:37,1
54630660,2026-08-05,2026-08-29T17:06:18,2
54630699,2026-08-05,2026-08-29T16:29:55,2
54630713,2026-08-05,2026-08-29T17:02:19,2
54630714,2026-08-05,2026-08-29T17:02:19,2
54630715,2026-08-05,2026-08-29T17:02:19,2
54630716,2026-08-05,2026-08-29T17:02:19,2
54630746,2026-08-05,2026-08-29T17:07:39,2
54630747,2026-08-05,2026-08-29T17:07:39,2
54630748,2026-08-05,2026-08-29T17:07:39,2
54630749,2026-08-05,2026-08-29T17:07:39,2
54630750,2026-08-05,2026-08-29T17:07:39,2
54630751,2026-08-05,2026-08-29T17:07:39,2
54630752,2026-08-05,2026-08-29T17:07:39,2
54630758,2026-08-05,2026-08-29T17:07:39,2
54630759,2026-08-05,2026-08-29T17:07:39,2
54630760,2026-08-05,2026-08-29T17:07:42,2
54630762,2026-08-05,2026-08-29T17:07:42,2
54630763,2026-08-05,2026-08-29T17:07:42,2
54630764,2026-08-05,2026-08-29T17:07:42,2
54630768,2026-08-05,2026-08-29T17:07:35,2
54630771,2026-08-05,2026-08-29T17:05:16,2
54630790,2026-08-05,2026-08-29T17:05:16,2
54630791,2026-08-05,2026-08-29T17:05:16,2
54630792,2026-08-05,2026-08-29T17:05:19,2
54630793,2026-08-05,2026-08-29T17:07:32,2
54630805,2026-08-05,2026-08-29T16:29:55,2
54630809,2026-08-29T16:51:29,2026-08-29T16:51:29,1
54630813,2026-08-29T17:03:04,2026-08-29T17:03:04,1
54630814,2026-08-29T17:03:04,2026-08-29T17:03:04,1
54630815,2026-08-29T17:03:04,2026-08-29T17:03:04,1
54630816,2026-08-05,2026-08-29T17:02:19,2
54630817,2026-08-05,2026-08-29T17:02:19,2
54630818,2026-08-05,2026-08-29T17:02:19,2
54630819,2026-08-05,2026-08-29T17:02:19,2
54630820,2026-08-05,2026-08-29T17:02:19,2
54630821,2026-08-05,2026-08-29T17:02:19,2
54630822,2026-08-29T17:03:04,2026-08-29T17:03:04,1
54630824,2026-08-05,2026-08-29T17:02:19,2
54630826,2026-08-05,2026-08-29T17:02:19,2
54630827,2026-08-29T17:03:04,2026-08-29T17:03:04,1
54630837,2026-08-05,2026-08-29T17:05:42,2
54630856,2026-08-29T17:04:37,2026-08-29T17:04:37,1
54630872,2026-08-05,2026-08-29T16:34:16,2
54630894,2026-08-05,2026-08-29T16:47:25,2
54630908,2026-08-05,2026-08-29T16:34:16,2
54630919,2026-08-05,2026-08-05,1
54630920,2026-08-05,2026-08-29T16:34:13,2
54630921,2026-08-29T17:04:34,2026-08-29T17:04:34,1
54630922,2026-08-29T17:04:34,2026-08-29T17:04:34,1
54630925,2026-08-29T17:04:34,2026-08-29T17:04:34,1
54630926,2026-08-29T17:04:34,2026-08-29T17:04:34,1
54630927,2026-08-29T17:04:34,2026-08-29T17:04:34,1
54630935,2026-08-05,2026-08-29T16:42:42,2
54630939,2026-08-05,2026-08-29T16:31:41,2
54630940,2026-08-05,2026-08-29T16:34:16,2
54630944,2026-08-05,2026-08-29T16:31:41,2
54630946,2026-08-05,2026-08-29T16:47:25,2
54630947,2026-08-05,2026-08-29T16:31:09,2
54630956,2026-08-29T17:04:34,2026-08-29T17:04:34,1
54630960,2026-08-29T16:53:22,2026-08-29T16:53:22,1
54630973,2026-08-05,2026-08-29T17:07:29,2
54630985,2026-08-05,2026-08-29T17:09:48,2
54631021,2026-08-05,2026-08-29T16:29:43,2
54631100,2026-08-05,2026-08-29T17:01:11,2
54631115,2026-08-05,2026-08-29T16:30:49,2
54631146,2026-08-05,2026-08-29T17:05:28,2
54631147,2026-08-05,2026-08-29T17:05:25,2
54631148,2026-08-05,2026-08-29T17:05:25,2
54631173,2026-08-29T17:04:34,2026-08-29T17:04:34,1
54631232,2026-08-05,2026-08-29T16:31:13,2
54631234,2026-08-05,2026-08-29T17:07:29,2
54631320,2026-08-29T17:02:49,2026-08-29T17:02:49,1
54631353,2026-08-29T17:04:34,2026-08-29T17:04:34,1
54631370,2026-08-29T16:54:08,2026-08-29T16:54:08,1
54631371,2026-08-29T16:52:58,2026-08-29T16:52:58,1
54631373,2026-08-29T16:52:52,2026-08-29T16:52:52,1
54631374,2026-08-29T16:52:10,2026-08-29T16:52:10,1
54631375,2026-08-29T16:52:58,2026-08-29T16:52:58,1
54631387,2026-08-29T17:03:06,2026-08-29T17:03:06,1
54631458,2026-08-29T17:04:31,2026-08-29T17:04:31,1
54631496,2026-08-29T17:04:31,2026-08-29T17:04:31,1
54631499,2026-08-29T17:04:31,2026-08-29T17:04:31,1
54631500,2026-08-29T17:04:31,2026-08-29T17:04:31,1
54631501,2026-08-29T17:04:31,2026-08-29T17:04:31,1
54631503,2026-08-29T17:04:31,2026-08-29T17:04:31,1
54631505,2026-08-29T17:04:31,2026-08-29T17:04:31,1
54631506,2026-08-29T17:04:31,2026-08-29T17:04:31,1
54631510,2026-08-29T17:04:31,2026-08-29T17:04:31,1
54631514,2026-08-05,2026-08-29T17:09:55,2
54631517,2026-08-05,2026-08-29T16:31:13,2
54631518,2026-08-05,2026-08-29T16:46:54,2
54631519,2026-08-29T17:04:31,2026-08-29T17:04:31,1
54631523,2026-08-05,2026-08-29T16:47:41,2
54631532,2026-08-05,2026-08-29T16:30:49,2
54631540,2026-08-29T17:04:31,2026-08-29T17:04:31,1
54631547,2026-08-05,2026-08-29T16:42:20,2
54631565,2026-08-29T16:47:19,2026-08-29T16:47:19,1
54631570,2026-08-29T17:04:31,2026-08-29T17:04:31,1
54631572,2026-08-05,2026-08-29T16:40:58,2
54631582,2026-08-29T17:04:31,2026-08-29T17:04:31,1
54631583,2026-08-05,2026-08-29T17:05:39,2
54631637,2026-08-05,2026-08-29T17:09:48,2
54631647,2026-08-05,2026-08-29T17:07:04,2
54631656,2026-08-29T17:04:31,2026-08-29T17:04:31,1
54631659,2026-08-05,2026-08-29T16:33:55,2
54631693,2026-08-05,2026-08-29T17:05:36,2
54631694,2026-08-05,2026-08-29T16:33:55,2
54631701,2026-08-29T17:04:31,2026-08-29T17:04:31,1
54631733,2026-08-05,2026-08-29T17:09:55,2
54631736,2026-08-05,2026-08-29T17:09:48,2
54631752,2026-08-29T17:03:12,2026-08-29T17:03:12,1
54631754,2026-08-29T17:03:12,2026-08-29T17:03:12,1
54631763,2026-08-29T17:03:12,2026-08-29T17:03:12,1
54631764,2026-08-29T17:03:12,2026-08-29T17:03:12,1
54631765,2026-08-29T17:03:15,2026-08-29T17:03:15,1
54631814,2026-08-05,2026-08-29T17:09:48,2
54631829,2026-08-29T17:04:28,2026-08-29T17:04:28,1
54631830,2026-08-29T17:04:28,2026-08-29T17:04:28,1
54631831,2026-08-29T17:04:28,2026-08-29T17:04:28,1
54631832,2026-08-29T17:04:28,2026-08-29T17:04:28,1
54631839,2026-08-05,2026-08-29T17:09:44,2
54631869,2026-08-29T16:45:05,2026-08-29T16:45:05,1
54631874,2026-08-29T17:00:04,2026-08-29T17:00:04,1
54631898,2026-08-05,2026-08-05,1
54631920,2026-08-05,2026-08-29T17:08:20,2
54631922,2026-08-05,2026-08-29T16:34:10,2
54631925,2026-08-29T16:54:45,2026-08-29T16:54:45,1
54631927,2026-08-29T16:34:19,2026-08-29T16:34:19,1
54631933,2026-08-29T16:53:31,2026-08-29T16:53:31,1
54631940,2026-08-05,2026-08-29T17:02:04,2
54631959,2026-08-05,2026-08-29T16:30:04,2
54631967,2026-08-29T16:53:47,2026-08-29T16:53:47,1
54631972,2026-08-05,2026-08-29T17:08:53,2
54631979,2026-08-29T16:45:30,2026-08-29T16:45:30,1
54631980,2026-08-05,2026-08-29T16:34:16,2
54631989,2026-08-29T16:55:59,2026-08-29T16:55:59,1
54632014,2026-08-05,2026-08-29T16:47:22,2
54632022,2026-08-05,2026-08-29T16:41:43,2
54632026,2026-08-05,2026-08-29T17:07:10,2
54632033,2026-08-05,2026-08-29T16:34:13,2
54632034,2026-08-29T17:04:28,2026-08-29T17:04:28,1
54632038,2026-08-29T17:04:28,2026-08-29T17:04:28,1
54632044,2026-08-05,2026-08-29T17:07:10,2
54632046,2026-08-29T17:04:25,2026-08-29T17:04:25,1
54632048,2026-08-29T17:04:25,2026-08-29T17:04:25,1
54632049,2026-08-29T17:04:25,2026-08-29T17:04:25,1
54632051,2026-08-29T17:04:25,2026-08-29T17:04:25,1
54632054,2026-08-29T17:04:25,2026-08-29T17:04:25,1
54632073,2026-08-05,2026-08-29T17:07:10,2
54632076,2026-08-05,2026-08-29T16:39:18,2
54632079,2026-08-29T16:29:48,2026-08-29T16:29:48,1
54632080,2026-08-05,2026-08-29T16:56:46,2
54632101,2026-08-29T17:00:04,2026-08-29T17:00:04,1
54632125,2026-08-29T17:04:25,2026-08-29T17:04:25,1
54632132,2026-08-29T16:54:35,2026-08-29T16:54:35,1
54632135,2026-08-29T17:04:25,2026-08-29T17:04:25,1
54632149,2026-08-29T17:04:25,2026-08-29T17:04:25,1
54632154,2026-08-05,2026-08-29T16:46:19,2
54632165,2026-08-05,2026-08-29T16:29:39,2
54632206,2026-08-29T17:04:25,2026-08-29T17:04:25,1
54632213,2026-08-05,2026-08-29T17:07:01,2
54632248,2026-08-29T16:58:37,2026-08-29T16:58:37,1
54632291,2026-08-29T16:57:43,2026-08-29T16:57:43,1
54632295,2026-08-29T16:53:50,2026-08-29T16:53:50,1
54632299,2026-08-05,2026-08-29T16:31:57,2
54632369,2026-08-29T16:57:43,2026-08-29T16:57:43,1
54632427,2026-08-29T16:39:10,2026-08-29T16:39:10,1
54632431,2026-08-05,2026-08-29T16:47:10,2
54632436,2026-08-29T17:04:22,2026-08-29T17:04:22,1
54632442,2026-08-29T16:59:35,2026-08-29T16:59:35,1
54632447,2026-08-05,2026-08-29T16:47:44,2
54632479,2026-08-05,2026-08-29T17:08:24,2
54632530,2026-08-05,2026-08-29T17:06:49,2
54632534,2026-08-29T17:04:22,2026-08-29T17:04:22,1
54632537,2026-08-29T17:04:22,2026-08-29T17:04:22,1
54632543,2026-08-05,2026-08-29T16:44:13,2
54632551,2026-08-29T16:38:10,2026-08-29T16:38:10,1
54632561,2026-08-05,2026-08-29T17:05:13,2
54632573,2026-08-05,2026-08-05,1
54632584,2026-08-05,2026-08-29T16:46:04,2
54632614,2026-08-05,2026-08-29T16:41:52,2
54632649,2026-08-05,2026-08-29T17:07:25,2
54632658,2026-08-29T16:59:55,2026-08-29T16:59:55,1
54632673,2026-08-29T16:51:46,2026-08-29T16:51:46,1
54632676,2026-08-29T17:03:12,2026-08-29T17:03:12,1
54632681,2026-08-29T16:52:45,2026-08-29T16:52:45,1
54632683,2026-08-29T17:04:52,2026-08-29T17:04:52,1
54632708,2026-08-05,2026-08-29T16:46:04,2
54632719,2026-08-05,2026-08-29T16:44:50,2
54632743,2026-08-29T16:55:06,2026-08-29T16:55:06,1
54632763,2026-08-29T17:04:55,2026-08-29T17:04:55,1
54632765,2026-08-29T17:04:22,2026-08-29T17:04:22,1
54632767,2026-08-29T17:04:55,2026-08-29T17:04:55,1
54632770,2026-08-05,2026-08-29T16:42:35,2
54632788,2026-08-29T17:04:22,2026-08-29T17:04:22,1
54632800,2026-08-29T17:04:52,2026-08-29T17:04:52,1
54632807,2026-08-29T17:04:49,2026-08-29T17:04:49,1
54632810,2026-08-05,2026-08-29T16:30:30,2
54632818,2026-08-05,2026-08-29T16:29:11,2
54632819,2026-08-29T17:04:22,2026-08-29T17:04:22,1
54632834,2026-08-05,2026-08-29T16:31:21,2
54632857,2026-08-05,2026-08-29T16:41:52,2
54632864,2026-08-05,2026-08-29T16:47:16,2
54632945,2026-08-29T16:56:23,2026-08-29T16:56:23,1
54632947,2026-08-05,2026-08-29T16:47:16,2
54632951,2026-08-29T16:31:47,2026-08-29T16:31:47,1
54632957,2026-08-05,2026-08-29T17:01:11,2
54632960,2026-08-29T16:40:10,2026-08-29T16:40:10,1
54632964,2026-08-29T17:05:01,2026-08-29T17:05:01,1
54632972,2026-08-05,2026-08-29T16:34:19,2
54632975,2026-08-05,2026-08-29T16:41:52,2
54632995,2026-08-05,2026-08-29T16:34:22,2
54633044,2026-08-05,2026-08-29T16:57:52,2
54633136,2026-08-05,2026-08-29T16:47:19,2
54633154,2026-08-05,2026-08-29T16:41:52,2
54633192,2026-08-05,2026-08-29T16:34:13,2
54633202,2026-08-29T17:04:16,2026-08-29T17:04:16,1
54633203,2026-08-29T16:52:31,2026-08-29T16:52:31,1
54633206,2026-08-05,2026-08-29T16:47:16,2
54633226,2026-08-05,2026-08-29T16:47:28,2
54633265,2026-08-29T17:04:52,2026-08-29T17:04:52,1
54633323,2026-08-29T17:02:43,2026-08-29T17:02:43,1
54633330,2026-08-05,2026-08-29T16:47:16,2
54633337,2026-08-29T17:04:52,2026-08-29T17:04:52,1
54633342,2026-08-05,2026-08-29T17:08:09,2
54633366,2026-08-29T17:04:16,2026-08-29T17:04:16,1
54633373,2026-08-05,2026-08-29T16:47:16,2
54633407,2026-08-29T17:04:16,2026-08-29T17:04:16,1
54633416,2026-08-29T17:04:49,2026-08-29T17:04:49,1
54633441,2026-08-05,2026-08-29T16:30:49,2
54633451,2026-08-05,2026-08-29T16:47:16,2
54633454,2026-08-05,2026-08-29T16:43:36,2
54633460,2026-08-29T16:55:56,2026-08-29T16:55:56,1
54633476,2026-08-05,2026-08-29T16:32:19,2
54633484,2026-08-29T17:04:55,2026-08-29T17:04:55,1
54633495,2026-08-29T16:53:15,2026-08-29T16:53:15,1
54633496,2026-08-29T16:30:04,2026-08-29T16:30:04,1
54633500,2026-08-05,2026-08-29T16:43:36,2
54633505,2026-08-05,2026-08-29T16:37:28,2
54633508,2026-08-05,2026-08-29T16:45:19,2
54633513,2026-08-05,2026-08-29T16:46:38,2
54633527,2026-08-29T16:30:04,2026-08-29T16:30:04,1
54633534,2026-08-05,2026-08-29T16:42:35,2
54633577,2026-08-05,2026-08-29T16:44:22,2
54633581,2026-08-05,2026-08-29T16:56:05,2
54633601,2026-08-29T16:45:33,2026-08-29T16:45:33,1
54633633,2026-08-29T17:04:13,2026-08-29T17:04:13,1
54633708,2026-08-05,2026-08-29T16:56:11,2
54633727,2026-08-05,2026-08-29T17:00:47,2
54633746,2026-08-29T16:57:09,2026-08-29T16:57:09,1
54633760,2026-08-05,2026-08-29T16:46:19,2
54633769,2026-08-29T17:04:13,2026-08-29T17:04:13,1
54633791,2026-08-05,2026-08-29T17:00:47,2
54633806,2026-08-05,2026-08-29T17:06:09,2
54633841,2026-08-29T16:54:45,2026-08-29T16:54:45,1
54633864,2026-08-05,2026-08-29T17:09:44,2
54633867,2026-08-05,2026-08-29T16:36:54,2
54633892,2026-08-05,2026-08-29T17:01:53,2
54633903,2026-08-29T16:53:02,2026-08-29T16:53:02,1
54633935,2026-08-05,2026-08-29T16:59:02,2
54633944,2026-08-05,2026-08-29T16:38:02,2
54633954,2026-08-29T17:04:49,2026-08-29T17:04:49,1
54633959,2026-08-29T17:04:06,2026-08-29T17:04:06,1
54633965,2026-08-05,2026-08-29T16:42:56,2
54633997,2026-08-05,2026-08-29T16:31:51,2
54634015,2026-08-29T16:55:52,2026-08-29T16:55:52,1
54634037,2026-08-05,2026-08-05,1
54634042,2026-08-05,2026-08-29T16:45:42,2
54634057,2026-08-05,2026-08-05,1
54634080,2026-08-29T17:04:49,2026-08-29T17:04:49,1
54634086,2026-08-29T17:04:06,2026-08-29T17:04:06,1
54634088,2026-08-29T16:56:55,2026-08-29T16:56:55,1
54634094,2026-08-05,2026-08-29T16:34:50,2
54634097,2026-08-05,2026-08-29T16:41:57,2
54634102,2026-08-29T16:57:18,2026-08-29T16:57:18,1
54634111,2026-08-05,2026-08-29T16:47:31,2
54634118,2026-08-05,2026-08-29T16:47:13,2
54634125,2026-08-05,2026-08-29T16:47:31,2
54634131,2026-08-05,2026-08-29T16:41:57,2
54634132,2026-08-29T16:56:55,2026-08-29T16:56:55,1
54634133,2026-08-05,2026-08-29T17:05:51,2
54634136,2026-08-29T16:59:35,2026-08-29T16:59:35,1
54634178,2026-08-29T17:04:49,2026-08-29T17:04:49,1
54634195,2026-08-29T16:58:37,2026-08-29T16:58:37,1
54634264,2026-08-29T16:39:38,2026-08-29T16:39:38,1
54634309,2026-08-29T16:44:35,2026-08-29T16:44:35,1
54634333,2026-08-05,2026-08-29T16:34:13,2
54634377,2026-08-29T16:59:55,2026-08-29T16:59:55,1
54634378,2026-08-05,2026-08-29T16:31:57,2
54634411,2026-08-29T17:04:06,2026-08-29T17:04:06,1
54634429,2026-08-05,2026-08-29T16:45:22,2
54634431,2026-08-29T17:04:06,2026-08-29T17:04:06,1
54634439,2026-08-29T16:47:19,2026-08-29T16:47:19,1
54634451,2026-08-05,2026-08-29T16:45:49,2
54634460,2026-08-05,2026-08-29T16:38:10,2
54634487,2026-08-29T16:50:28,2026-08-29T16:50:28,1
54634489,2026-08-29T16:50:28,2026-08-29T16:50:28,1
54634492,2026-08-29T16:50:28,2026-08-29T16:50:28,1
54634494,2026-08-29T16:50:28,2026-08-29T16:50:28,1
54634496,2026-08-29T17:04:06,2026-08-29T17:04:06,1
54634498,2026-08-29T17:04:03,2026-08-29T17:04:03,1
54634500,2026-08-29T17:04:03,2026-08-29T17:04:03,1
54634506,2026-08-29T17:04:03,2026-08-29T17:04:03,1
54634509,2026-08-29T16:52:13,2026-08-29T16:52:13,1
54634560,2026-08-29T16:52:13,2026-08-29T16:52:13,1
54634563,2026-08-05,2026-08-29T16:41:52,2
54634565,2026-08-29T16:52:13,2026-08-29T16:52:13,1
54634570,2026-08-29T17:04:03,2026-08-29T17:04:03,1
54634579,2026-08-05,2026-08-29T16:32:44,2
54634632,2026-08-29T17:04:03,2026-08-29T17:04:03,1
54634654,2026-08-05,2026-08-29T16:47:03,2
54634711,2026-08-29T16:39:38,2026-08-29T16:39:38,1
54634714,2026-08-05,2026-08-05,1
54634748,2026-08-29T16:37:58,2026-08-29T16:37:58,1
54634802,2026-08-05,2026-08-29T17:06:55,2
54634803,2026-08-29T17:04:03,2026-08-29T17:04:03,1
54634810,2026-08-05,2026-08-29T16:29:24,2
54634825,2026-08-05,2026-08-29T16:31:00,2
54634828,2026-08-05,2026-08-29T17:07:39,2
54634829,2026-08-29T17:04:49,2026-08-29T17:04:49,1
54634888,2026-08-05,2026-08-29T17:06:40,2
54634900,2026-08-29T16:52:13,2026-08-29T16:52:13,1
54634905,2026-08-29T16:52:13,2026-08-29T16:52:13,1
54634918,2026-08-05,2026-08-29T17:05:16,2
54634947,2026-08-29T16:37:54,2026-08-29T16:37:54,1
54635049,2026-08-05,2026-08-29T16:40:48,2
54635185,2026-08-29T17:04:58,2026-08-29T17:04:58,1
54635192,2026-08-29T17:03:57,2026-08-29T17:03:57,1
54635208,2026-08-05,2026-08-29T16:34:53,2
54635213,2026-08-05,2026-08-05,1
54635215,2026-08-29T16:48:40,2026-08-29T16:48:40,1
54635216,2026-08-29T17:03:57,2026-08-29T17:03:57,1
54635235,2026-08-29T17:03:57,2026-08-29T17:03:57,1
54635237,2026-08-05,2026-08-29T16:34:53,2
54635242,2026-08-29T16:55:52,2026-08-29T16:55:52,1
54635250,2026-08-05,2026-08-05,1
54635257,2026-08-05,2026-08-29T16:41:52,2
54635264,2026-08-29T16:57:28,2026-08-29T16:57:28,1
54635266,2026-08-29T17:03:57,2026-08-29T17:03:57,1
54635273,2026-08-29T17:00:01,2026-08-29T17:00:01,1
54635296,2026-08-05,2026-08-29T16:34:10,2
54635303,2026-08-05,2026-08-29T16:33:33,2
54635386,2026-08-29T16:57:00,2026-08-29T16:57:00,1
54635389,2026-08-05,2026-08-29T16:39:14,2
54635397,2026-08-29T16:56:02,2026-08-29T16:56:02,1
54635404,2026-08-05,2026-08-29T17:08:09,2
54635410,2026-08-05,2026-08-29T17:07:29,2
54635415,2026-08-05,2026-08-29T16:39:14,2
54635416,2026-08-05,2026-08-29T17:08:24,2
54635424,2026-08-29T16:57:03,2026-08-29T16:57:03,1
54635431,2026-08-05,2026-08-29T17:09:51,2
54635434,2026-08-05,2026-08-29T16:39:30,2
54635435,2026-08-29T17:04:58,2026-08-29T17:04:58,1
54635445,2026-08-05,2026-08-29T17:06:15,2
54635458,2026-08-05,2026-08-29T16:34:56,2
54635460,2026-08-05,2026-08-29T16:34:56,2
54635475,2026-08-29T17:04:55,2026-08-29T17:04:55,1
54635476,2026-08-29T17:03:57,2026-08-29T17:03:57,1
54635484,2026-08-29T17:03:57,2026-08-29T17:03:57,1
54635489,2026-08-29T17:03:57,2026-08-29T17:03:57,1
54635503,2026-08-29T17:03:57,2026-08-29T17:03:57,1
54635506,2026-08-29T17:03:54,2026-08-29T17:03:54,1
54635660,2026-08-29T16:54:32,2026-08-29T16:54:32,1
54635814,2026-08-05,2026-08-29T16:47:10,2
54635934,2026-08-29T17:03:54,2026-08-29T17:03:54,1
54635948,2026-08-29T17:04:55,2026-08-29T17:04:55,1
54635958,2026-08-05,2026-08-29T16:37:24,2
54635959,2026-08-05,2026-08-29T16:45:58,2
54635965,2026-08-05,2026-08-29T16:28:53,2
54636021,2026-08-05,2026-08-29T16:31:24,2
54636092,2026-08-29T16:54:32,2026-08-29T16:54:32,1
54636093,2026-08-29T16:54:32,2026-08-29T16:54:32,1
54636094,2026-08-29T16:54:32,2026-08-29T16:54:32,1
54636095,2026-08-29T16:54:32,2026-08-29T16:54:32,1
54636096,2026-08-29T16:54:32,2026-08-29T16:54:32,1
54636097,2026-08-29T16:54:32,2026-08-29T16:54:32,1
54636098,2026-08-29T16:54:32,2026-08-29T16:54:32,1
54636099,2026-08-29T16:54:32,2026-08-29T16:54:32,1
54636199,2026-08-05,2026-08-29T16:34:05,2
54636221,2026-08-29T17:03:54,2026-08-29T17:03:54,1
54636229,2026-08-29T17:03:54,2026-08-29T17:03:54,1
54636243,2026-08-05,2026-08-29T16:36:18,2
54636244,2026-08-05,2026-08-29T16:36:18,2
54636245,2026-08-05,2026-08-29T16:36:18,2
54636295,2026-08-05,2026-08-29T17:09:41,2
54636300,2026-08-29T17:04:49,2026-08-29T17:04:49,1
54636336,2026-08-29T17:03:54,2026-08-29T17:03:54,1
54636374,2026-08-05,2026-08-29T16:35:35,2
54636381,2026-08-05,2026-08-29T16:34:22,2
54636387,2026-08-05,2026-08-29T16:30:12,2
54636388,2026-08-29T16:52:36,2026-08-29T16:52:36,1
54636414,2026-08-05,2026-08-29T16:32:41,2
54636420,2026-08-05,2026-08-29T16:45:09,2
54636430,2026-08-05,2026-08-29T17:09:41,2
54636432,2026-08-05,2026-08-29T16:34:05,2
54636437,2026-08-05,2026-08-29T16:32:44,2
54636443,2026-08-05,2026-08-29T16:47:28,2
54636445,2026-08-29T16:52:22,2026-08-29T16:52:22,1
54636446,2026-08-29T17:03:51,2026-08-29T17:03:51,1
54636449,2026-08-05,2026-08-29T16:45:09,2
54636520,2026-08-05,2026-08-29T16:34:05,2
54636521,2026-08-05,2026-08-29T16:45:09,2
54636592,2026-08-29T17:03:51,2026-08-29T17:03:51,1
54636593,2026-08-05,2026-08-29T17:05:57,2
54636604,2026-08-05,2026-08-29T16:58:40,2
54636644,2026-08-05,2026-08-29T17:06:00,2
54636645,2026-08-05,2026-08-29T16:32:44,2
54636671,2026-08-29T17:05:07,2026-08-29T17:05:07,1
54636672,2026-08-05,2026-08-29T16:57:55,2
54636676,2026-08-05,2026-08-29T16:34:56,2
54636679,2026-08-29T17:04:49,2026-08-29T17:04:49,1
54636687,2026-08-05,2026-08-29T16:37:28,2
54636688,2026-08-29T17:04:49,2026-08-29T17:04:49,1
54636712,2026-08-05,2026-08-29T16:34:02,2
54636718,2026-08-29T16:48:11,2026-08-29T16:48:11,1
54636756,2026-08-05,2026-08-29T16:42:35,2
54636827,2026-08-05,2026-08-29T17:06:55,2
54636839,2026-08-05,2026-08-29T16:31:41,2
54636877,2026-08-05,2026-08-29T16:32:35,2
54636884,2026-08-29T16:57:21,2026-08-29T16:57:21,1
54636909,2026-08-05,2026-08-29T16:31:34,2
54636914,2026-08-05,2026-08-29T17:05:13,2
54636941,2026-08-05,2026-08-29T16:34:05,2
54636943,2026-08-05,2026-08-29T16:31:41,2
54636951,2026-08-05,2026-08-29T17:06:55,2
54636966,2026-08-05,2026-08-29T16:40:43,2
54636967,2026-08-05,2026-08-29T16:45:33,2
54636970,2026-08-05,2026-08-29T16:31:17,2
54636999,2026-08-05,2026-08-29T16:29:17,2
54637001,2026-08-29T16:57:25,2026-08-29T16:57:25,1
54637002,2026-08-05,2026-08-29T16:34:05,2
54637020,2026-08-29T16:57:18,2026-08-29T16:57:18,1
54637063,2026-08-05,2026-08-29T16:37:28,2
54637092,2026-08-05,2026-08-29T16:30:12,2
54637123,2026-08-05,2026-08-29T16:41:39,2
54637150,2026-08-29T17:03:48,2026-08-29T17:03:48,1
54637156,2026-08-05,2026-08-29T17:06:46,2
54637160,2026-08-29T16:54:14,2026-08-29T16:54:14,1
54637161,2026-08-29T16:54:14,2026-08-29T16:54:14,1
54637162,2026-08-29T16:54:14,2026-08-29T16:54:14,1
54637163,2026-08-29T16:54:14,2026-08-29T16:54:14,1
54637183,2026-08-29T17:00:14,2026-08-29T17:00:14,1
54637186,2026-08-05,2026-08-29T16:32:41,2
54637191,2026-08-05,2026-08-29T16:44:22,2
54637231,2026-08-29T16:55:09,2026-08-29T16:55:09,1
54637236,2026-08-29T17:04:49,2026-08-29T17:04:49,1
54637247,2026-08-29T17:03:48,2026-08-29T17:03:48,1
54637248,2026-08-05,2026-08-29T16:46:41,2
54637272,2026-08-05,2026-08-29T16:37:54,2
54637273,2026-08-29T16:52:55,2026-08-29T16:52:55,1
54637281,2026-08-29T16:51:06,2026-08-29T16:51:06,1
54637297,2026-08-05,2026-08-29T16:47:34,2
54637322,2026-08-05,2026-08-29T16:30:12,2
54637338,2026-08-29T16:57:28,2026-08-29T16:57:28,1
54637345,2026-08-29T16:53:31,2026-08-29T16:53:31,1
54637357,2026-08-05,2026-08-29T16:43:13,2
54637366,2026-08-05,2026-08-29T16:34:05,2
54637413,2026-08-29T16:59:49,2026-08-29T16:59:49,1
54637432,2026-08-29T17:03:48,2026-08-29T17:03:48,1
54637451,2026-08-05,2026-08-29T16:44:19,2
54637477,2026-08-29T16:58:01,2026-08-29T16:58:01,1
54637478,2026-08-29T16:57:28,2026-08-29T16:57:28,1
54637481,2026-08-05,2026-08-29T16:38:55,2
54637489,2026-08-29T17:03:48,2026-08-29T17:03:48,1
54637529,2026-08-05,2026-08-29T16:36:18,2
54637540,2026-08-29T16:59:39,2026-08-29T16:59:39,1
54637545,2026-08-05,2026-08-29T16:46:57,2
54637550,2026-08-05,2026-08-29T16:46:31,2
54637569,2026-08-29T16:30:12,2026-08-29T16:30:12,1
54637570,2026-08-29T16:45:15,2026-08-29T16:45:15,1
54637577,2026-08-05,2026-08-29T16:51:06,2
54637579,2026-08-05,2026-08-29T17:01:50,2
54637606,2026-08-05,2026-08-29T17:07:53,2
54637607,2026-08-05,2026-08-29T17:07:53,2
54637608,2026-08-05,2026-08-29T17:07:53,2
54637609,2026-08-05,2026-08-29T17:07:53,2
54637610,2026-08-05,2026-08-29T17:07:53,2
54637611,2026-08-05,2026-08-29T17:07:53,2
54637616,2026-08-05,2026-08-29T17:07:53,2
54637617,2026-08-29T16:54:08,2026-08-29T16:54:08,1
54637618,2026-08-29T16:54:08,2026-08-29T16:54:08,1
54637619,2026-08-29T16:52:52,2026-08-29T16:52:52,1
54637622,2026-08-29T16:53:09,2026-08-29T16:53:09,1
54637637,2026-08-29T17:03:45,2026-08-29T17:03:45,1
54637678,2026-08-29T16:40:07,2026-08-29T16:40:07,1
54637692,2026-08-29T16:54:48,2026-08-29T16:54:48,1
54637721,2026-08-29T16:40:07,2026-08-29T16:40:07,1
54637743,2026-08-29T17:04:46,2026-08-29T17:04:46,1
54637744,2026-08-05,2026-08-29T16:46:48,2
54637745,2026-08-05,2026-08-29T17:09:41,2
54637748,2026-08-05,2026-08-29T16:31:41,2
54637759,2026-08-05,2026-08-29T16:47:28,2
54637760,2026-08-05,2026-08-29T16:36:22,2
54637762,2026-08-29T16:53:22,2026-08-29T16:53:22,1
54637779,2026-08-05,2026-08-29T17:09:41,2
54637790,2026-08-29T16:58:37,2026-08-29T16:58:37,1
54637797,2026-08-05,2026-08-29T17:08:44,2
54637802,2026-08-29T16:58:37,2026-08-29T16:58:37,1
54637804,2026-08-29T16:58:37,2026-08-29T16:58:37,1
54637811,2026-08-05,2026-08-29T17:08:44,2
54637814,2026-08-05,2026-08-29T16:44:59,2
54637816,2026-08-29T17:03:42,2026-08-29T17:03:42,1
54637836,2026-08-29T16:43:23,2026-08-29T16:43:23,1
54637856,2026-08-05,2026-08-29T16:39:22,2
54637877,2026-08-05,2026-08-29T16:31:41,2
54637899,2026-08-29T16:59:49,2026-08-29T16:59:49,1
54637904,2026-08-29T17:04:46,2026-08-29T17:04:46,1
54637906,2026-08-05,2026-08-29T16:47:03,2
54637919,2026-08-29T17:03:42,2026-08-29T17:03:42,1
54637927,2026-08-29T16:56:55,2026-08-29T16:56:55,1
54637940,2026-08-29T16:53:22,2026-08-29T16:53:22,1
54637942,2026-08-29T16:57:00,2026-08-29T16:57:00,1
54637948,2026-08-05,2026-08-29T16:42:32,2
54637973,2026-08-05,2026-08-29T16:51:23,2
54637989,2026-08-29T17:03:42,2026-08-29T17:03:42,1
54638028,2026-08-05,2026-08-29T16:32:35,2
54638038,2026-08-05,2026-08-29T17:05:57,2
54638047,2026-08-29T17:03:42,2026-08-29T17:03:42,1
54638058,2026-08-05,2026-08-29T16:31:47,2
54638059,2026-08-05,2026-08-29T17:05:57,2
54638077,2026-08-05,2026-08-29T16:31:05,2
54638090,2026-08-29T16:57:28,2026-08-29T16:57:28,1
54638094,2026-08-05,2026-08-29T17:05:16,2
54638106,2026-08-05,2026-08-29T16:38:55,2
54638127,2026-08-05,2026-08-29T17:08:31,2
54638130,2026-08-05,2026-08-29T16:47:41,2
54638140,2026-08-05,2026-08-29T17:06:46,2
54638153,2026-08-29T16:40:10,2026-08-29T16:40:10,1
54638163,2026-08-29T17:03:39,2026-08-29T17:03:39,1
54638164,2026-08-05,2026-08-29T17:06:46,2
54638182,2026-08-29T17:03:39,2026-08-29T17:03:39,1
54638183,2026-08-29T16:31:05,2026-08-29T16:31:05,1
54638207,2026-08-29T16:57:28,2026-08-29T16:57:28,1
54638208,2026-08-05,2026-08-29T17:05:19,2
54638209,2026-08-05,2026-08-29T16:34:56,2
54638214,2026-08-05,2026-08-29T16:41:48,2
54638261,2026-08-05,2026-08-29T16:47:03,2
54638266,2026-08-05,2026-08-29T17:06:26,2
54638269,2026-08-05,2026-08-29T16:29:39,2
54638275,2026-08-05,2026-08-29T17:08:31,2
54638289,2026-08-05,2026-08-29T17:01:38,2
54638324,2026-08-29T16:57:28,2026-08-29T16:57:28,1
54638334,2026-08-29T17:04:46,2026-08-29T17:04:46,1
54638374,2026-08-05,2026-08-29T16:47:03,2
54638383,2026-08-29T16:57:28,2026-08-29T16:57:28,1
54638428,2026-08-05,2026-08-29T17:00:32,2
54638459,2026-08-29T17:02:58,2026-08-29T17:02:58,1
54638462,2026-08-29T16:57:46,2026-08-29T16:57:46,1
54638473,2026-08-05,2026-08-29T16:46:38,2
54638477,2026-08-05,2026-08-29T16:41:35,2
54638481,2026-08-29T16:57:18,2026-08-29T16:57:18,1
54638485,2026-08-05,2026-08-29T16:46:38,2
54638592,2026-08-05,2026-08-29T17:06:03,2
54638603,2026-08-05,2026-08-29T16:46:38,2
54638610,2026-08-29T16:51:52,2026-08-29T16:51:52,1
54638612,2026-08-29T17:03:36,2026-08-29T17:03:36,1
54638616,2026-08-29T17:00:26,2026-08-29T17:00:26,1
54638617,2026-08-05,2026-08-29T16:46:38,2
54638619,2026-08-29T17:03:36,2026-08-29T17:03:36,1
54638638,2026-08-29T16:55:34,2026-08-29T16:55:34,1
54638664,2026-08-05,2026-08-29T16:45:22,2
54638671,2026-08-29T16:55:34,2026-08-29T16:55:34,1
54638695,2026-08-29T17:03:36,2026-08-29T17:03:36,1
54638723,2026-08-29T16:54:22,2026-08-29T16:54:22,1
54638724,2026-08-29T16:54:22,2026-08-29T16:54:22,1
54638726,2026-08-29T16:54:22,2026-08-29T16:54:22,1
54638729,2026-08-05,2026-08-29T16:51:06,2
54638731,2026-08-05,2026-08-29T16:47:28,2
54638734,2026-08-29T16:59:05,2026-08-29T16:59:05,1
54638742,2026-08-29T17:04:52,2026-08-29T17:04:52,1
54638761,2026-08-05,2026-08-29T16:46:38,2
54638767,2026-08-05,2026-08-29T16:45:05,2
54638769,2026-08-05,2026-08-29T16:36:18,2
54638781,2026-08-05,2026-08-29T16:51:06,2
54638802,2026-08-05,2026-08-29T16:45:22,2
54638832,2026-08-29T16:59:05,2026-08-29T16:59:05,1
54638838,2026-08-05,2026-08-29T16:31:13,2
54638855,2026-08-29T17:04:46,2026-08-29T17:04:46,1
54638860,2026-08-29T16:53:22,2026-08-29T16:53:22,1
54638863,2026-08-05,2026-08-29T16:46:38,2
54638891,2026-08-29T16:59:05,2026-08-29T16:59:05,1
54638899,2026-08-29T17:04:49,2026-08-29T17:04:49,1
54638921,2026-08-29T16:59:05,2026-08-29T16:59:05,1
54638926,2026-08-29T16:52:25,2026-08-29T16:52:25,1
54638946,2026-08-29T16:53:22,2026-08-29T16:53:22,1
54638960,2026-08-05,2026-08-29T16:47:00,2
54638991,2026-08-29T17:05:04,2026-08-29T17:05:04,1
54638993,2026-08-05,2026-08-29T16:56:05,2
54638998,2026-08-29T16:53:09,2026-08-29T16:53:09,1
54639028,2026-08-29T17:04:46,2026-08-29T17:04:46,1
54639043,2026-08-29T17:04:46,2026-08-29T17:04:46,1
54639045,2026-08-05,2026-08-29T17:08:09,2
54639046,2026-08-29T17:03:36,2026-08-29T17:03:36,1
54639062,2026-08-05,2026-08-29T17:01:44,2
54639063,2026-08-29T17:03:36,2026-08-29T17:03:36,1
54639082,2026-08-05,2026-08-29T16:47:00,2
54639083,2026-08-05,2026-08-29T16:45:49,2
54639111,2026-08-29T17:03:33,2026-08-29T17:03:33,1
54639129,2026-08-29T17:03:33,2026-08-29T17:03:33,1
54639134,2026-08-29T16:55:22,2026-08-29T16:55:22,1
54639144,2026-08-05,2026-08-29T16:44:32,2
54639150,2026-08-29T17:03:33,2026-08-29T17:03:33,1
54639154,2026-08-05,2026-08-29T16:33:08,2
54639176,2026-08-29T16:31:27,2026-08-29T16:31:27,1
54639184,2026-08-29T16:30:41,2026-08-29T16:30:41,1
54639191,2026-08-29T17:03:33,2026-08-29T17:03:33,1
54639199,2026-08-05,2026-08-29T16:36:54,2
54639202,2026-08-29T17:04:46,2026-08-29T17:04:46,1
54639222,2026-08-29T16:54:08,2026-08-29T16:54:08,1
54639226,2026-08-05,2026-08-29T17:06:03,2
54639227,2026-08-29T17:03:33,2026-08-29T17:03:33,1
54639240,2026-08-29T16:54:19,2026-08-29T16:54:19,1
54639241,2026-08-29T16:40:07,2026-08-29T16:40:07,1
54639250,2026-08-29T16:53:56,2026-08-29T16:53:56,1
54639253,2026-08-29T17:03:33,2026-08-29T17:03:33,1
54639278,2026-08-29T16:51:46,2026-08-29T16:51:46,1
54639281,2026-08-29T16:56:32,2026-08-29T16:56:32,1
54639284,2026-08-29T17:03:33,2026-08-29T17:03:33,1
54639324,2026-08-29T17:03:33,2026-08-29T17:03:33,1
54639326,2026-08-29T17:05:04,2026-08-29T17:05:04,1
54639342,2026-08-05,2026-08-29T16:30:12,2
54639347,2026-08-29T17:03:33,2026-08-29T17:03:33,1
54639361,2026-08-05,2026-08-29T16:30:49,2
54639363,2026-08-29T17:03:30,2026-08-29T17:03:30,1
54639380,2026-08-05,2026-08-05,1
54639398,2026-08-05,2026-08-29T16:55:31,2
54639400,2026-08-05,2026-08-05,1
54639408,2026-08-05,2026-08-29T16:37:39,2
54639410,2026-08-05,2026-08-29T16:55:46,2
54639426,2026-08-29T17:05:04,2026-08-29T17:05:04,1
54639429,2026-08-29T16:37:39,2026-08-29T16:37:39,1
54639451,2026-08-29T16:56:32,2026-08-29T16:56:32,1
54639464,2026-08-29T16:38:14,2026-08-29T16:38:14,1
54639474,2026-08-29T16:52:22,2026-08-29T16:52:22,1
54639489,2026-08-29T16:38:44,2026-08-29T16:38:44,1
54639498,2026-08-29T17:03:30,2026-08-29T17:03:30,1
54639503,2026-08-05,2026-08-29T16:30:37,2
54639504,2026-08-05,2026-08-29T16:35:06,2
54639505,2026-08-05,2026-08-29T16:30:37,2
54639511,2026-08-29T16:56:36,2026-08-29T16:56:36,1
54639536,2026-08-29T16:40:43,2026-08-29T16:40:43,1
54639548,2026-08-29T17:05:04,2026-08-29T17:05:04,1
54639554,2026-08-29T17:04:46,2026-08-29T17:04:46,1
54639590,2026-08-29T16:54:08,2026-08-29T16:54:08,1
54639591,2026-08-29T17:04:58,2026-08-29T17:04:58,1
54639601,2026-08-29T16:52:52,2026-08-29T16:52:52,1
54639624,2026-08-05,2026-08-29T17:05:39,2
54639625,2026-08-29T16:57:18,2026-08-29T16:57:18,1
54639654,2026-08-05,2026-08-29T16:35:51,2
54639656,2026-08-05,2026-08-29T16:46:25,2
54639664,2026-08-05,2026-08-29T17:08:31,2
54639702,2026-08-05,2026-08-29T16:39:10,2
54639707,2026-08-05,2026-08-29T16:34:02,2
54639716,2026-08-05,2026-08-29T16:47:34,2
54639717,2026-08-05,2026-08-05,1
54639719,2026-08-05,2026-08-29T16:35:51,2
54639728,2026-08-29T16:55:43,2026-08-29T16:55:43,1
54639732,2026-08-05,2026-08-29T16:45:55,2
54639760,2026-08-05,2026-08-29T16:35:51,2
54639764,2026-08-29T17:03:30,2026-08-29T17:03:30,1
54639801,2026-08-05,2026-08-29T16:37:10,2
54639813,2026-08-05,2026-08-29T16:46:45,2
54639818,2026-08-29T17:04:46,2026-08-29T17:04:46,1
54639823,2026-08-05,2026-08-29T17:06:52,2
54639829,2026-08-29T17:05:01,2026-08-29T17:05:01,1
54639843,2026-08-29T17:04:46,2026-08-29T17:04:46,1
54639871,2026-08-29T17:05:01,2026-08-29T17:05:01,1
54639886,2026-08-29T16:39:14,2026-08-29T16:39:14,1
54639920,2026-08-29T17:08:44,2026-08-29T17:08:44,1
54639993,2026-08-29T17:05:04,2026-08-29T17:05:04,1
54640013,2026-08-05,2026-08-29T16:43:20,2
54640037,2026-08-05,2026-08-29T16:47:28,2
54640111,2026-08-29T16:29:35,2026-08-29T16:29:35,1
54640125,2026-08-29T17:03:21,2026-08-29T17:03:21,1
54640192,2026-08-05,2026-08-05,1
54640205,2026-08-05,2026-08-29T17:09:34,2
54640214,2026-08-29T17:03:21,2026-08-29T17:03:21,1
54640225,2026-08-05,2026-08-29T16:46:34,2
54640253,2026-08-29T17:04:46,2026-08-29T17:04:46,1
54640259,2026-08-29T16:53:44,2026-08-29T16:53:44,1
54640261,2026-08-29T16:53:44,2026-08-29T16:53:44,1
54640269,2026-08-29T17:05:04,2026-08-29T17:05:04,1
54640270,2026-08-29T16:53:44,2026-08-29T16:53:44,1
54640281,2026-08-05,2026-08-29T17:05:33,2
54640284,2026-08-05,2026-08-29T16:33:59,2
54640287,2026-08-05,2026-08-29T17:05:25,2
54640290,2026-08-05,2026-08-29T16:46:48,2
54640307,2026-08-29T17:05:04,2026-08-29T17:05:04,1
54640308,2026-08-29T17:05:04,2026-08-29T17:05:04,1
54640318,2026-08-29T17:03:21,2026-08-29T17:03:21,1
54640320,2026-08-05,2026-08-29T17:06:49,2
54640325,2026-08-05,2026-08-29T17:09:51,2
54640326,2026-08-05,2026-08-29T17:09:34,2
54640327,2026-08-05,2026-08-29T17:09:51,2
54640350,2026-08-05,2026-08-29T16:51:49,2
54640358,2026-08-29T17:03:09,2026-08-29T17:03:09,1
54640360,2026-08-05,2026-08-29T17:00:38,2
54640361,2026-08-05,2026-08-29T17:00:38,2
54640363,2026-08-29T17:03:09,2026-08-29T17:03:09,1
54640366,2026-08-29T17:03:09,2026-08-29T17:03:09,1
54640367,2026-08-29T17:03:09,2026-08-29T17:03:09,1
54640368,2026-08-05,2026-08-29T17:00:41,2
54640369,2026-08-29T17:03:09,2026-08-29T17:03:09,1
54640370,2026-08-05,2026-08-29T17:00:41,2
54640371,2026-08-29T17:03:12,2026-08-29T17:03:12,1
54640372,2026-08-05,2026-08-29T17:00:41,2
54640376,2026-08-29T17:03:12,2026-08-29T17:03:12,1
54640378,2026-08-29T17:03:12,2026-08-29T17:03:12,1
54640379,2026-08-29T17:03:12,2026-08-29T17:03:12,1
54640380,2026-08-05,2026-08-29T17:00:41,2
54640381,2026-08-05,2026-08-29T17:00:41,2
54640408,2026-08-29T17:03:21,2026-08-29T17:03:21,1
54640419,2026-08-29T17:04:43,2026-08-29T17:04:43,1
54640460,2026-08-05,2026-08-29T17:05:36,2
54640481,2026-08-29T17:00:20,2026-08-29T17:00:20,1
54640490,2026-08-29T17:00:20,2026-08-29T17:00:20,1
54640501,2026-08-29T17:00:20,2026-08-29T17:00:20,1
54640542,2026-08-05,2026-08-29T16:32:50,2
54640653,2026-08-05,2026-08-29T16:33:59,2
54640655,2026-08-05,2026-08-29T16:46:13,2
54640656,2026-08-29T17:03:21,2026-08-29T17:03:21,1
54640767,2026-08-05,2026-08-29T16:32:53,2
54640790,2026-08-05,2026-08-29T17:06:00,2
54640821,2026-08-29T16:56:39,2026-08-29T16:56:39,1
54640828,2026-08-29T16:51:49,2026-08-29T16:51:49,1
54640854,2026-08-05,2026-08-29T16:32:53,2
54640903,2026-08-29T16:48:46,2026-08-29T16:48:46,1
54640923,2026-08-29T16:49:11,2026-08-29T16:49:11,1
54640924,2026-08-29T16:35:31,2026-08-29T16:35:31,1
54640925,2026-08-29T16:59:02,2026-08-29T16:59:02,1
54640934,2026-08-05,2026-08-05,1
54640941,2026-08-29T16:55:15,2026-08-29T16:55:15,1
54640948,2026-08-29T16:55:22,2026-08-29T16:55:22,1
54640967,2026-08-29T16:35:35,2026-08-29T16:35:35,1
54640982,2026-08-05,2026-08-29T17:02:37,2
54640993,2026-08-05,2026-08-29T16:33:52,2
54640998,2026-08-05,2026-08-29T17:05:22,2
54641024,2026-08-05,2026-08-29T16:46:34,2
54641025,2026-08-05,2026-08-29T16:41:52,2
54641030,2026-08-05,2026-08-29T16:55:18,2
54641034,2026-08-29T17:05:22,2026-08-29T17:05:22,1
54641037,2026-08-05,2026-08-29T16:55:18,2
54641059,2026-08-05,2026-08-29T17:02:34,2
54641062,2026-08-05,2026-08-29T17:02:34,2
54641072,2026-08-05,2026-08-29T16:36:42,2
54641135,2026-08-05,2026-08-29T16:46:22,2
54641139,2026-08-05,2026-08-29T17:02:31,2
54641142,2026-08-05,2026-08-05,1
54641144,2026-08-05,2026-08-05,1
54641146,2026-08-05,2026-08-05,1
54641147,2026-08-05,2026-08-05,1
54641148,2026-08-05,2026-08-05,1
54641149,2026-08-05,2026-08-05,1
54641150,2026-08-05,2026-08-05,1
54641151,2026-08-05,2026-08-05,1
54641152,2026-08-05,2026-08-05,1
54641153,2026-08-05,2026-08-05,1
54641154,2026-08-05,2026-08-05,1
54641156,2026-08-05,2026-08-05,1
54641157,2026-08-29T16:53:22,2026-08-29T16:53:22,1
54641158,2026-08-05,2026-08-05,1
54641159,2026-08-05,2026-08-05,1
54641160,2026-08-05,2026-08-05,1
54641161,2026-08-05,2026-08-05,1
54641162,2026-08-05,2026-08-05,1
54641163,2026-08-05,2026-08-05,1
54641164,2026-08-05,2026-08-05,1
54641165,2026-08-05,2026-08-05,1
54641167,2026-08-05,2026-08-05,1
54641168,2026-08-05,2026-08-05,1
54641169,2026-08-05,2026-08-05,1
54641171,2026-08-05,2026-08-05,1
54641172,2026-08-05,2026-08-05,1
54641173,2026-08-05,2026-08-05,1
54641175,2026-08-05,2026-08-05,1
54641176,2026-08-05,2026-08-05,1
54641177,2026-08-05,2026-08-05,1
54641179,2026-08-05,2026-08-05,1
54641180,2026-08-05,2026-08-05,1
54641181,2026-08-05,2026-08-05,1
54641182,2026-08-05,2026-08-05,1
54641184,2026-08-05,2026-08-05,1
54641186,2026-08-05,2026-08-05,1
54641187,2026-08-05,2026-08-05,1
54641188,2026-08-05,2026-08-05,1
54641189,2026-08-05,2026-08-05,1
54641190,2026-08-05,2026-08-05,1
54641191,2026-08-05,2026-08-05,1
54641192,2026-08-05,2026-08-05,1
54641193,2026-08-05,2026-08-05,1
54641194,2026-08-05,2026-08-05,1
54641195,2026-08-05,2026-08-05,1
54641196,2026-08-05,2026-08-05,1
54641197,2026-08-05,2026-08-05,1
54641198,2026-08-05,2026-08-05,1
54641199,2026-08-05,2026-08-05,1
54641203,2026-08-05,2026-08-05,1
54641204,2026-08-05,2026-08-05,1
54641205,2026-08-05,2026-08-05,1
54641206,2026-08-05,2026-08-05,1
54641207,2026-08-05,2026-08-05,1
54641208,2026-08-05,2026-08-05,1
54641209,2026-08-05,2026-08-05,1
54641210,2026-08-05,2026-08-05,1
54641211,2026-08-05,2026-08-05,1
54641212,2026-08-05,2026-08-05,1
54641213,2026-08-05,2026-08-05,1
54641214,2026-08-05,2026-08-05,1
54641216,2026-08-05,2026-08-29T16:28:49,2
54641217,2026-08-05,2026-08-05,1
54641218,2026-08-05,2026-08-05,1
54641219,2026-08-05,2026-08-05,1
54641220,2026-08-05,2026-08-05,1
54641221,2026-08-05,2026-08-05,1
54641222,2026-08-05,2026-08-05,1
54641223,2026-08-05,2026-08-05,1
54641225,2026-08-05,2026-08-05,1
54641226,2026-08-05,2026-08-05,1
54641228,2026-08-05,2026-08-05,1
54641229,2026-08-05,2026-08-05,1
54641230,2026-08-05,2026-08-05,1
54641231,2026-08-05,2026-08-05,1
54641232,2026-08-05,2026-08-05,1
54641234,2026-08-05,2026-08-05,1
54641235,2026-08-05,2026-08-05,1
54641237,2026-08-05,2026-08-05,1
54641238,2026-08-05,2026-08-05,1
54641273,2026-08-05,2026-08-29T17:02:28,2
54641277,2026-08-05,2026-08-29T16:29:17,2
54641280,2026-08-05,2026-08-29T16:29:17,2
54641281,2026-08-05,2026-08-29T16:29:20,2
54641282,2026-08-05,2026-08-29T16:29:20,2
54641289,2026-08-05,2026-08-29T16:37:32,2
54641290,2026-08-05,2026-08-29T16:30:34,2
54641296,2026-08-05,2026-08-29T16:55:06,2
54641304,2026-08-05,2026-08-29T17:02:28,2
54641308,2026-08-05,2026-08-29T16:55:02,2
54641361,2026-08-05,2026-08-29T16:33:49,2
54641363,2026-08-05,2026-08-29T16:46:22,2
54641417,2026-08-05,2026-08-29T16:29:55,2
54641484,2026-08-05,2026-08-29T16:30:26,2
54641523,2026-08-05,2026-08-29T16:46:22,2
54641552,2026-08-29T17:02:46,2026-08-29T17:02:46,1
54641592,2026-08-05,2026-08-05,1
54641594,2026-08-05,2026-08-05,1
54641595,2026-08-05,2026-08-05,1
54641596,2026-08-05,2026-08-05,1
54641597,2026-08-05,2026-08-05,1
54641598,2026-08-05,2026-08-05,1
54641599,2026-08-05,2026-08-05,1
54641601,2026-08-05,2026-08-05,1
54641652,2026-08-29T17:02:46,2026-08-29T17:02:46,1
54641726,2026-08-29T16:53:47,2026-08-29T16:53:47,1
54641832,2026-08-05,2026-08-29T16:30:49,2
54641834,2026-08-29T17:02:55,2026-08-29T17:02:55,1
54641915,2026-08-05,2026-08-29T17:02:28,2
54641916,2026-08-05,2026-08-29T17:02:28,2
54641917,2026-08-05,2026-08-29T17:02:28,2
54641923,2026-08-05,2026-08-29T17:02:28,2
54641924,2026-08-05,2026-08-29T17:09:20,2
54641926,2026-08-05,2026-08-29T17:09:20,2
54641952,2026-08-05,2026-08-29T16:33:02,2
54641956,2026-08-05,2026-08-29T16:32:03,2
54641963,2026-08-05,2026-08-29T16:33:49,2
54641964,2026-08-29T17:03:06,2026-08-29T17:03:06,1
54642016,2026-08-05,2026-08-29T16:55:18,2
54642025,2026-08-05,2026-08-05,1
54642037,2026-08-05,2026-08-05,1
54642056,2026-08-05,2026-08-05,1
54642063,2026-08-05,2026-08-29T17:06:52,2
54642066,2026-08-05,2026-08-29T16:47:50,2
54642071,2026-08-05,2026-08-29T17:06:52,2
54642074,2026-08-05,2026-08-29T17:06:52,2
54642078,2026-08-05,2026-08-29T17:06:52,2
54642084,2026-08-05,2026-08-29T16:47:50,2
54642085,2026-08-05,2026-08-29T16:47:50,2
54642086,2026-08-05,2026-08-29T16:47:50,2
54642087,2026-08-05,2026-08-29T16:53:50,2
54642088,2026-08-05,2026-08-29T16:58:21,2
54642089,2026-08-05,2026-08-29T16:47:50,2
54642090,2026-08-05,2026-08-29T16:53:50,2
54642091,2026-08-05,2026-08-29T16:47:50,2
54642092,2026-08-05,2026-08-29T16:47:50,2
54642094,2026-08-05,2026-08-29T16:47:53,2
54642095,2026-08-05,2026-08-29T17:07:35,2
54642096,2026-08-05,2026-08-29T16:54:32,2
54642097,2026-08-05,2026-08-29T17:06:52,2
54642099,2026-08-05,2026-08-29T16:53:50,2
54642100,2026-08-05,2026-08-29T16:53:22,2
54642101,2026-08-05,2026-08-29T16:47:53,2
54642102,2026-08-05,2026-08-29T16:47:53,2
54642103,2026-08-05,2026-08-29T16:47:53,2
54642104,2026-08-05,2026-08-29T16:47:53,2
54642105,2026-08-05,2026-08-29T16:47:55,2
54642106,2026-08-05,2026-08-29T16:47:53,2
54642107,2026-08-05,2026-08-29T17:06:55,2
54642108,2026-08-05,2026-08-29T16:47:53,2
54642109,2026-08-05,2026-08-29T17:06:55,2
54642110,2026-08-05,2026-08-29T16:47:53,2
54642129,2026-08-05,2026-08-29T16:55:18,2
54642153,2026-08-05,2026-08-29T16:55:18,2
54642159,2026-08-05,2026-08-29T16:55:18,2
54642165,2026-08-05,2026-08-29T16:59:17,2
54642266,2026-08-29T17:03:15,2026-08-29T17:03:15,1
54642268,2026-08-29T17:03:19,2026-08-29T17:03:19,1
54642275,2026-08-29T17:03:15,2026-08-29T17:03:15,1
54642277,2026-08-29T17:03:15,2026-08-29T17:03:15,1
54642278,2026-08-29T17:03:15,2026-08-29T17:03:15,1
54642279,2026-08-29T17:03:15,2026-08-29T17:03:15,1
54642282,2026-08-29T17:03:15,2026-08-29T17:03:15,1
54642283,2026-08-29T17:03:15,2026-08-29T17:03:15,1
54642286,2026-08-29T17:03:15,2026-08-29T17:03:15,1
54642292,2026-08-29T17:03:15,2026-08-29T17:03:15,1
54642293,2026-08-29T17:03:15,2026-08-29T17:03:15,1
54642294,2026-08-29T17:03:15,2026-08-29T17:03:15,1
54642295,2026-08-29T17:03:15,2026-08-29T17:03:15,1
54642296,2026-08-29T17:03:15,2026-08-29T17:03:15,1
54642297,2026-08-29T17:03:15,2026-08-29T17:03:15,1
54642301,2026-08-29T17:03:15,2026-08-29T17:03:15,1
54642302,2026-08-05,2026-08-29T17:09:17,2
54642304,2026-08-29T17:03:15,2026-08-29T17:03:15,1
54642305,2026-08-29T16:54:35,2026-08-29T16:54:35,1
54642361,2026-08-05,2026-08-29T16:33:46,2
54642422,2026-08-05,2026-08-29T17:02:22,2
54642446,2026-08-05,2026-08-29T17:02:22,2
54642447,2026-08-05,2026-08-29T17:02:22,2
54642448,2026-08-05,2026-08-29T17:02:22,2
54642451,2026-08-05,2026-08-29T17:02:22,2
54642455,2026-08-05,2026-08-29T17:02:22,2
54642458,2026-08-05,2026-08-29T17:02:22,2
54642460,2026-08-05,2026-08-29T16:45:52,2
54642461,2026-08-05,2026-08-29T17:02:22,2
54642462,2026-08-05,2026-08-29T17:02:22,2
54642463,2026-08-05,2026-08-29T17:02:22,2
54642464,2026-08-05,2026-08-29T17:02:22,2
54642465,2026-08-05,2026-08-29T17:02:49,2
54642466,2026-08-05,2026-08-29T17:02:55,2
54642467,2026-08-05,2026-08-29T17:02:22,2
54642468,2026-08-05,2026-08-29T17:02:22,2
54642469,2026-08-05,2026-08-29T17:02:22,2
54642470,2026-08-05,2026-08-29T17:00:23,2
54642471,2026-08-05,2026-08-29T17:02:22,2
54642472,2026-08-05,2026-08-29T16:45:52,2
54642473,2026-08-05,2026-08-29T16:31:38,2
54642474,2026-08-05,2026-08-29T16:31:34,2
54642476,2026-08-05,2026-08-29T16:31:34,2
54642477,2026-08-29T17:03:04,2026-08-29T17:03:04,1
54642478,2026-08-05,2026-08-29T17:02:22,2
54642480,2026-08-05,2026-08-29T17:02:22,2
54642481,2026-08-05,2026-08-29T17:06:32,2
54642486,2026-08-05,2026-08-29T17:09:17,2
54642499,2026-08-05,2026-08-29T17:01:14,2
54642515,2026-08-29T17:03:04,2026-08-29T17:03:04,1
54642516,2026-08-29T17:03:04,2026-08-29T17:03:04,1
54642518,2026-08-29T17:03:15,2026-08-29T17:03:15,1
54642519,2026-08-29T17:03:04,2026-08-29T17:03:04,1
54642521,2026-08-29T17:03:04,2026-08-29T17:03:04,1
54642534,2026-08-05,2026-08-29T17:02:19,2
54642535,2026-08-05,2026-08-29T17:02:19,2
54642541,2026-08-05,2026-08-29T17:02:19,2
54642542,2026-08-05,2026-08-29T17:02:19,2
54642556,2026-08-05,2026-08-29T17:02:19,2
54642593,2026-08-05,2026-08-29T16:58:37,2
54642594,2026-08-05,2026-08-29T16:58:37,2
54642601,2026-08-05,2026-08-29T16:58:37,2
54642619,2026-08-05,2026-08-29T16:58:37,2
54642636,2026-08-05,2026-08-29T16:58:37,2
54642643,2026-08-05,2026-08-29T17:02:19,2
54642651,2026-08-05,2026-08-29T16:29:55,2
54642656,2026-08-05,2026-08-29T16:36:54,2
54642697,2026-08-05,2026-08-29T17:02:16,2
54642715,2026-08-05,2026-08-05,1
54642723,2026-08-05,2026-08-29T16:58:30,2
54642724,2026-08-05,2026-08-05,1
54642727,2026-08-05,2026-08-29T17:02:16,2
54642730,2026-08-05,2026-08-29T16:55:18,2
54642732,2026-08-05,2026-08-29T16:29:28,2
54642733,2026-08-05,2026-08-29T16:38:55,2
54642734,2026-08-05,2026-08-29T16:46:29,2
54642787,2026-08-05,2026-08-29T16:46:19,2
54642837,2026-08-05,2026-08-29T16:37:54,2
54642850,2026-08-05,2026-08-05,1
54642857,2026-08-05,2026-08-05,1
54642917,2026-08-05,2026-08-29T16:33:49,2
54642980,2026-08-05,2026-08-29T16:46:19,2
54642986,2026-08-29T16:54:45,2026-08-29T16:54:45,1
54643021,2026-08-05,2026-08-05,1
54643027,2026-08-29T17:03:04,2026-08-29T17:03:04,1
54643062,2026-08-05,2026-08-29T16:31:24,2
54643067,2026-08-05,2026-08-05,1
54643087,2026-08-05,2026-08-29T16:36:51,2
54643102,2026-08-29T17:09:34,2026-08-29T17:09:34,1
54643115,2026-08-05,2026-08-29T17:05:57,2
54643122,2026-08-05,2026-08-29T16:39:38,2
54643126,2026-08-05,2026-08-29T16:52:13,2
54643127,2026-08-05,2026-08-29T17:02:10,2
54643128,2026-08-05,2026-08-29T17:02:10,2
54643129,2026-08-05,2026-08-29T17:02:10,2
54643130,2026-08-05,2026-08-29T17:02:10,2
54643131,2026-08-05,2026-08-29T16:45:52,2
54643132,2026-08-05,2026-08-29T17:02:10,2
54643133,2026-08-05,2026-08-29T17:09:17,2
54643134,2026-08-05,2026-08-29T17:06:49,2
54643135,2026-08-05,2026-08-29T17:09:17,2
54643136,2026-08-05,2026-08-29T17:09:17,2
54643137,2026-08-05,2026-08-29T17:09:23,2
54643138,2026-08-05,2026-08-29T17:09:17,2
54643139,2026-08-05,2026-08-29T17:02:10,2
54643140,2026-08-05,2026-08-29T17:02:10,2
54643141,2026-08-05,2026-08-29T17:02:10,2
54643142,2026-08-05,2026-08-29T17:02:10,2
54643143,2026-08-05,2026-08-29T17:02:10,2
54643144,2026-08-05,2026-08-29T17:02:10,2
54643145,2026-08-05,2026-08-29T17:02:10,2
54643146,2026-08-05,2026-08-29T17:02:10,2
54643147,2026-08-05,2026-08-29T17:02:10,2
54643148,2026-08-05,2026-08-29T17:09:23,2
54643149,2026-08-05,2026-08-29T17:09:17,2
54643150,2026-08-05,2026-08-29T17:09:17,2
54643151,2026-08-05,2026-08-29T17:09:17,2
54643152,2026-08-05,2026-08-29T17:09:23,2
54643153,2026-08-05,2026-08-29T17:06:49,2
54643154,2026-08-05,2026-08-29T16:42:49,2
54643155,2026-08-05,2026-08-29T16:42:49,2
54643156,2026-08-05,2026-08-29T17:02:10,2
54643180,2026-08-05,2026-08-29T16:39:18,2
54643303,2026-08-05,2026-08-29T17:02:10,2
54643322,2026-08-05,2026-08-05,1
54643333,2026-08-05,2026-08-29T16:45:05,2
54643347,2026-08-05,2026-08-29T16:46:10,2
54643376,2026-08-29T17:02:46,2026-08-29T17:02:46,1
54643384,2026-08-29T17:05:54,2026-08-29T17:05:54,1
54643447,2026-08-05,2026-08-29T16:46:13,2
54643472,2026-08-05,2026-08-29T16:46:31,2
54643475,2026-08-05,2026-08-29T16:29:14,2
54643489,2026-08-05,2026-08-29T16:38:32,2
54643498,2026-08-05,2026-08-29T16:34:05,2
54643505,2026-08-05,2026-08-05,1
54643506,2026-08-05,2026-08-05,1
54643507,2026-08-05,2026-08-05,1
54643510,2026-08-05,2026-08-05,1
54643511,2026-08-05,2026-08-29T16:55:15,2
54643513,2026-08-05,2026-08-05,1
54643517,2026-08-05,2026-08-29T17:02:04,2
54643524,2026-08-29T16:53:25,2026-08-29T16:53:25,1
54643599,2026-08-05,2026-08-29T17:02:04,2
54643658,2026-08-05,2026-08-29T17:02:04,2
54643659,2026-08-05,2026-08-29T17:08:28,2
54643669,2026-08-05,2026-08-29T16:32:00,2
54643683,2026-08-05,2026-08-29T17:02:04,2
54643684,2026-08-05,2026-08-29T17:02:04,2
54643689,2026-08-05,2026-08-29T17:07:32,2
54643692,2026-08-29T16:57:18,2026-08-29T16:57:18,1
54643693,2026-08-05,2026-08-29T16:40:48,2
54643723,2026-08-05,2026-08-29T17:02:04,2
54643728,2026-08-05,2026-08-29T17:07:32,2
54643737,2026-08-05,2026-08-29T16:33:55,2
54643739,2026-08-05,2026-08-29T17:02:04,2
54643743,2026-08-05,2026-08-29T16:34:59,2
54643757,2026-08-05,2026-08-29T16:28:53,2
54643767,2026-08-05,2026-08-05,1
54643775,2026-08-05,2026-08-05,1
54643783,2026-08-05,2026-08-05,1
54643791,2026-08-05,2026-08-05,1
54643802,2026-08-05,2026-08-05,1
54643804,2026-08-05,2026-08-29T17:02:04,2
54643831,2026-08-29T16:53:09,2026-08-29T16:53:09,1
54643836,2026-08-05,2026-08-29T17:09:14,2
54643837,2026-08-05,2026-08-29T17:06:26,2
54643907,2026-08-29T16:52:52,2026-08-29T16:52:52,1
54643913,2026-08-05,2026-08-29T17:06:46,2
54643920,2026-08-05,2026-08-29T16:45:12,2
54643928,2026-08-05,2026-08-29T17:05:51,2
54643932,2026-08-05,2026-08-29T17:06:43,2
54643964,2026-08-29T16:54:32,2026-08-29T16:54:32,1
54644028,2026-08-05,2026-08-29T17:02:02,2
54644035,2026-08-05,2026-08-29T17:09:14,2
54644048,2026-08-05,2026-08-29T16:30:15,2
54644056,2026-08-05,2026-08-29T17:09:23,2
54644070,2026-08-05,2026-08-29T17:01:59,2
54644092,2026-08-29T17:02:43,2026-08-29T17:02:43,1
54644116,2026-08-05,2026-08-29T16:46:10,2
54644130,2026-08-05,2026-08-29T16:37:32,2
54644144,2026-08-05,2026-08-29T17:01:59,2
54644149,2026-08-05,2026-08-29T16:58:43,2
54644165,2026-08-05,2026-08-05,1
54644176,2026-08-05,2026-08-29T17:01:59,2
54644177,2026-08-05,2026-08-05,1
54644180,2026-08-05,2026-08-05,1
54644186,2026-08-05,2026-08-29T16:46:10,2
54644188,2026-08-05,2026-08-29T17:07:56,2
54644191,2026-08-05,2026-08-05,1
54644196,2026-08-05,2026-08-29T17:01:59,2
54644201,2026-08-05,2026-08-29T16:38:55,2
54644202,2026-08-05,2026-08-05,1
54644251,2026-08-05,2026-08-29T17:01:59,2
54644338,2026-08-05,2026-08-29T17:08:56,2
54644341,2026-08-05,2026-08-29T17:01:59,2
54644345,2026-08-05,2026-08-29T16:32:32,2
54644352,2026-08-05,2026-08-05,1
54644395,2026-08-05,2026-08-29T16:38:55,2
54644407,2026-08-05,2026-08-29T17:01:56,2
54644434,2026-08-05,2026-08-29T17:07:22,2
54644447,2026-08-05,2026-08-29T17:06:00,2
54644468,2026-08-05,2026-08-29T17:00:26,2
54644485,2026-08-05,2026-08-29T17:01:53,2
54644490,2026-08-05,2026-08-29T17:08:56,2
54644497,2026-08-05,2026-08-29T17:05:16,2
54644509,2026-08-05,2026-08-29T17:01:53,2
54644511,2026-08-29T16:53:09,2026-08-29T16:53:09,1
54644516,2026-08-05,2026-08-29T17:06:09,2
54644518,2026-08-05,2026-08-29T17:01:53,2
54644520,2026-08-05,2026-08-29T16:37:51,2
54644521,2026-08-05,2026-08-29T16:36:54,2
54644552,2026-08-05,2026-08-29T16:30:12,2
54644571,2026-08-05,2026-08-29T17:01:53,2
54644579,2026-08-05,2026-08-29T16:33:02,2
54644587,2026-08-05,2026-08-29T16:32:44,2
54644594,2026-08-29T17:02:49,2026-08-29T17:02:49,1
54644614,2026-08-05,2026-08-29T16:55:31,2
54644615,2026-08-05,2026-08-05,1
54644623,2026-08-05,2026-08-05,1
54644627,2026-08-05,2026-08-05,1
54644632,2026-08-05,2026-08-29T16:51:52,2
54644640,2026-08-05,2026-08-29T16:55:31,2
54644648,2026-08-05,2026-08-29T16:46:07,2
54644658,2026-08-05,2026-08-29T16:46:07,2
54644659,2026-08-29T17:02:49,2026-08-29T17:02:49,1
54644694,2026-08-29T16:34:56,2026-08-29T16:34:56,1
54644769,2026-08-05,2026-08-29T16:39:18,2
54644775,2026-08-05,2026-08-29T16:28:53,2
54644782,2026-08-05,2026-08-29T17:01:38,2
54644790,2026-08-05,2026-08-29T16:36:47,2
54644794,2026-08-05,2026-08-29T16:36:14,2
54644818,2026-08-05,2026-08-29T17:09:09,2
54644829,2026-08-05,2026-08-29T16:39:18,2
54644839,2026-08-05,2026-08-29T16:40:20,2
54644841,2026-08-05,2026-08-29T17:09:09,2
54644850,2026-08-05,2026-08-05,1
54644853,2026-08-29T16:57:06,2026-08-29T16:57:06,1
54644854,2026-08-05,2026-08-29T17:05:33,2
54644856,2026-08-05,2026-08-05,1
54644859,2026-08-05,2026-08-29T16:37:36,2
54644860,2026-08-05,2026-08-05,1
54644866,2026-08-05,2026-08-29T16:51:49,2
54644873,2026-08-05,2026-08-29T16:29:24,2
54644876,2026-08-29T16:53:15,2026-08-29T16:53:15,1
54644877,2026-08-05,2026-08-29T16:51:46,2
54644886,2026-08-05,2026-08-29T16:51:42,2
54644889,2026-08-05,2026-08-29T17:01:50,2
54644891,2026-08-05,2026-08-29T17:06:55,2
54644893,2026-08-05,2026-08-05,1
54644894,2026-08-05,2026-08-29T17:01:50,2
54644896,2026-08-05,2026-08-29T16:40:10,2
54644901,2026-08-05,2026-08-29T16:59:14,2
54644906,2026-08-05,2026-08-29T16:33:46,2
54644932,2026-08-05,2026-08-29T16:51:42,2
54644947,2026-08-05,2026-08-29T16:39:03,2
54644962,2026-08-05,2026-08-29T16:40:23,2
54644969,2026-08-05,2026-08-29T16:39:03,2
54644975,2026-08-05,2026-08-29T16:34:36,2
54644980,2026-08-05,2026-08-29T16:34:22,2
54644981,2026-08-05,2026-08-29T16:44:53,2
54644987,2026-08-05,2026-08-05,1
54645004,2026-08-05,2026-08-29T17:00:50,2
54645026,2026-08-05,2026-08-29T16:46:07,2
54645036,2026-08-05,2026-08-29T17:06:32,2
54645047,2026-08-05,2026-08-29T16:46:07,2
54645051,2026-08-05,2026-08-29T16:46:07,2
54645061,2026-08-05,2026-08-29T16:40:10,2
54645064,2026-08-05,2026-08-05,1
54645068,2026-08-05,2026-08-05,1
54645069,2026-08-05,2026-08-29T16:38:59,2
54645090,2026-08-05,2026-08-29T17:06:36,2
54645108,2026-08-05,2026-08-29T16:39:30,2
54645114,2026-08-05,2026-08-05,1
54645124,2026-08-05,2026-08-29T17:01:47,2
54645127,2026-08-05,2026-08-29T17:01:47,2
54645129,2026-08-29T16:57:18,2026-08-29T16:57:18,1
54645137,2026-08-05,2026-08-29T17:01:47,2
54645139,2026-08-05,2026-08-29T17:01:47,2
54645144,2026-08-05,2026-08-29T17:01:47,2
54645166,2026-08-29T17:02:55,2026-08-29T17:02:55,1
54645167,2026-08-05,2026-08-29T16:39:03,2
54645173,2026-08-05,2026-08-29T16:34:59,2
54645176,2026-08-05,2026-08-29T17:01:47,2
54645179,2026-08-05,2026-08-29T17:01:47,2
54645187,2026-08-05,2026-08-29T17:01:47,2
54645191,2026-08-05,2026-08-29T17:01:47,2
54645193,2026-08-05,2026-08-29T17:01:47,2
54645196,2026-08-05,2026-08-29T16:54:51,2
54645199,2026-08-29T16:44:29,2026-08-29T16:44:29,1
54645200,2026-08-05,2026-08-29T17:01:44,2
54645204,2026-08-05,2026-08-29T16:54:51,2
54645205,2026-08-29T16:57:25,2026-08-29T16:57:25,1
54645206,2026-08-05,2026-08-29T17:06:36,2
54645218,2026-08-05,2026-08-29T17:09:09,2
54645228,2026-08-05,2026-08-29T16:31:27,2
54645242,2026-08-05,2026-08-29T16:46:04,2
54645259,2026-08-29T16:56:55,2026-08-29T16:56:55,1
54645260,2026-08-29T17:02:43,2026-08-29T17:02:43,1
54645295,2026-08-05,2026-08-05,1
54645302,2026-08-05,2026-08-05,1
54645305,2026-08-05,2026-08-29T17:01:44,2
54645309,2026-08-05,2026-08-05,1
54645316,2026-08-05,2026-08-05,1
54645322,2026-08-05,2026-08-05,1
54645336,2026-08-05,2026-08-05,1
54645407,2026-08-29T17:02:52,2026-08-29T17:02:52,1
54645425,2026-08-29T16:53:31,2026-08-29T16:53:31,1
54645460,2026-08-29T16:39:03,2026-08-29T16:39:03,1
54645509,2026-08-05,2026-08-29T17:09:09,2
54645512,2026-08-05,2026-08-29T17:09:23,2
54645526,2026-08-05,2026-08-29T16:46:45,2
54645532,2026-08-05,2026-08-29T17:06:03,2
54645559,2026-08-05,2026-08-29T16:50:38,2
54645562,2026-08-05,2026-08-29T16:40:10,2
54645565,2026-08-05,2026-08-29T17:08:28,2
54645566,2026-08-05,2026-08-05,1
54645570,2026-08-05,2026-08-29T16:50:41,2
54645573,2026-08-05,2026-08-05,1
54645585,2026-08-29T17:02:43,2026-08-29T17:02:43,1
54645604,2026-08-05,2026-08-29T16:42:49,2
54645646,2026-08-05,2026-08-29T16:41:18,2
54645668,2026-08-05,2026-08-29T17:07:35,2
54645672,2026-08-29T17:01:38,2026-08-29T17:01:38,1
54645700,2026-08-05,2026-08-05,1
54645706,2026-08-05,2026-08-29T16:39:55,2
54645791,2026-08-05,2026-08-29T17:01:35,2
54645825,2026-08-05,2026-08-29T17:05:36,2
54645853,2026-08-05,2026-08-29T17:01:35,2
54645857,2026-08-29T17:02:46,2026-08-29T17:02:46,1
54645860,2026-08-05,2026-08-29T16:34:56,2
54645879,2026-08-29T17:03:04,2026-08-29T17:03:04,1
54645880,2026-08-05,2026-08-29T17:01:35,2
54645882,2026-08-05,2026-08-29T17:02:49,2
54645891,2026-08-29T17:02:46,2026-08-29T17:02:46,1
54645892,2026-08-29T16:53:02,2026-08-29T16:53:02,1
54645895,2026-08-29T17:02:52,2026-08-29T17:02:52,1
54645898,2026-08-05,2026-08-29T17:01:35,2
54645958,2026-08-29T17:02:55,2026-08-29T17:02:55,1
54645980,2026-08-05,2026-08-29T16:30:52,2
54645987,2026-08-05,2026-08-29T16:51:52,2
54645989,2026-08-05,2026-08-05,1
54645994,2026-08-05,2026-08-05,1
54645997,2026-08-05,2026-08-05,1
54645998,2026-08-29T16:54:19,2026-08-29T16:54:19,1
54646007,2026-08-05,2026-08-29T16:40:10,2
54646010,2026-08-29T16:45:12,2026-08-29T16:45:12,1
54646011,2026-08-05,2026-08-29T16:39:51,2
54646024,2026-08-05,2026-08-29T16:50:38,2
54646026,2026-08-05,2026-08-05,1
54646029,2026-08-05,2026-08-05,1
54646034,2026-08-05,2026-08-29T16:50:38,2
54646036,2026-08-05,2026-08-29T16:51:35,2
54646042,2026-08-05,2026-08-29T16:51:35,2
54646060,2026-08-05,2026-08-29T17:01:29,2
54646071,2026-08-29T17:06:06,2026-08-29T17:06:06,1
54646107,2026-08-05,2026-08-29T16:29:28,2
54646113,2026-08-05,2026-08-29T16:33:12,2
54646145,2026-08-05,2026-08-29T16:41:09,2
54646150,2026-08-05,2026-08-29T16:31:51,2
54646151,2026-08-29T16:53:15,2026-08-29T16:53:15,1
54646191,2026-08-05,2026-08-05,1
54646194,2026-08-05,2026-08-29T17:01:17,2
54646200,2026-08-05,2026-08-05,1
54646291,2026-08-05,2026-08-05,1
54646308,2026-08-05,2026-08-05,1
54646312,2026-08-05,2026-08-29T16:33:36,2
54646313,2026-08-05,2026-08-29T17:09:06,2
54646316,2026-08-05,2026-08-05,1
54646334,2026-08-05,2026-08-05,1
54646350,2026-08-05,2026-08-29T16:57:55,2
54646370,2026-08-05,2026-08-29T17:01:17,2
54646376,2026-08-05,2026-08-29T17:01:17,2
54646388,2026-08-05,2026-08-29T17:01:14,2
54646392,2026-08-05,2026-08-29T16:33:55,2
54646398,2026-08-05,2026-08-29T17:01:14,2
54646411,2026-08-05,2026-08-29T17:01:14,2
54646415,2026-08-05,2026-08-29T17:01:14,2
54646419,2026-08-29T16:54:02,2026-08-29T16:54:02,1
54646423,2026-08-05,2026-08-29T17:01:14,2
54646431,2026-08-05,2026-08-29T17:01:14,2
54646437,2026-08-05,2026-08-29T17:01:11,2
54646463,2026-08-05,2026-08-29T17:01:11,2
54646477,2026-08-29T16:52:25,2026-08-29T16:52:25,1
54646482,2026-08-05,2026-08-29T17:01:11,2
54646485,2026-08-05,2026-08-29T17:01:11,2
54646493,2026-08-05,2026-08-29T16:51:49,2
54646495,2026-08-05,2026-08-29T17:01:11,2
54646501,2026-08-05,2026-08-29T17:01:11,2
54646502,2026-08-05,2026-08-29T17:01:11,2
54646506,2026-08-05,2026-08-29T17:01:11,2
54646509,2026-08-05,2026-08-29T17:01:11,2
54646520,2026-08-05,2026-08-29T17:01:08,2
54646526,2026-08-29T16:54:35,2026-08-29T16:54:35,1
54646532,2026-08-05,2026-08-29T16:32:12,2
54646533,2026-08-05,2026-08-29T16:45:49,2
54646534,2026-08-05,2026-08-29T16:39:55,2
54646536,2026-08-05,2026-08-29T17:01:08,2
54646541,2026-08-29T17:03:12,2026-08-29T17:03:12,1
54646557,2026-08-05,2026-08-29T17:06:00,2
54646574,2026-08-05,2026-08-05,1
54646579,2026-08-29T17:02:40,2026-08-29T17:02:40,1
54646582,2026-08-05,2026-08-29T16:45:46,2
54646585,2026-08-05,2026-08-29T17:01:08,2
54646594,2026-08-05,2026-08-29T17:01:08,2
54646632,2026-08-05,2026-08-29T17:06:00,2
54646644,2026-08-29T16:54:35,2026-08-29T16:54:35,1
54646645,2026-08-29T16:54:11,2026-08-29T16:54:11,1
54646651,2026-08-05,2026-08-29T16:33:55,2
54646655,2026-08-05,2026-08-05,1
54646657,2026-08-05,2026-08-29T16:51:32,2
54646659,2026-08-05,2026-08-05,1
54646662,2026-08-05,2026-08-29T16:51:32,2
54646663,2026-08-05,2026-08-29T16:40:10,2
54646677,2026-08-05,2026-08-29T16:51:32,2
54646678,2026-08-05,2026-08-29T17:01:05,2
54646685,2026-08-05,2026-08-29T17:01:02,2
54646689,2026-08-05,2026-08-29T17:01:02,2
54646695,2026-08-29T16:38:02,2026-08-29T16:38:02,1
54646702,2026-08-05,2026-08-29T16:45:46,2
54646717,2026-08-05,2026-08-29T16:31:24,2
54646731,2026-08-29T17:03:01,2026-08-29T17:03:01,1
54646739,2026-08-05,2026-08-29T16:31:00,2
54646742,2026-08-05,2026-08-29T16:30:45,2
54646751,2026-08-05,2026-08-29T16:45:46,2
54646765,2026-08-05,2026-08-29T16:56:46,2
54646769,2026-08-05,2026-08-29T17:01:02,2
54646770,2026-08-05,2026-08-29T16:50:54,2
54646773,2026-08-05,2026-08-29T16:50:54,2
54646774,2026-08-05,2026-08-29T16:50:54,2
54646777,2026-08-05,2026-08-29T16:31:24,2
54646798,2026-08-05,2026-08-05,1
54646799,2026-08-29T16:57:21,2026-08-29T16:57:21,1
54646803,2026-08-29T17:02:40,2026-08-29T17:02:40,1
54646810,2026-08-05,2026-08-29T16:50:54,2
54646817,2026-08-29T16:39:06,2026-08-29T16:39:06,1
54646821,2026-08-05,2026-08-05,1
54646828,2026-08-05,2026-08-29T17:01:02,2
54646831,2026-08-05,2026-08-05,1
54646834,2026-08-29T17:02:40,2026-08-29T17:02:40,1
54646849,2026-08-05,2026-08-29T16:33:36,2
54646854,2026-08-05,2026-08-29T17:00:59,2
54646858,2026-08-05,2026-08-29T17:00:59,2
54646865,2026-08-29T16:59:58,2026-08-29T16:59:58,1
54646873,2026-08-05,2026-08-29T16:41:06,2
54646877,2026-08-05,2026-08-29T17:08:09,2
54646890,2026-08-05,2026-08-29T16:45:46,2
54646897,2026-08-05,2026-08-05,1
54646898,2026-08-05,2026-08-05,1
54646901,2026-08-05,2026-08-05,1
54646903,2026-08-29T17:00:59,2026-08-29T17:00:59,1
54646904,2026-08-05,2026-08-29T17:05:36,2
54646907,2026-08-05,2026-08-05,1
54646919,2026-08-05,2026-08-05,1
54646922,2026-08-05,2026-08-29T16:46:25,2
54646927,2026-08-29T16:53:28,2026-08-29T16:53:28,1
54646928,2026-08-05,2026-08-29T16:31:47,2
54646929,2026-08-05,2026-08-29T16:46:41,2
54646930,2026-08-05,2026-08-29T16:45:46,2
54646942,2026-08-05,2026-08-05,1
54646966,2026-08-05,2026-08-29T16:33:36,2
54646967,2026-08-29T16:45:33,2026-08-29T16:45:33,1
54647025,2026-08-05,2026-08-29T17:06:55,2
54647035,2026-08-05,2026-08-29T16:31:47,2
54647054,2026-08-05,2026-08-29T17:05:13,2
54647060,2026-08-29T16:57:28,2026-08-29T16:57:28,1
54647079,2026-08-05,2026-08-05,1
54647082,2026-08-05,2026-08-29T16:46:34,2
54647107,2026-08-05,2026-08-29T17:00:56,2
54647115,2026-08-05,2026-08-29T17:08:56,2
54647116,2026-08-05,2026-08-29T16:55:06,2
54647119,2026-08-05,2026-08-29T17:00:56,2
54647128,2026-08-05,2026-08-29T16:51:39,2
54647130,2026-08-29T17:02:55,2026-08-29T17:02:55,1
54647133,2026-08-05,2026-08-29T17:00:56,2
54647134,2026-08-05,2026-08-29T16:31:30,2
54647136,2026-08-29T16:52:29,2026-08-29T16:52:29,1
54647139,2026-08-05,2026-08-29T16:55:06,2
54647141,2026-08-05,2026-08-29T16:55:02,2
54647142,2026-08-05,2026-08-29T16:29:52,2
54647162,2026-08-05,2026-08-29T17:08:56,2
54647163,2026-08-05,2026-08-29T16:31:30,2
54647164,2026-08-05,2026-08-29T16:38:55,2
54647170,2026-08-05,2026-08-29T17:09:02,2
54647177,2026-08-05,2026-08-29T16:33:30,2
54647178,2026-08-05,2026-08-29T16:37:58,2
54647189,2026-08-05,2026-08-29T17:06:29,2
54647201,2026-08-05,2026-08-29T16:32:16,2
54647205,2026-08-05,2026-08-29T16:51:03,2
54647206,2026-08-05,2026-08-29T16:51:58,2
54647207,2026-08-05,2026-08-29T16:37:58,2
54647208,2026-08-05,2026-08-05,1
54647210,2026-08-05,2026-08-29T16:52:10,2
54647212,2026-08-05,2026-08-05,1
54647213,2026-08-05,2026-08-29T16:52:10,2
54647215,2026-08-05,2026-08-29T16:29:48,2
54647220,2026-08-05,2026-08-29T17:08:31,2
54647234,2026-08-05,2026-08-29T17:06:09,2
54647239,2026-08-05,2026-08-29T16:37:58,2
54647249,2026-08-29T17:02:40,2026-08-29T17:02:40,1
54647298,2026-08-29T17:08:47,2026-08-29T17:08:47,1
54647299,2026-08-29T17:08:47,2026-08-29T17:08:47,1
54647300,2026-08-05,2026-08-29T16:31:44,2
54647302,2026-08-29T17:08:47,2026-08-29T17:08:47,1
54647303,2026-08-29T17:08:47,2026-08-29T17:08:47,1
54647307,2026-08-29T17:08:47,2026-08-29T17:08:47,1
54647310,2026-08-29T17:08:47,2026-08-29T17:08:47,1
54647311,2026-08-29T17:08:47,2026-08-29T17:08:47,1
54647313,2026-08-29T17:08:47,2026-08-29T17:08:47,1
54647315,2026-08-29T17:08:47,2026-08-29T17:08:47,1
54647318,2026-08-29T17:08:47,2026-08-29T17:08:47,1
54647321,2026-08-29T17:08:47,2026-08-29T17:08:47,1
54647335,2026-08-29T16:58:55,2026-08-29T16:58:55,1
54647337,2026-08-29T16:58:55,2026-08-29T16:58:55,1
54647347,2026-08-29T16:58:55,2026-08-29T16:58:55,1
54647353,2026-08-29T16:52:25,2026-08-29T16:52:25,1
54647369,2026-08-29T16:58:55,2026-08-29T16:58:55,1
54647372,2026-08-29T16:58:55,2026-08-29T16:58:55,1
54647373,2026-08-05,2026-08-29T16:52:05,2
54647374,2026-08-05,2026-08-29T16:52:05,2
54647375,2026-08-05,2026-08-05,1
54647376,2026-08-05,2026-08-05,1
54647377,2026-08-29T16:58:55,2026-08-29T16:58:55,1
54647383,2026-08-29T16:58:55,2026-08-29T16:58:55,1
54647388,2026-08-29T16:58:55,2026-08-29T16:58:55,1
54647389,2026-08-29T16:58:55,2026-08-29T16:58:55,1
54647392,2026-08-29T16:58:55,2026-08-29T16:58:55,1
54647398,2026-08-29T16:58:55,2026-08-29T16:58:55,1
54647401,2026-08-05,2026-08-05,1
54647402,2026-08-29T16:58:55,2026-08-29T16:58:55,1
54647405,2026-08-29T16:58:55,2026-08-29T16:58:55,1
54647406,2026-08-29T16:58:55,2026-08-29T16:58:55,1
54647410,2026-08-29T16:58:55,2026-08-29T16:58:55,1
54647412,2026-08-29T16:58:55,2026-08-29T16:58:55,1
54647414,2026-08-29T16:58:52,2026-08-29T16:58:52,1
54647416,2026-08-29T16:58:52,2026-08-29T16:58:52,1
54647419,2026-08-29T16:58:55,2026-08-29T16:58:55,1
54647422,2026-08-29T16:58:52,2026-08-29T16:58:52,1
54647424,2026-08-29T16:58:52,2026-08-29T16:58:52,1
54647425,2026-08-29T17:08:47,2026-08-29T17:08:47,1
54647427,2026-08-05,2026-08-29T16:50:24,2
54647428,2026-08-29T17:08:47,2026-08-29T17:08:47,1
54647432,2026-08-29T17:08:47,2026-08-29T17:08:47,1
54647435,2026-08-29T17:08:47,2026-08-29T17:08:47,1
54647437,2026-08-29T17:08:47,2026-08-29T17:08:47,1
54647439,2026-08-29T17:08:47,2026-08-29T17:08:47,1
54647442,2026-08-29T17:08:47,2026-08-29T17:08:47,1
54647444,2026-08-29T17:03:01,2026-08-29T17:03:01,1
54647449,2026-08-29T17:08:47,2026-08-29T17:08:47,1
54647453,2026-08-29T17:08:47,2026-08-29T17:08:47,1
54647459,2026-08-29T17:08:44,2026-08-29T17:08:44,1
54647462,2026-08-29T16:58:52,2026-08-29T16:58:52,1
54647469,2026-08-29T16:58:52,2026-08-29T16:58:52,1
54647475,2026-08-29T16:58:52,2026-08-29T16:58:52,1
54647477,2026-08-29T16:58:52,2026-08-29T16:58:52,1
54647480,2026-08-29T16:58:52,2026-08-29T16:58:52,1
54647485,2026-08-29T16:58:52,2026-08-29T16:58:52,1
54647486,2026-08-29T16:58:52,2026-08-29T16:58:52,1
54647491,2026-08-29T16:58:52,2026-08-29T16:58:52,1
54647523,2026-08-29T16:58:52,2026-08-29T16:58:52,1
54647527,2026-08-29T16:58:52,2026-08-29T16:58:52,1
54647529,2026-08-29T16:58:52,2026-08-29T16:58:52,1
54647568,2026-08-29T17:02:40,2026-08-29T17:02:40,1
54647571,2026-08-05,2026-08-29T16:44:50,2
54647577,2026-08-05,2026-08-29T16:32:00,2
54647641,2026-08-29T17:02:55,2026-08-29T17:02:55,1
54647721,2026-08-05,2026-08-29T17:00:50,2
54647735,2026-08-05,2026-08-29T17:00:50,2
54647743,2026-08-05,2026-08-29T16:54:48,2
54647747,2026-08-05,2026-08-29T17:06:00,2
54647751,2026-08-05,2026-08-05,1
54647768,2026-08-05,2026-08-05,1
54647769,2026-08-05,2026-08-29T16:41:35,2
54647781,2026-08-05,2026-08-29T16:52:16,2
54647783,2026-08-05,2026-08-29T16:39:18,2
54647790,2026-08-05,2026-08-29T17:00:50,2
54647797,2026-08-05,2026-08-29T16:37:24,2
54647826,2026-08-05,2026-08-29T16:46:25,2
54647835,2026-08-29T17:02:58,2026-08-29T17:02:58,1
54647854,2026-08-05,2026-08-29T16:40:54,2
54647859,2026-08-05,2026-08-29T16:31:34,2
54647870,2026-08-29T17:03:12,2026-08-29T17:03:12,1
54647873,2026-08-05,2026-08-29T16:39:18,2
54647878,2026-08-29T17:03:12,2026-08-29T17:03:12,1
54647880,2026-08-29T16:45:30,2026-08-29T16:45:30,1
54647881,2026-08-05,2026-08-29T16:31:13,2
54647882,2026-08-05,2026-08-29T16:28:49,2
54647887,2026-08-05,2026-08-29T16:39:18,2
54647917,2026-08-05,2026-08-29T17:00:47,2
54647921,2026-08-05,2026-08-29T17:08:28,2
54647922,2026-08-05,2026-08-29T16:45:05,2
54647924,2026-08-05,2026-08-29T16:31:41,2
54647938,2026-08-05,2026-08-29T16:42:42,2
54647940,2026-08-29T17:03:12,2026-08-29T17:03:12,1
54647963,2026-08-05,2026-08-29T16:45:02,2
54647974,2026-08-29T17:03:12,2026-08-29T17:03:12,1
54647985,2026-08-05,2026-08-05,1
54647995,2026-08-05,2026-08-29T16:37:17,2
54648013,2026-08-05,2026-08-29T16:29:00,2
54648016,2026-08-05,2026-08-29T17:00:47,2
54648032,2026-08-05,2026-08-29T16:39:51,2
54648033,2026-08-05,2026-08-29T16:52:16,2
54648034,2026-08-05,2026-08-29T16:32:12,2
54648078,2026-08-29T16:34:41,2026-08-29T16:34:41,1
54648117,2026-08-29T17:03:06,2026-08-29T17:03:06,1
54648128,2026-08-05,2026-08-29T17:06:00,2
54648138,2026-08-05,2026-08-29T16:33:27,2
54648150,2026-08-05,2026-08-29T17:06:46,2
54648181,2026-08-29T16:36:33,2026-08-29T16:36:33,1
54648182,2026-08-05,2026-08-29T17:07:42,2
54648192,2026-08-05,2026-08-29T17:00:41,2
54648249,2026-08-29T17:03:06,2026-08-29T17:03:06,1
54648255,2026-08-05,2026-08-29T17:00:41,2
54648267,2026-08-05,2026-08-29T16:46:29,2
54648270,2026-08-05,2026-08-29T16:37:28,2
54648274,2026-08-05,2026-08-29T16:48:24,2
54648275,2026-08-05,2026-08-29T16:51:03,2
54648283,2026-08-05,2026-08-29T16:39:10,2
54648287,2026-08-29T16:52:36,2026-08-29T16:52:36,1
54648288,2026-08-05,2026-08-29T16:50:24,2
54648292,2026-08-05,2026-08-29T16:29:04,2
54648303,2026-08-05,2026-08-29T17:05:25,2
54648343,2026-08-05,2026-08-29T16:46:25,2
54648355,2026-08-29T17:02:40,2026-08-29T17:02:40,1
54648363,2026-08-05,2026-08-05,1
54648368,2026-08-29T17:02:40,2026-08-29T17:02:40,1
54648388,2026-08-05,2026-08-29T17:00:41,2
54648398,2026-08-29T16:53:28,2026-08-29T16:53:28,1
54648406,2026-08-29T17:02:40,2026-08-29T17:02:40,1
54648439,2026-08-29T16:47:10,2026-08-29T16:47:10,1
54648441,2026-08-29T16:52:36,2026-08-29T16:52:36,1
54648452,2026-08-05,2026-08-29T17:00:38,2
54648454,2026-08-29T16:52:36,2026-08-29T16:52:36,1
54648475,2026-08-29T16:38:02,2026-08-29T16:38:02,1
54648488,2026-08-29T17:03:06,2026-08-29T17:03:06,1
54648492,2026-08-29T17:02:40,2026-08-29T17:02:40,1
54648494,2026-08-29T16:52:36,2026-08-29T16:52:36,1
54648529,2026-08-05,2026-08-29T17:05:22,2
54648530,2026-08-29T17:03:06,2026-08-29T17:03:06,1
54648545,2026-08-05,2026-08-29T17:00:38,2
54648556,2026-08-05,2026-08-29T17:00:38,2
54648559,2026-08-05,2026-08-29T17:00:38,2
54648560,2026-08-29T17:02:52,2026-08-29T17:02:52,1
54648561,2026-08-29T16:53:09,2026-08-29T16:53:09,1
54648563,2026-08-05,2026-08-29T17:06:06,2
54648572,2026-08-29T16:57:25,2026-08-29T16:57:25,1
54648580,2026-08-29T16:31:54,2026-08-29T16:31:54,1
54648594,2026-08-29T16:52:39,2026-08-29T16:52:39,1
54648615,2026-08-29T16:53:09,2026-08-29T16:53:09,1
54648639,2026-08-05,2026-08-29T16:43:26,2
54648642,2026-08-29T16:52:55,2026-08-29T16:52:55,1
54648645,2026-08-05,2026-08-29T16:45:42,2
54648656,2026-08-29T16:52:39,2026-08-29T16:52:39,1
54648660,2026-08-05,2026-08-29T17:00:38,2
54648669,2026-08-05,2026-08-29T16:44:53,2
54648675,2026-08-05,2026-08-29T17:00:38,2
54648681,2026-08-29T16:52:39,2026-08-29T16:52:39,1
54648687,2026-08-05,2026-08-29T17:00:38,2
54648695,2026-08-05,2026-08-29T17:00:38,2
54648706,2026-08-05,2026-08-29T17:00:38,2
54648722,2026-08-05,2026-08-29T16:38:20,2
54648734,2026-08-05,2026-08-29T17:09:30,2
54648735,2026-08-05,2026-08-29T17:00:35,2
54648736,2026-08-05,2026-08-29T16:39:51,2
54648741,2026-08-05,2026-08-29T17:00:35,2
54648742,2026-08-05,2026-08-29T17:09:02,2
54648744,2026-08-05,2026-08-29T16:38:51,2
54648745,2026-08-05,2026-08-29T16:40:07,2
54648751,2026-08-05,2026-08-05,1
54648756,2026-08-05,2026-08-29T16:51:03,2
54648760,2026-08-05,2026-08-29T17:00:35,2
54648761,2026-08-05,2026-08-29T16:40:54,2
54648766,2026-08-05,2026-08-29T16:39:03,2
54648778,2026-08-05,2026-08-29T16:35:31,2
54648779,2026-08-05,2026-08-29T16:35:31,2
54648817,2026-08-05,2026-08-29T17:05:22,2
54648828,2026-08-05,2026-08-29T16:29:07,2
54648839,2026-08-05,2026-08-05,1
54648852,2026-08-05,2026-08-29T16:32:41,2
54648854,2026-08-29T16:39:34,2026-08-29T16:39:34,1
54648862,2026-08-29T16:41:06,2026-08-29T16:41:06,1
54648888,2026-08-29T16:52:39,2026-08-29T16:52:39,1
54648909,2026-08-29T16:52:39,2026-08-29T16:52:39,1
54648921,2026-08-05,2026-08-29T16:38:14,2
54648933,2026-08-29T16:52:39,2026-08-29T16:52:39,1
54648935,2026-08-05,2026-08-05,1
54648946,2026-08-29T16:52:39,2026-08-29T16:52:39,1
54648947,2026-08-05,2026-08-29T16:51:58,2
54648950,2026-08-29T17:03:09,2026-08-29T17:03:09,1
54648952,2026-08-05,2026-08-29T16:30:37,2
54648954,2026-08-05,2026-08-29T16:58:37,2
54648960,2026-08-29T17:03:09,2026-08-29T17:03:09,1
54648967,2026-08-05,2026-08-05,1
54648970,2026-08-29T17:03:09,2026-08-29T17:03:09,1
54648972,2026-08-05,2026-08-29T16:28:45,2
54648974,2026-08-05,2026-08-29T16:58:04,2
54648984,2026-08-05,2026-08-29T16:31:34,2
54648993,2026-08-05,2026-08-29T16:40:07,2
54648996,2026-08-05,2026-08-29T16:30:55,2
54648997,2026-08-05,2026-08-29T16:44:50,2
54649000,2026-08-29T16:53:05,2026-08-29T16:53:05,1
54649008,2026-08-05,2026-08-29T16:32:12,2
54649012,2026-08-05,2026-08-29T16:35:59,2
54649040,2026-08-05,2026-08-29T17:07:04,2
54649043,2026-08-05,2026-08-29T16:44:32,2
54649052,2026-08-05,2026-08-29T17:07:04,2
54649053,2026-08-05,2026-08-29T16:46:25,2
54649058,2026-08-05,2026-08-29T17:07:32,2
54649062,2026-08-05,2026-08-29T16:45:39,2
54649070,2026-08-05,2026-08-29T16:29:55,2
54649073,2026-08-05,2026-08-29T16:45:39,2
54649078,2026-08-05,2026-08-29T17:00:32,2
54649082,2026-08-05,2026-08-29T17:00:32,2
54649088,2026-08-29T17:03:06,2026-08-29T17:03:06,1
54649091,2026-08-05,2026-08-29T16:45:39,2
54649096,2026-08-05,2026-08-29T16:46:38,2
54649114,2026-08-29T17:03:06,2026-08-29T17:03:06,1
54649117,2026-08-29T17:03:09,2026-08-29T17:03:09,1
54649132,2026-08-29T16:45:28,2026-08-29T16:45:28,1
54649135,2026-08-29T17:02:40,2026-08-29T17:02:40,1
54649146,2026-08-29T17:00:32,2026-08-29T17:00:32,1
54649152,2026-08-29T16:49:39,2026-08-29T16:49:39,1
54649157,2026-08-29T17:02:40,2026-08-29T17:02:40,1
54649166,2026-08-05,2026-08-29T16:35:59,2
54649167,2026-08-05,2026-08-05,1
54649169,2026-08-05,2026-08-29T16:52:02,2
54649182,2026-08-29T17:02:40,2026-08-29T17:02:40,1
54649185,2026-08-05,2026-08-29T17:08:59,2
54649199,2026-08-05,2026-08-29T17:09:23,2
54649242,2026-08-05,2026-08-05,1
54649263,2026-08-05,2026-08-29T16:38:14,2
54649265,2026-08-29T16:48:24,2026-08-29T16:48:24,1
54649272,2026-08-29T17:00:29,2026-08-29T17:00:29,1
54649274,2026-08-05,2026-08-29T16:33:55,2
54649275,2026-08-05,2026-08-29T16:38:20,2
54649294,2026-08-29T17:02:40,2026-08-29T17:02:40,1
54649297,2026-08-29T16:52:45,2026-08-29T16:52:45,1
54649300,2026-08-05,2026-08-29T16:44:44,2
54649302,2026-08-29T16:36:54,2026-08-29T16:36:54,1
54649308,2026-08-05,2026-08-29T16:44:26,2
54649315,2026-08-05,2026-08-29T17:00:29,2
54649328,2026-08-05,2026-08-29T16:29:07,2
54649336,2026-08-05,2026-08-29T16:39:30,2
54649343,2026-08-29T16:44:29,2026-08-29T16:44:29,1
54649361,2026-08-29T16:32:53,2026-08-29T16:32:53,1
54649364,2026-08-05,2026-08-29T16:32:12,2
54649388,2026-08-29T17:03:19,2026-08-29T17:03:19,1
54649401,2026-08-29T17:03:09,2026-08-29T17:03:09,1
54649403,2026-08-29T17:03:09,2026-08-29T17:03:09,1
54649404,2026-08-29T17:03:09,2026-08-29T17:03:09,1
54649405,2026-08-29T17:03:09,2026-08-29T17:03:09,1
54649406,2026-08-29T17:03:09,2026-08-29T17:03:09,1
54649407,2026-08-29T17:03:09,2026-08-29T17:03:09,1
54649408,2026-08-29T17:03:09,2026-08-29T17:03:09,1
54649409,2026-08-29T17:03:09,2026-08-29T17:03:09,1
54649440,2026-08-29T16:45:09,2026-08-29T16:45:09,1
54649450,2026-08-05,2026-08-29T16:32:28,2
54649472,2026-08-29T17:03:09,2026-08-29T17:03:09,1
54649475,2026-08-29T17:03:09,2026-08-29T17:03:09,1
54649496,2026-08-29T17:00:29,2026-08-29T17:00:29,1
54649503,2026-08-29T17:02:40,2026-08-29T17:02:40,1
54649505,2026-08-05,2026-08-29T17:08:59,2
54649510,2026-08-05,2026-08-29T17:00:29,2
54649511,2026-08-05,2026-08-29T17:00:29,2
54649512,2026-08-29T17:00:29,2026-08-29T17:00:29,1
54649513,2026-08-05,2026-08-29T17:00:29,2
54649515,2026-08-05,2026-08-29T17:08:59,2
54649517,2026-08-29T17:00:29,2026-08-29T17:00:29,1
54649519,2026-08-29T17:00:29,2026-08-29T17:00:29,1
54649520,2026-08-29T17:03:06,2026-08-29T17:03:06,1
54649522,2026-08-29T17:02:58,2026-08-29T17:02:58,1
54649523,2026-08-29T17:03:06,2026-08-29T17:03:06,1
54649524,2026-08-29T17:02:58,2026-08-29T17:02:58,1
54649525,2026-08-29T17:02:58,2026-08-29T17:02:58,1
54649526,2026-08-29T17:03:06,2026-08-29T17:03:06,1
54649527,2026-08-29T17:02:58,2026-08-29T17:02:58,1
54649529,2026-08-29T17:03:06,2026-08-29T17:03:06,1
54649540,2026-08-05,2026-08-29T17:06:06,2
54649541,2026-08-05,2026-08-29T16:35:55,2
54649556,2026-08-29T17:02:58,2026-08-29T17:02:58,1
54649559,2026-08-29T17:00:26,2026-08-29T17:00:26,1
54649561,2026-08-29T17:03:06,2026-08-29T17:03:06,1
54649563,2026-08-29T17:02:58,2026-08-29T17:02:58,1
54649565,2026-08-29T17:02:58,2026-08-29T17:02:58,1
54649566,2026-08-29T17:02:58,2026-08-29T17:02:58,1
54649573,2026-08-05,2026-08-29T17:00:26,2
54649582,2026-08-05,2026-08-29T17:08:59,2
54649610,2026-08-05,2026-08-29T16:39:03,2
54649620,2026-08-29T17:00:17,2026-08-29T17:00:17,1
54649621,2026-08-29T17:00:17,2026-08-29T17:00:17,1
54649623,2026-08-29T17:00:17,2026-08-29T17:00:17,1
54649624,2026-08-29T17:00:17,2026-08-29T17:00:17,1
54649628,2026-08-05,2026-08-05,1
54649636,2026-08-05,2026-08-29T16:39:51,2
54649644,2026-08-05,2026-08-29T16:40:02,2
54649650,2026-08-05,2026-08-05,1
54649653,2026-08-29T17:00:26,2026-08-29T17:00:26,1
54649661,2026-08-05,2026-08-29T16:35:59,2
54649667,2026-08-05,2026-08-29T16:40:16,2
54649696,2026-08-29T17:06:49,2026-08-29T17:06:49,1
54649704,2026-08-29T16:46:25,2026-08-29T16:46:25,1
54649725,2026-08-29T17:00:26,2026-08-29T17:00:26,1
54649727,2026-08-29T17:00:26,2026-08-29T17:00:26,1
54649728,2026-08-29T17:00:26,2026-08-29T17:00:26,1
54649752,2026-08-29T16:30:26,2026-08-29T16:30:26,1
54649765,2026-08-29T16:45:09,2026-08-29T16:45:09,1
54649767,2026-08-29T16:44:32,2026-08-29T16:44:32,1
54649770,2026-08-29T17:03:09,2026-08-29T17:03:09,1
54649776,2026-08-29T17:02:46,2026-08-29T17:02:46,1
54649779,2026-08-29T16:53:02,2026-08-29T16:53:02,1
54649796,2026-08-29T16:45:33,2026-08-29T16:45:33,1
54649831,2026-08-29T16:39:22,2026-08-29T16:39:22,1
54649964,2026-08-29T16:45:15,2026-08-29T16:45:15,1
54650117,2026-08-29T16:59:35,2026-08-29T16:59:35,1
54650138,2026-08-29T16:45:12,2026-08-29T16:45:12,1
54650167,2026-08-29T16:56:20,2026-08-29T16:56:20,1
54650169,2026-08-29T16:56:17,2026-08-29T16:56:17,1
54650170,2026-08-29T16:56:17,2026-08-29T16:56:17,1
54650171,2026-08-29T16:56:17,2026-08-29T16:56:17,1
54650172,2026-08-29T16:56:17,2026-08-29T16:56:17,1
54650174,2026-08-29T16:56:17,2026-08-29T16:56:17,1
54650175,2026-08-29T16:56:17,2026-08-29T16:56:17,1
54650179,2026-08-29T16:56:17,2026-08-29T16:56:17,1
54650226,2026-08-29T16:56:17,2026-08-29T16:56:17,1
54650229,2026-08-29T16:56:17,2026-08-29T16:56:17,1
54650230,2026-08-29T17:08:20,2026-08-29T17:08:20,1
54650232,2026-08-29T17:08:20,2026-08-29T17:08:20,1
54650234,2026-08-29T17:08:20,2026-08-29T17:08:20,1
54650235,2026-08-29T17:08:20,2026-08-29T17:08:20,1
54650236,2026-08-29T17:08:20,2026-08-29T17:08:20,1
54650237,2026-08-29T17:08:20,2026-08-29T17:08:20,1
54650238,2026-08-29T17:08:20,2026-08-29T17:08:20,1
54650240,2026-08-29T17:08:20,2026-08-29T17:08:20,1
54650241,2026-08-29T17:08:20,2026-08-29T17:08:20,1
54650243,2026-08-29T17:08:20,2026-08-29T17:08:20,1
54650244,2026-08-29T17:08:20,2026-08-29T17:08:20,1
54650245,2026-08-29T17:08:13,2026-08-29T17:08:13,1
54650246,2026-08-29T17:08:13,2026-08-29T17:08:13,1
54650247,2026-08-29T17:08:13,2026-08-29T17:08:13,1
54650248,2026-08-29T17:08:13,2026-08-29T17:08:13,1
54650250,2026-08-29T17:08:13,2026-08-29T17:08:13,1
54650252,2026-08-29T17:08:13,2026-08-29T17:08:13,1
54650253,2026-08-29T17:08:13,2026-08-29T17:08:13,1
54650254,2026-08-29T17:08:13,2026-08-29T17:08:13,1
54650256,2026-08-29T17:08:13,2026-08-29T17:08:13,1
54650257,2026-08-29T17:08:13,2026-08-29T17:08:13,1
54650258,2026-08-29T17:08:13,2026-08-29T17:08:13,1
54650260,2026-08-29T17:08:13,2026-08-29T17:08:13,1
54650261,2026-08-29T17:08:13,2026-08-29T17:08:13,1
54650262,2026-08-29T17:08:13,2026-08-29T17:08:13,1
54650263,2026-08-29T17:08:13,2026-08-29T17:08:13,1
54650264,2026-08-29T17:08:13,2026-08-29T17:08:13,1
54650265,2026-08-29T17:08:13,2026-08-29T17:08:13,1
54650266,2026-08-29T17:08:13,2026-08-29T17:08:13,1
54650267,2026-08-29T17:08:13,2026-08-29T17:08:13,1
54650268,2026-08-29T17:08:13,2026-08-29T17:08:13,1
54650269,2026-08-29T17:08:13,2026-08-29T17:08:13,1
54650270,2026-08-29T17:08:13,2026-08-29T17:08:13,1
54650271,2026-08-29T17:08:13,2026-08-29T17:08:13,1
54650272,2026-08-29T17:08:13,2026-08-29T17:08:13,1
54650273,2026-08-29T16:56:17,2026-08-29T16:56:17,1
54650274,2026-08-29T16:56:17,2026-08-29T16:56:17,1
54650276,2026-08-29T16:56:17,2026-08-29T16:56:17,1
54650277,2026-08-29T16:56:17,2026-08-29T16:56:17,1
54650278,2026-08-29T16:56:17,2026-08-29T16:56:17,1
54650279,2026-08-29T17:08:09,2026-08-29T17:08:09,1
54650280,2026-08-29T17:08:09,2026-08-29T17:08:09,1
54650281,2026-08-29T17:08:09,2026-08-29T17:08:09,1
54650282,2026-08-29T17:08:09,2026-08-29T17:08:09,1
54650283,2026-08-29T17:08:09,2026-08-29T17:08:09,1
54650286,2026-08-29T16:56:17,2026-08-29T16:56:17,1
54650287,2026-08-29T16:56:17,2026-08-29T16:56:17,1
54650288,2026-08-29T16:56:17,2026-08-29T16:56:17,1
54650290,2026-08-29T16:56:17,2026-08-29T16:56:17,1
54650291,2026-08-29T16:56:17,2026-08-29T16:56:17,1
54650292,2026-08-29T17:08:09,2026-08-29T17:08:09,1
54650293,2026-08-29T17:08:09,2026-08-29T17:08:09,1
54650294,2026-08-29T17:08:09,2026-08-29T17:08:09,1
54650295,2026-08-29T17:08:09,2026-08-29T17:08:09,1
54650296,2026-08-29T17:08:09,2026-08-29T17:08:09,1
54650304,2026-08-29T17:08:09,2026-08-29T17:08:09,1
54650305,2026-08-29T17:08:09,2026-08-29T17:08:09,1
54650306,2026-08-29T16:56:14,2026-08-29T16:56:14,1
54650307,2026-08-29T16:56:20,2026-08-29T16:56:20,1
54650309,2026-08-29T16:56:20,2026-08-29T16:56:20,1
54650330,2026-08-29T17:00:11,2026-08-29T17:00:11,1
54650346,2026-08-29T16:32:59,2026-08-29T16:32:59,1
54650352,2026-08-29T16:38:20,2026-08-29T16:38:20,1
54650358,2026-08-29T16:38:20,2026-08-29T16:38:20,1
54650362,2026-08-29T16:40:16,2026-08-29T16:40:16,1
54650375,2026-08-29T16:39:10,2026-08-29T16:39:10,1
54650380,2026-08-29T16:40:28,2026-08-29T16:40:28,1
54650381,2026-08-29T16:40:28,2026-08-29T16:40:28,1
54650384,2026-08-29T16:35:39,2026-08-29T16:35:39,1
54650389,2026-08-29T16:35:39,2026-08-29T16:35:39,1
54650390,2026-08-29T16:39:46,2026-08-29T16:39:46,1
54650392,2026-08-29T16:35:43,2026-08-29T16:35:43,1
54650393,2026-08-29T16:35:43,2026-08-29T16:35:43,1
54650406,2026-08-29T16:53:35,2026-08-29T16:53:35,1
54650422,2026-08-29T16:42:29,2026-08-29T16:42:29,1
54650475,2026-08-29T16:54:55,2026-08-29T16:54:55,1
54650478,2026-08-29T16:54:55,2026-08-29T16:54:55,1
54650489,2026-08-29T16:29:11,2026-08-29T16:29:11,1
54650517,2026-08-29T16:37:51,2026-08-29T16:37:51,1
54650520,2026-08-29T16:45:28,2026-08-29T16:45:28,1
54650522,2026-08-29T16:59:49,2026-08-29T16:59:49,1
54650525,2026-08-29T16:59:49,2026-08-29T16:59:49,1
54650528,2026-08-29T16:53:09,2026-08-29T16:53:09,1
54650583,2026-08-29T16:53:28,2026-08-29T16:53:28,1
54650599,2026-08-29T16:59:52,2026-08-29T16:59:52,1
54650629,2026-08-29T16:45:30,2026-08-29T16:45:30,1
54650647,2026-08-29T17:06:46,2026-08-29T17:06:46,1
54650667,2026-08-29T16:45:15,2026-08-29T16:45:15,1
54650680,2026-08-29T16:45:15,2026-08-29T16:45:15,1
54650700,2026-08-29T16:46:25,2026-08-29T16:46:25,1
54650723,2026-08-29T17:06:46,2026-08-29T17:06:46,1
54650753,2026-08-29T16:38:28,2026-08-29T16:38:28,1
54650756,2026-08-29T16:54:11,2026-08-29T16:54:11,1
54650764,2026-08-29T16:35:59,2026-08-29T16:35:59,1
54650775,2026-08-29T16:45:12,2026-08-29T16:45:12,1
54650789,2026-08-29T16:45:30,2026-08-29T16:45:30,1
54650838,2026-08-29T16:40:43,2026-08-29T16:40:43,1
54650846,2026-08-29T16:41:09,2026-08-29T16:41:09,1
54650876,2026-08-29T16:59:17,2026-08-29T16:59:17,1
54650884,2026-08-29T16:52:13,2026-08-29T16:52:13,1
54650885,2026-08-29T16:59:20,2026-08-29T16:59:20,1
54650888,2026-08-29T16:36:22,2026-08-29T16:36:22,1
54650891,2026-08-29T16:59:20,2026-08-29T16:59:20,1
54650892,2026-08-29T16:59:20,2026-08-29T16:59:20,1
54650910,2026-08-29T16:59:20,2026-08-29T16:59:20,1
54650911,2026-08-29T16:53:28,2026-08-29T16:53:28,1
54650929,2026-08-29T17:08:56,2026-08-29T17:08:56,1
54650936,2026-08-29T17:08:50,2026-08-29T17:08:50,1
54650958,2026-08-29T16:35:23,2026-08-29T16:35:23,1
54651002,2026-08-29T16:29:48,2026-08-29T16:29:48,1
54651016,2026-08-29T16:55:15,2026-08-29T16:55:15,1
54651036,2026-08-29T16:59:17,2026-08-29T16:59:17,1
54651037,2026-08-29T16:36:54,2026-08-29T16:36:54,1
54651048,2026-08-29T16:33:12,2026-08-29T16:33:12,1
54651049,2026-08-29T17:00:01,2026-08-29T17:00:01,1
54651051,2026-08-29T16:58:07,2026-08-29T16:58:07,1
54651054,2026-08-29T16:47:31,2026-08-29T16:47:31,1
54651069,2026-08-29T16:59:17,2026-08-29T16:59:17,1
54651071,2026-08-29T17:05:51,2026-08-29T17:05:51,1
54651079,2026-08-29T16:39:06,2026-08-29T16:39:06,1
54651084,2026-08-29T16:37:43,2026-08-29T16:37:43,1
54651095,2026-08-29T16:58:07,2026-08-29T16:58:07,1
54651117,2026-08-29T16:32:56,2026-08-29T16:32:56,1
54651122,2026-08-29T16:59:17,2026-08-29T16:59:17,1
54651158,2026-08-29T16:45:28,2026-08-29T16:45:28,1
54651179,2026-08-29T16:52:29,2026-08-29T16:52:29,1
54651184,2026-08-29T17:07:01,2026-08-29T17:07:01,1
54651185,2026-08-29T16:42:32,2026-08-29T16:42:32,1
54651207,2026-08-29T16:42:32,2026-08-29T16:42:32,1
54651209,2026-08-29T16:52:29,2026-08-29T16:52:29,1
54651214,2026-08-29T16:45:33,2026-08-29T16:45:33,1
54651216,2026-08-29T17:08:59,2026-08-29T17:08:59,1
54651258,2026-08-29T16:53:12,2026-08-29T16:53:12,1
54651266,2026-08-29T16:37:02,2026-08-29T16:37:02,1
54651277,2026-08-29T16:59:14,2026-08-29T16:59:14,1
54651278,2026-08-29T16:28:56,2026-08-29T16:28:56,1
54651289,2026-08-29T16:59:55,2026-08-29T16:59:55,1
54651317,2026-08-29T16:57:28,2026-08-29T16:57:28,1
54651371,2026-08-29T16:59:11,2026-08-29T16:59:11,1
54651382,2026-08-29T16:59:11,2026-08-29T16:59:11,1
54651397,2026-08-29T16:59:11,2026-08-29T16:59:11,1
54651400,2026-08-29T17:00:20,2026-08-29T17:00:20,1
54651411,2026-08-29T16:59:39,2026-08-29T16:59:39,1
54651416,2026-08-29T17:00:14,2026-08-29T17:00:14,1
54651479,2026-08-29T16:59:08,2026-08-29T16:59:08,1
54651511,2026-08-29T16:32:00,2026-08-29T16:32:00,1
54651515,2026-08-29T16:52:29,2026-08-29T16:52:29,1
54651526,2026-08-29T17:00:14,2026-08-29T17:00:14,1
54651544,2026-08-29T16:52:42,2026-08-29T16:52:42,1
54651549,2026-08-29T16:59:49,2026-08-29T16:59:49,1
54651551,2026-08-29T16:59:49,2026-08-29T16:59:49,1
54651584,2026-08-29T16:33:05,2026-08-29T16:33:05,1
54651585,2026-08-29T16:59:05,2026-08-29T16:59:05,1
54651586,2026-08-29T16:44:53,2026-08-29T16:44:53,1
54651602,2026-08-29T17:00:14,2026-08-29T17:00:14,1
54651607,2026-08-29T16:44:50,2026-08-29T16:44:50,1
54651612,2026-08-29T16:31:57,2026-08-29T16:31:57,1
54651617,2026-08-29T16:59:52,2026-08-29T16:59:52,1
54651633,2026-08-29T16:59:05,2026-08-29T16:59:05,1
54651642,2026-08-29T16:59:05,2026-08-29T16:59:05,1
54651644,2026-08-29T16:36:42,2026-08-29T16:36:42,1
54651655,2026-08-29T16:36:51,2026-08-29T16:36:51,1
54651657,2026-08-29T16:30:04,2026-08-29T16:30:04,1
54651672,2026-08-29T16:36:18,2026-08-29T16:36:18,1
54651706,2026-08-29T16:29:11,2026-08-29T16:29:11,1
54651762,2026-08-29T16:36:07,2026-08-29T16:36:07,1
54651769,2026-08-29T16:57:06,2026-08-29T16:57:06,1
54651772,2026-08-29T16:59:02,2026-08-29T16:59:02,1
54651776,2026-08-29T16:52:29,2026-08-29T16:52:29,1
54651781,2026-08-29T16:59:02,2026-08-29T16:59:02,1
54651783,2026-08-29T16:59:02,2026-08-29T16:59:02,1
54651877,2026-08-29T16:36:51,2026-08-29T16:36:51,1
54651878,2026-08-29T16:32:50,2026-08-29T16:32:50,1
54651900,2026-08-29T16:30:55,2026-08-29T16:30:55,1
54651903,2026-08-29T16:59:49,2026-08-29T16:59:49,1
54651919,2026-08-29T16:45:28,2026-08-29T16:45:28,1
54651963,2026-08-29T16:58:59,2026-08-29T16:58:59,1
54651973,2026-08-29T16:30:52,2026-08-29T16:30:52,1
54652004,2026-08-29T16:45:22,2026-08-29T16:45:22,1
54652038,2026-08-29T17:05:57,2026-08-29T17:05:57,1
54652118,2026-08-29T16:29:52,2026-08-29T16:29:52,1
54652168,2026-08-29T16:40:32,2026-08-29T16:40:32,1
54652196,2026-08-29T16:45:02,2026-08-29T16:45:02,1
54652296,2026-08-29T16:33:59,2026-08-29T16:33:59,1
54652324,2026-08-29T16:31:57,2026-08-29T16:31:57,1
54652346,2026-08-29T16:55:18,2026-08-29T16:55:18,1
54652395,2026-08-29T16:58:49,2026-08-29T16:58:49,1
54652396,2026-08-29T16:58:49,2026-08-29T16:58:49,1
54652403,2026-08-29T16:58:49,2026-08-29T16:58:49,1
54652404,2026-08-29T16:58:49,2026-08-29T16:58:49,1
54652405,2026-08-29T16:58:49,2026-08-29T16:58:49,1
54652418,2026-08-29T16:58:49,2026-08-29T16:58:49,1
54652419,2026-08-29T16:58:49,2026-08-29T16:58:49,1
54652428,2026-08-29T16:58:49,2026-08-29T16:58:49,1
54652433,2026-08-29T16:58:49,2026-08-29T16:58:49,1
54652436,2026-08-29T16:50:08,2026-08-29T16:50:08,1
54652440,2026-08-29T16:58:49,2026-08-29T16:58:49,1
54652443,2026-08-29T16:58:49,2026-08-29T16:58:49,1
54652444,2026-08-29T16:58:49,2026-08-29T16:58:49,1
54652445,2026-08-29T16:58:49,2026-08-29T16:58:49,1
54652446,2026-08-29T16:32:44,2026-08-29T16:32:44,1
54652448,2026-08-29T16:58:49,2026-08-29T16:58:49,1
54652449,2026-08-29T16:58:49,2026-08-29T16:58:49,1
54652451,2026-08-29T16:58:49,2026-08-29T16:58:49,1
54652453,2026-08-29T16:58:49,2026-08-29T16:58:49,1
54652454,2026-08-29T16:58:49,2026-08-29T16:58:49,1
54652476,2026-08-29T16:58:49,2026-08-29T16:58:49,1
54652491,2026-08-29T16:32:32,2026-08-29T16:32:32,1
54652502,2026-08-29T16:58:49,2026-08-29T16:58:49,1
54652503,2026-08-29T16:58:49,2026-08-29T16:58:49,1
54652507,2026-08-29T16:35:06,2026-08-29T16:35:06,1
54652509,2026-08-29T16:38:28,2026-08-29T16:38:28,1
54652534,2026-08-29T16:58:46,2026-08-29T16:58:46,1
54652544,2026-08-29T16:59:58,2026-08-29T16:59:58,1
54652557,2026-08-29T16:59:58,2026-08-29T16:59:58,1
54652573,2026-08-29T16:38:28,2026-08-29T16:38:28,1
54652579,2026-08-29T16:58:46,2026-08-29T16:58:46,1
54652580,2026-08-29T16:58:46,2026-08-29T16:58:46,1
54652582,2026-08-29T16:58:46,2026-08-29T16:58:46,1
54652583,2026-08-29T16:58:46,2026-08-29T16:58:46,1
54652585,2026-08-29T16:32:32,2026-08-29T16:32:32,1
54652587,2026-08-29T16:58:46,2026-08-29T16:58:46,1
54652593,2026-08-29T16:38:06,2026-08-29T16:38:06,1
54652617,2026-08-29T16:42:09,2026-08-29T16:42:09,1
54652626,2026-08-29T16:38:06,2026-08-29T16:38:06,1
54652636,2026-08-29T17:05:19,2026-08-29T17:05:19,1
54652668,2026-08-29T16:42:16,2026-08-29T16:42:16,1
54652669,2026-08-29T16:58:46,2026-08-29T16:58:46,1
54652670,2026-08-29T16:44:50,2026-08-29T16:44:50,1
54652671,2026-08-29T16:58:46,2026-08-29T16:58:46,1
54652672,2026-08-29T16:58:46,2026-08-29T16:58:46,1
54652673,2026-08-29T16:58:46,2026-08-29T16:58:46,1
54652675,2026-08-29T16:58:46,2026-08-29T16:58:46,1
54652676,2026-08-29T16:58:46,2026-08-29T16:58:46,1
54652686,2026-08-29T16:58:46,2026-08-29T16:58:46,1
54652695,2026-08-29T16:30:26,2026-08-29T16:30:26,1
54652706,2026-08-29T16:29:43,2026-08-29T16:29:43,1
54652713,2026-08-29T16:43:49,2026-08-29T16:43:49,1
54652716,2026-08-29T16:29:11,2026-08-29T16:29:11,1
54652720,2026-08-29T16:44:59,2026-08-29T16:44:59,1
54652721,2026-08-29T16:59:46,2026-08-29T16:59:46,1
54652746,2026-08-29T16:33:52,2026-08-29T16:33:52,1
54652749,2026-08-29T16:39:58,2026-08-29T16:39:58,1
54652828,2026-08-29T16:29:07,2026-08-29T16:29:07,1
54652835,2026-08-29T16:33:52,2026-08-29T16:33:52,1
54652874,2026-08-29T16:55:37,2026-08-29T16:55:37,1
54652937,2026-08-29T16:58:43,2026-08-29T16:58:43,1
54652938,2026-08-29T16:58:43,2026-08-29T16:58:43,1
54652941,2026-08-29T16:58:43,2026-08-29T16:58:43,1
54652942,2026-08-29T17:08:44,2026-08-29T17:08:44,1
54652943,2026-08-29T17:08:44,2026-08-29T17:08:44,1
54652944,2026-08-29T17:08:44,2026-08-29T17:08:44,1
54652946,2026-08-29T17:08:44,2026-08-29T17:08:44,1
54652947,2026-08-29T17:08:44,2026-08-29T17:08:44,1
54652951,2026-08-29T16:44:59,2026-08-29T16:44:59,1
54652959,2026-08-29T16:58:43,2026-08-29T16:58:43,1
54652960,2026-08-29T16:58:43,2026-08-29T16:58:43,1
54652966,2026-08-29T16:58:43,2026-08-29T16:58:43,1
54652967,2026-08-29T16:58:43,2026-08-29T16:58:43,1
54652968,2026-08-29T16:58:43,2026-08-29T16:58:43,1
54652971,2026-08-29T16:58:43,2026-08-29T16:58:43,1
54652972,2026-08-29T16:58:43,2026-08-29T16:58:43,1
54652979,2026-08-29T16:58:43,2026-08-29T16:58:43,1
54652981,2026-08-29T16:58:43,2026-08-29T16:58:43,1
54652984,2026-08-29T16:58:43,2026-08-29T16:58:43,1
54653015,2026-08-29T16:58:40,2026-08-29T16:58:40,1
54653017,2026-08-29T16:58:40,2026-08-29T16:58:40,1
54653018,2026-08-29T16:58:40,2026-08-29T16:58:40,1
54653020,2026-08-29T16:58:40,2026-08-29T16:58:40,1
54653024,2026-08-29T16:58:40,2026-08-29T16:58:40,1
54653026,2026-08-29T16:58:40,2026-08-29T16:58:40,1
54653027,2026-08-29T16:58:40,2026-08-29T16:58:40,1
54653030,2026-08-29T16:58:40,2026-08-29T16:58:40,1
54653032,2026-08-29T16:58:40,2026-08-29T16:58:40,1
54653033,2026-08-29T16:58:40,2026-08-29T16:58:40,1
54653110,2026-08-29T16:56:52,2026-08-29T16:56:52,1
54653153,2026-08-29T16:52:52,2026-08-29T16:52:52,1
54653164,2026-08-29T16:53:53,2026-08-29T16:53:53,1
54653175,2026-08-29T16:48:17,2026-08-29T16:48:17,1
54653181,2026-08-29T16:48:17,2026-08-29T16:48:17,1
54653183,2026-08-29T16:48:17,2026-08-29T16:48:17,1
54653184,2026-08-29T16:48:17,2026-08-29T16:48:17,1
54653185,2026-08-29T16:48:17,2026-08-29T16:48:17,1
54653186,2026-08-29T16:48:17,2026-08-29T16:48:17,1
54653187,2026-08-29T17:06:55,2026-08-29T17:06:55,1
54653188,2026-08-29T16:48:20,2026-08-29T16:48:20,1
54653190,2026-08-29T16:48:20,2026-08-29T16:48:20,1
54653191,2026-08-29T16:48:17,2026-08-29T16:48:17,1
54653204,2026-08-29T16:48:20,2026-08-29T16:48:20,1
54653205,2026-08-29T16:48:20,2026-08-29T16:48:20,1
54653207,2026-08-29T17:00:08,2026-08-29T17:00:08,1
54653221,2026-08-29T17:08:44,2026-08-29T17:08:44,1
54653253,2026-08-29T16:58:37,2026-08-29T16:58:37,1
54653262,2026-08-29T16:54:22,2026-08-29T16:54:22,1
54653277,2026-08-29T16:33:05,2026-08-29T16:33:05,1
54653297,2026-08-29T16:29:43,2026-08-29T16:29:43,1
54653398,2026-08-29T17:00:20,2026-08-29T17:00:20,1
54653400,2026-08-29T17:00:20,2026-08-29T17:00:20,1
54653586,2026-08-29T16:29:14,2026-08-29T16:29:14,1
54653608,2026-08-29T16:31:09,2026-08-29T16:31:09,1
54653640,2026-08-29T16:47:31,2026-08-29T16:47:31,1
54653644,2026-08-29T16:47:31,2026-08-29T16:47:31,1
54653649,2026-08-29T16:59:46,2026-08-29T16:59:46,1
54653655,2026-08-29T16:44:50,2026-08-29T16:44:50,1
54653698,2026-08-29T16:59:52,2026-08-29T16:59:52,1
54653715,2026-08-29T16:39:58,2026-08-29T16:39:58,1
54653718,2026-08-29T17:05:36,2026-08-29T17:05:36,1
54653795,2026-08-29T16:37:17,2026-08-29T16:37:17,1
54653827,2026-08-29T16:32:44,2026-08-29T16:32:44,1
54653907,2026-08-29T17:00:20,2026-08-29T17:00:20,1
54653908,2026-08-29T17:00:20,2026-08-29T17:00:20,1
54653909,2026-08-29T17:00:20,2026-08-29T17:00:20,1
54653910,2026-08-29T17:00:20,2026-08-29T17:00:20,1
54653911,2026-08-29T17:00:20,2026-08-29T17:00:20,1
54653912,2026-08-29T17:00:20,2026-08-29T17:00:20,1
54653934,2026-08-29T16:46:29,2026-08-29T16:46:29,1
54653976,2026-08-29T16:30:15,2026-08-29T16:30:15,1
54654000,2026-08-29T16:44:53,2026-08-29T16:44:53,1
54654012,2026-08-29T16:32:06,2026-08-29T16:32:06,1
54654041,2026-08-29T16:59:46,2026-08-29T16:59:46,1
54654063,2026-08-29T16:39:34,2026-08-29T16:39:34,1
54654066,2026-08-29T16:39:38,2026-08-29T16:39:38,1
54654077,2026-08-29T16:53:41,2026-08-29T16:53:41,1
54654086,2026-08-29T16:32:38,2026-08-29T16:32:38,1
54654092,2026-08-29T16:41:09,2026-08-29T16:41:09,1
54654129,2026-08-29T16:59:46,2026-08-29T16:59:46,1
54654144,2026-08-29T17:00:23,2026-08-29T17:00:23,1
54654154,2026-08-29T17:08:40,2026-08-29T17:08:40,1
54654155,2026-08-29T16:32:41,2026-08-29T16:32:41,1
54654224,2026-08-29T16:59:46,2026-08-29T16:59:46,1
54654265,2026-08-29T16:45:25,2026-08-29T16:45:25,1
54654278,2026-08-29T16:44:53,2026-08-29T16:44:53,1
54654438,2026-08-29T16:58:28,2026-08-29T16:58:28,1
54654440,2026-08-29T16:58:28,2026-08-29T16:58:28,1
54654548,2026-08-29T16:40:32,2026-08-29T16:40:32,1
54654549,2026-08-29T16:32:38,2026-08-29T16:32:38,1
54654576,2026-08-29T16:58:28,2026-08-29T16:58:28,1
54654579,2026-08-29T16:38:06,2026-08-29T16:38:06,1
54654679,2026-08-29T16:38:02,2026-08-29T16:38:02,1
54655133,2026-08-29T16:59:43,2026-08-29T16:59:43,1
54655135,2026-08-29T16:31:54,2026-08-29T16:31:54,1
54655155,2026-08-29T17:05:51,2026-08-29T17:05:51,1
54655157,2026-08-29T16:44:53,2026-08-29T16:44:53,1
54655171,2026-08-29T16:59:43,2026-08-29T16:59:43,1
54655183,2026-08-29T16:53:38,2026-08-29T16:53:38,1
54655195,2026-08-29T16:53:38,2026-08-29T16:53:38,1
54655199,2026-08-29T16:58:21,2026-08-29T16:58:21,1
54655222,2026-08-29T16:35:55,2026-08-29T16:35:55,1
54655241,2026-08-29T16:52:58,2026-08-29T16:52:58,1
54655270,2026-08-29T16:58:21,2026-08-29T16:58:21,1
54655275,2026-08-29T16:52:55,2026-08-29T16:52:55,1
54655297,2026-08-29T16:32:28,2026-08-29T16:32:28,1
54655312,2026-08-29T16:58:21,2026-08-29T16:58:21,1
54655365,2026-08-29T16:53:38,2026-08-29T16:53:38,1
54655389,2026-08-29T17:00:04,2026-08-29T17:00:04,1
54655390,2026-08-29T16:53:38,2026-08-29T16:53:38,1
54655391,2026-08-29T17:00:04,2026-08-29T17:00:04,1
54655393,2026-08-29T16:53:38,2026-08-29T16:53:38,1
54655394,2026-08-29T17:00:04,2026-08-29T17:00:04,1
54655397,2026-08-29T16:59:43,2026-08-29T16:59:43,1
54655398,2026-08-29T16:53:38,2026-08-29T16:53:38,1
54655399,2026-08-29T16:53:38,2026-08-29T16:53:38,1
54655401,2026-08-29T16:53:38,2026-08-29T16:53:38,1
54655404,2026-08-29T17:00:04,2026-08-29T17:00:04,1
54655415,2026-08-29T17:00:04,2026-08-29T17:00:04,1
54655453,2026-08-29T16:58:21,2026-08-29T16:58:21,1
54655535,2026-08-29T16:58:21,2026-08-29T16:58:21,1
54655538,2026-08-29T16:58:21,2026-08-29T16:58:21,1
54655543,2026-08-29T16:44:50,2026-08-29T16:44:50,1
54655570,2026-08-29T16:36:58,2026-08-29T16:36:58,1
54655575,2026-08-29T16:58:21,2026-08-29T16:58:21,1
54655581,2026-08-29T16:59:52,2026-08-29T16:59:52,1
54655598,2026-08-29T16:59:43,2026-08-29T16:59:43,1
54655615,2026-08-29T16:58:21,2026-08-29T16:58:21,1
54655635,2026-08-29T16:58:18,2026-08-29T16:58:18,1
54655656,2026-08-29T16:58:18,2026-08-29T16:58:18,1
54655657,2026-08-29T16:58:18,2026-08-29T16:58:18,1
54655667,2026-08-29T16:58:18,2026-08-29T16:58:18,1
54655679,2026-08-29T16:44:56,2026-08-29T16:44:56,1
54655680,2026-08-29T16:58:18,2026-08-29T16:58:18,1
54655686,2026-08-29T16:58:18,2026-08-29T16:58:18,1
54655699,2026-08-29T16:58:18,2026-08-29T16:58:18,1
54655701,2026-08-29T16:58:18,2026-08-29T16:58:18,1
54655702,2026-08-29T16:36:58,2026-08-29T16:36:58,1
54655704,2026-08-29T16:47:34,2026-08-29T16:47:34,1
54655705,2026-08-29T16:53:50,2026-08-29T16:53:50,1
54655706,2026-08-29T16:58:18,2026-08-29T16:58:18,1
54655708,2026-08-29T16:36:58,2026-08-29T16:36:58,1
54655709,2026-08-29T16:36:58,2026-08-29T16:36:58,1
54655711,2026-08-29T16:53:50,2026-08-29T16:53:50,1
54655714,2026-08-29T16:47:34,2026-08-29T16:47:34,1
54655715,2026-08-29T16:58:18,2026-08-29T16:58:18,1
54655717,2026-08-29T16:36:58,2026-08-29T16:36:58,1
54655718,2026-08-29T16:47:34,2026-08-29T16:47:34,1
54655719,2026-08-29T16:58:18,2026-08-29T16:58:18,1
54655720,2026-08-29T16:47:34,2026-08-29T16:47:34,1
54655721,2026-08-29T16:47:34,2026-08-29T16:47:34,1
54655722,2026-08-29T16:47:38,2026-08-29T16:47:38,1
54655724,2026-08-29T16:47:38,2026-08-29T16:47:38,1
54655726,2026-08-29T16:58:18,2026-08-29T16:58:18,1
54655727,2026-08-29T16:47:38,2026-08-29T16:47:38,1
54655728,2026-08-29T16:58:18,2026-08-29T16:58:18,1
54655729,2026-08-29T17:00:04,2026-08-29T17:00:04,1
54655730,2026-08-29T16:53:50,2026-08-29T16:53:50,1
54655731,2026-08-29T17:00:04,2026-08-29T17:00:04,1
54655732,2026-08-29T16:47:38,2026-08-29T16:47:38,1
54655733,2026-08-29T16:47:38,2026-08-29T16:47:38,1
54655734,2026-08-29T16:58:18,2026-08-29T16:58:18,1
54655735,2026-08-29T16:53:50,2026-08-29T16:53:50,1
54655736,2026-08-29T16:47:38,2026-08-29T16:47:38,1
54655739,2026-08-29T17:00:04,2026-08-29T17:00:04,1
54655740,2026-08-29T16:53:50,2026-08-29T16:53:50,1
54655741,2026-08-29T16:47:38,2026-08-29T16:47:38,1
54655743,2026-08-29T16:53:50,2026-08-29T16:53:50,1
54655745,2026-08-29T16:38:40,2026-08-29T16:38:40,1
54655749,2026-08-29T16:47:41,2026-08-29T16:47:41,1
54655751,2026-08-29T16:36:58,2026-08-29T16:36:58,1
54655752,2026-08-29T16:58:18,2026-08-29T16:58:18,1
54655753,2026-08-29T16:58:18,2026-08-29T16:58:18,1
54655754,2026-08-29T16:53:50,2026-08-29T16:53:50,1
54655756,2026-08-29T16:53:50,2026-08-29T16:53:50,1
54655757,2026-08-29T16:47:41,2026-08-29T16:47:41,1
54655758,2026-08-29T16:47:41,2026-08-29T16:47:41,1
54655759,2026-08-29T16:58:18,2026-08-29T16:58:18,1
54655760,2026-08-29T16:53:50,2026-08-29T16:53:50,1
54655761,2026-08-29T16:53:56,2026-08-29T16:53:56,1
54655764,2026-08-29T16:53:56,2026-08-29T16:53:56,1
54655765,2026-08-29T16:53:56,2026-08-29T16:53:56,1
54655766,2026-08-29T17:00:04,2026-08-29T17:00:04,1
54655772,2026-08-29T16:58:18,2026-08-29T16:58:18,1
54655789,2026-08-29T16:42:32,2026-08-29T16:42:32,1
54655823,2026-08-29T16:59:43,2026-08-29T16:59:43,1
54655833,2026-08-29T16:45:33,2026-08-29T16:45:33,1
54655837,2026-08-29T16:58:15,2026-08-29T16:58:15,1
54655853,2026-08-29T16:51:52,2026-08-29T16:51:52,1
54655882,2026-08-29T16:58:15,2026-08-29T16:58:15,1
54655886,2026-08-29T16:58:15,2026-08-29T16:58:15,1
54655889,2026-08-29T16:58:15,2026-08-29T16:58:15,1
54655894,2026-08-29T16:58:15,2026-08-29T16:58:15,1
54655912,2026-08-29T16:45:36,2026-08-29T16:45:36,1
54655913,2026-08-29T16:58:15,2026-08-29T16:58:15,1
54655945,2026-08-29T16:45:36,2026-08-29T16:45:36,1
54655957,2026-08-29T16:58:12,2026-08-29T16:58:12,1
54655959,2026-08-29T16:45:33,2026-08-29T16:45:33,1
54655964,2026-08-29T16:59:39,2026-08-29T16:59:39,1
54655978,2026-08-29T16:52:22,2026-08-29T16:52:22,1
54655987,2026-08-29T16:59:43,2026-08-29T16:59:43,1
54656032,2026-08-29T17:08:34,2026-08-29T17:08:34,1
54656033,2026-08-29T17:08:34,2026-08-29T17:08:34,1
54656102,2026-08-29T16:59:58,2026-08-29T16:59:58,1
54656111,2026-08-29T16:32:53,2026-08-29T16:32:53,1
54656119,2026-08-29T17:00:14,2026-08-29T17:00:14,1
54656128,2026-08-29T16:58:09,2026-08-29T16:58:09,1
54656135,2026-08-29T16:58:07,2026-08-29T16:58:07,1
54656154,2026-08-29T16:58:07,2026-08-29T16:58:07,1
54656162,2026-08-29T16:39:38,2026-08-29T16:39:38,1
54656173,2026-08-29T16:39:51,2026-08-29T16:39:51,1
54656182,2026-08-29T17:05:36,2026-08-29T17:05:36,1
54656185,2026-08-29T16:39:51,2026-08-29T16:39:51,1
54656191,2026-08-29T16:42:32,2026-08-29T16:42:32,1
54656198,2026-08-29T16:39:51,2026-08-29T16:39:51,1
54656218,2026-08-29T16:39:38,2026-08-29T16:39:38,1
54656234,2026-08-29T16:44:50,2026-08-29T16:44:50,1
54656274,2026-08-29T16:59:55,2026-08-29T16:59:55,1
54656303,2026-08-29T16:52:42,2026-08-29T16:52:42,1
54656307,2026-08-29T17:07:35,2026-08-29T17:07:35,1
54656343,2026-08-29T16:58:07,2026-08-29T16:58:07,1
54656353,2026-08-29T16:59:55,2026-08-29T16:59:55,1
54656356,2026-08-29T16:58:07,2026-08-29T16:58:07,1
54656372,2026-08-29T16:44:50,2026-08-29T16:44:50,1
54656382,2026-08-29T16:59:43,2026-08-29T16:59:43,1
54656395,2026-08-29T16:59:52,2026-08-29T16:59:52,1
54656448,2026-08-29T16:58:07,2026-08-29T16:58:07,1
54656453,2026-08-29T16:58:07,2026-08-29T16:58:07,1
54656456,2026-08-29T16:52:02,2026-08-29T16:52:02,1
54656481,2026-08-29T16:58:04,2026-08-29T16:58:04,1
54656492,2026-08-29T16:59:55,2026-08-29T16:59:55,1
54656520,2026-08-29T17:08:31,2026-08-29T17:08:31,1
54656526,2026-08-29T17:00:01,2026-08-29T17:00:01,1
54656544,2026-08-29T16:58:04,2026-08-29T16:58:04,1
54656572,2026-08-29T16:37:10,2026-08-29T16:37:10,1
54656573,2026-08-29T16:30:07,2026-08-29T16:30:07,1
54656601,2026-08-29T16:47:34,2026-08-29T16:47:34,1
54656673,2026-08-29T16:58:01,2026-08-29T16:58:01,1
54656735,2026-08-29T16:59:58,2026-08-29T16:59:58,1
54656741,2026-08-29T16:45:33,2026-08-29T16:45:33,1
54656829,2026-08-29T16:57:58,2026-08-29T16:57:58,1
54656832,2026-08-29T16:57:58,2026-08-29T16:57:58,1
54656966,2026-08-29T17:08:53,2026-08-29T17:08:53,1
54656969,2026-08-29T16:42:16,2026-08-29T16:42:16,1
54656980,2026-08-29T16:57:55,2026-08-29T16:57:55,1
54656982,2026-08-29T16:30:37,2026-08-29T16:30:37,1
54657009,2026-08-29T17:08:53,2026-08-29T17:08:53,1
54657066,2026-08-29T16:51:35,2026-08-29T16:51:35,1
54657071,2026-08-29T16:57:55,2026-08-29T16:57:55,1
54657092,2026-08-29T16:44:47,2026-08-29T16:44:47,1
54657103,2026-08-29T16:32:28,2026-08-29T16:32:28,1
54657105,2026-08-29T16:33:12,2026-08-29T16:33:12,1
54657113,2026-08-29T16:59:43,2026-08-29T16:59:43,1
54657118,2026-08-29T16:32:28,2026-08-29T16:32:28,1
54657129,2026-08-29T16:36:47,2026-08-29T16:36:47,1
54657137,2026-08-29T16:39:03,2026-08-29T16:39:03,1
54657138,2026-08-29T16:45:30,2026-08-29T16:45:30,1
54657151,2026-08-29T16:44:47,2026-08-29T16:44:47,1
54657156,2026-08-29T16:59:39,2026-08-29T16:59:39,1
54657163,2026-08-29T16:55:28,2026-08-29T16:55:28,1
54657165,2026-08-29T16:45:28,2026-08-29T16:45:28,1
54657172,2026-08-29T16:53:25,2026-08-29T16:53:25,1
54657182,2026-08-29T16:44:44,2026-08-29T16:44:44,1
54657207,2026-08-29T16:57:52,2026-08-29T16:57:52,1
54657220,2026-08-29T16:59:55,2026-08-29T16:59:55,1
54657221,2026-08-29T16:39:03,2026-08-29T16:39:03,1
54657240,2026-08-29T16:42:04,2026-08-29T16:42:04,1
54657243,2026-08-29T16:31:44,2026-08-29T16:31:44,1
54657249,2026-08-29T16:57:52,2026-08-29T16:57:52,1
54657264,2026-08-29T16:41:22,2026-08-29T16:41:22,1
54657268,2026-08-29T16:59:39,2026-08-29T16:59:39,1
54657281,2026-08-29T16:41:22,2026-08-29T16:41:22,1
54657300,2026-08-29T16:32:26,2026-08-29T16:32:26,1
54657322,2026-08-29T16:32:26,2026-08-29T16:32:26,1
54657350,2026-08-29T16:40:16,2026-08-29T16:40:16,1
54657356,2026-08-29T16:29:17,2026-08-29T16:29:17,1
54657359,2026-08-29T16:31:27,2026-08-29T16:31:27,1
54657361,2026-08-29T16:41:22,2026-08-29T16:41:22,1
54657362,2026-08-29T16:39:30,2026-08-29T16:39:30,1
54657384,2026-08-29T16:32:26,2026-08-29T16:32:26,1
54657393,2026-08-29T16:53:09,2026-08-29T16:53:09,1
54657399,2026-08-29T16:32:26,2026-08-29T16:32:26,1
54657410,2026-08-29T16:38:10,2026-08-29T16:38:10,1
54657421,2026-08-29T17:00:17,2026-08-29T17:00:17,1
54657430,2026-08-29T16:36:47,2026-08-29T16:36:47,1
54657434,2026-08-29T16:51:35,2026-08-29T16:51:35,1
54657436,2026-08-29T16:57:49,2026-08-29T16:57:49,1
54657441,2026-08-29T16:31:44,2026-08-29T16:31:44,1
54657444,2026-08-29T16:53:35,2026-08-29T16:53:35,1
54657449,2026-08-29T16:55:37,2026-08-29T16:55:37,1
54657450,2026-08-29T16:59:39,2026-08-29T16:59:39,1
54657454,2026-08-29T16:59:39,2026-08-29T16:59:39,1
54657469,2026-08-29T16:30:55,2026-08-29T16:30:55,1
54657473,2026-08-29T16:55:37,2026-08-29T16:55:37,1
54657475,2026-08-29T16:41:22,2026-08-29T16:41:22,1
54657491,2026-08-29T16:57:46,2026-08-29T16:57:46,1
54657501,2026-08-29T17:05:16,2026-08-29T17:05:16,1
54657518,2026-08-29T17:06:03,2026-08-29T17:06:03,1
54657519,2026-08-29T16:57:46,2026-08-29T16:57:46,1
54657523,2026-08-29T17:05:16,2026-08-29T17:05:16,1
54657547,2026-08-29T16:59:39,2026-08-29T16:59:39,1
54657555,2026-08-29T16:59:39,2026-08-29T16:59:39,1
54657559,2026-08-29T16:44:40,2026-08-29T16:44:40,1
54657581,2026-08-29T16:57:43,2026-08-29T16:57:43,1
54657600,2026-08-29T16:37:28,2026-08-29T16:37:28,1
54657603,2026-08-29T17:08:59,2026-08-29T17:08:59,1
54657606,2026-08-29T16:29:31,2026-08-29T16:29:31,1
54657612,2026-08-29T16:52:45,2026-08-29T16:52:45,1
54657622,2026-08-29T16:32:19,2026-08-29T16:32:19,1
54657638,2026-08-29T16:44:37,2026-08-29T16:44:37,1
54657667,2026-08-29T16:32:16,2026-08-29T16:32:16,1
54657672,2026-08-29T16:57:40,2026-08-29T16:57:40,1
54657677,2026-08-29T17:00:01,2026-08-29T17:00:01,1
54657692,2026-08-29T17:00:01,2026-08-29T17:00:01,1
54657717,2026-08-29T17:00:01,2026-08-29T17:00:01,1
54657728,2026-08-29T16:57:40,2026-08-29T16:57:40,1
54657748,2026-08-29T16:40:48,2026-08-29T16:40:48,1
54657850,2026-08-29T16:31:34,2026-08-29T16:31:34,1
54657879,2026-08-29T16:59:39,2026-08-29T16:59:39,1
54657886,2026-08-29T16:57:37,2026-08-29T16:57:37,1
54657889,2026-08-29T16:57:37,2026-08-29T16:57:37,1
54657894,2026-08-29T16:57:37,2026-08-29T16:57:37,1
54657896,2026-08-29T16:57:37,2026-08-29T16:57:37,1
54657899,2026-08-29T16:57:37,2026-08-29T16:57:37,1
54657902,2026-08-29T16:57:37,2026-08-29T16:57:37,1
54657903,2026-08-29T16:57:37,2026-08-29T16:57:37,1
54657905,2026-08-29T16:57:37,2026-08-29T16:57:37,1
54657906,2026-08-29T16:57:37,2026-08-29T16:57:37,1
54657907,2026-08-29T16:57:37,2026-08-29T16:57:37,1
54657908,2026-08-29T16:57:37,2026-08-29T16:57:37,1
54657909,2026-08-29T16:57:37,2026-08-29T16:57:37,1
54657910,2026-08-29T16:57:37,2026-08-29T16:57:37,1
54657912,2026-08-29T16:57:37,2026-08-29T16:57:37,1
54657913,2026-08-29T16:57:37,2026-08-29T16:57:37,1
54657914,2026-08-29T16:57:37,2026-08-29T16:57:37,1
54657915,2026-08-29T16:57:37,2026-08-29T16:57:37,1
54657916,2026-08-29T16:57:37,2026-08-29T16:57:37,1
54657917,2026-08-29T16:57:37,2026-08-29T16:57:37,1
54657921,2026-08-29T16:57:37,2026-08-29T16:57:37,1
54657945,2026-08-29T16:44:40,2026-08-29T16:44:40,1
54657952,2026-08-29T16:57:34,2026-08-29T16:57:34,1
54657956,2026-08-29T16:30:45,2026-08-29T16:30:45,1
54657963,2026-08-29T16:57:34,2026-08-29T16:57:34,1
54657964,2026-08-29T16:44:37,2026-08-29T16:44:37,1
54657965,2026-08-29T16:57:34,2026-08-29T16:57:34,1
54657966,2026-08-29T16:57:34,2026-08-29T16:57:34,1
54657967,2026-08-29T16:57:34,2026-08-29T16:57:34,1
54657970,2026-08-29T16:57:34,2026-08-29T16:57:34,1
54657972,2026-08-29T16:57:34,2026-08-29T16:57:34,1
54657973,2026-08-29T16:57:34,2026-08-29T16:57:34,1
54657974,2026-08-29T16:57:34,2026-08-29T16:57:34,1
54657976,2026-08-29T16:57:34,2026-08-29T16:57:34,1
54657977,2026-08-29T16:57:34,2026-08-29T16:57:34,1
54657981,2026-08-29T16:57:34,2026-08-29T16:57:34,1
54657983,2026-08-29T16:59:58,2026-08-29T16:59:58,1
54657985,2026-08-29T16:57:34,2026-08-29T16:57:34,1
54657986,2026-08-29T16:57:34,2026-08-29T16:57:34,1
54657987,2026-08-29T16:57:34,2026-08-29T16:57:34,1
54657988,2026-08-29T16:57:34,2026-08-29T16:57:34,1
54657990,2026-08-29T16:57:31,2026-08-29T16:57:31,1
54657991,2026-08-29T16:57:34,2026-08-29T16:57:34,1
54657992,2026-08-29T16:57:31,2026-08-29T16:57:31,1
54657993,2026-08-29T16:57:31,2026-08-29T16:57:31,1
54657997,2026-08-29T16:57:31,2026-08-29T16:57:31,1
54657998,2026-08-29T16:57:31,2026-08-29T16:57:31,1
54657999,2026-08-29T16:57:31,2026-08-29T16:57:31,1
54658000,2026-08-29T16:57:31,2026-08-29T16:57:31,1
54658002,2026-08-29T16:57:31,2026-08-29T16:57:31,1
54658008,2026-08-29T16:57:31,2026-08-29T16:57:31,1
54658009,2026-08-29T16:57:31,2026-08-29T16:57:31,1
54658010,2026-08-29T16:57:31,2026-08-29T16:57:31,1
54658012,2026-08-29T16:57:31,2026-08-29T16:57:31,1
54658094,2026-08-29T16:50:57,2026-08-29T16:50:57,1
54658108,2026-08-29T16:32:12,2026-08-29T16:32:12,1
54658109,2026-08-29T17:08:56,2026-08-29T17:08:56,1
54658145,2026-08-29T16:57:12,2026-08-29T16:57:12,1
54658339,2026-08-29T16:36:37,2026-08-29T16:36:37,1
54658357,2026-08-29T16:59:39,2026-08-29T16:59:39,1
54658361,2026-08-29T17:00:01,2026-08-29T17:00:01,1
54658363,2026-08-29T16:51:39,2026-08-29T16:51:39,1
54658380,2026-08-29T16:57:28,2026-08-29T16:57:28,1
54658569,2026-08-29T16:59:39,2026-08-29T16:59:39,1
54659019,2026-08-29T16:32:16,2026-08-29T16:32:16,1
54659051,2026-08-29T16:56:49,2026-08-29T16:56:49,1
54659056,2026-08-29T16:30:55,2026-08-29T16:30:55,1
54659057,2026-08-29T16:32:28,2026-08-29T16:32:28,1
54659069,2026-08-29T16:37:58,2026-08-29T16:37:58,1
54659072,2026-08-29T16:57:18,2026-08-29T16:57:18,1
54659079,2026-08-29T16:57:28,2026-08-29T16:57:28,1
54659084,2026-08-29T16:53:41,2026-08-29T16:53:41,1
54659124,2026-08-29T16:44:26,2026-08-29T16:44:26,1
54659149,2026-08-29T16:43:36,2026-08-29T16:43:36,1
54659312,2026-08-29T17:08:24,2026-08-29T17:08:24,1
54659315,2026-08-29T17:08:24,2026-08-29T17:08:24,1
54659321,2026-08-29T17:08:24,2026-08-29T17:08:24,1
54659328,2026-08-29T16:56:46,2026-08-29T16:56:46,1
54659346,2026-08-29T16:40:36,2026-08-29T16:40:36,1
54659383,2026-08-29T16:57:00,2026-08-29T16:57:00,1
54659410,2026-08-29T16:56:43,2026-08-29T16:56:43,1
54659413,2026-08-29T16:57:25,2026-08-29T16:57:25,1
54659418,2026-08-29T16:36:18,2026-08-29T16:36:18,1
54659453,2026-08-29T16:57:25,2026-08-29T16:57:25,1
54659458,2026-08-29T16:57:25,2026-08-29T16:57:25,1
54659460,2026-08-29T16:57:25,2026-08-29T16:57:25,1
54659463,2026-08-29T16:57:25,2026-08-29T16:57:25,1
54659467,2026-08-29T16:57:25,2026-08-29T16:57:25,1
54659491,2026-08-29T17:07:39,2026-08-29T17:07:39,1
54659494,2026-08-29T17:07:53,2026-08-29T17:07:53,1
54659496,2026-08-29T17:07:49,2026-08-29T17:07:49,1
54659529,2026-08-29T16:54:32,2026-08-29T16:54:32,1
54659530,2026-08-29T16:54:32,2026-08-29T16:54:32,1
54659610,2026-08-29T16:57:25,2026-08-29T16:57:25,1
54659685,2026-08-29T16:56:43,2026-08-29T16:56:43,1
54659688,2026-08-29T16:56:43,2026-08-29T16:56:43,1
54659702,2026-08-29T16:56:43,2026-08-29T16:56:43,1
54659710,2026-08-29T16:53:28,2026-08-29T16:53:28,1
54659754,2026-08-29T17:06:40,2026-08-29T17:06:40,1
54659755,2026-08-29T17:08:28,2026-08-29T17:08:28,1
54659757,2026-08-29T17:08:28,2026-08-29T17:08:28,1
54659773,2026-08-29T16:56:43,2026-08-29T16:56:43,1
54659776,2026-08-29T16:31:00,2026-08-29T16:31:00,1
54659808,2026-08-29T16:32:12,2026-08-29T16:32:12,1
54659820,2026-08-29T17:07:56,2026-08-29T17:07:56,1
54659851,2026-08-29T16:44:35,2026-08-29T16:44:35,1
54659853,2026-08-29T17:06:29,2026-08-29T17:06:29,1
54659868,2026-08-29T16:31:41,2026-08-29T16:31:41,1
54659929,2026-08-29T16:56:39,2026-08-29T16:56:39,1
54659977,2026-08-29T16:56:39,2026-08-29T16:56:39,1
54659997,2026-08-29T16:53:28,2026-08-29T16:53:28,1
54659998,2026-08-29T16:53:28,2026-08-29T16:53:28,1
54659999,2026-08-29T16:41:14,2026-08-29T16:41:14,1
54660132,2026-08-29T16:31:51,2026-08-29T16:31:51,1
54660137,2026-08-29T16:56:39,2026-08-29T16:56:39,1
54660172,2026-08-29T16:31:54,2026-08-29T16:31:54,1
54660180,2026-08-29T16:56:39,2026-08-29T16:56:39,1
54660199,2026-08-29T16:56:36,2026-08-29T16:56:36,1
54660224,2026-08-29T16:56:36,2026-08-29T16:56:36,1
54660247,2026-08-29T16:56:36,2026-08-29T16:56:36,1
54660268,2026-08-29T16:56:36,2026-08-29T16:56:36,1
54660295,2026-08-29T16:31:05,2026-08-29T16:31:05,1
54660298,2026-08-29T16:57:18,2026-08-29T16:57:18,1
54660299,2026-08-29T16:56:36,2026-08-29T16:56:36,1
54660303,2026-08-29T16:57:18,2026-08-29T16:57:18,1
54660309,2026-08-29T16:28:42,2026-08-29T16:28:42,1
54660310,2026-08-29T16:56:36,2026-08-29T16:56:36,1
54660317,2026-08-29T16:56:36,2026-08-29T16:56:36,1
54660331,2026-08-29T17:06:46,2026-08-29T17:06:46,1
54660333,2026-08-29T16:56:36,2026-08-29T16:56:36,1
54660338,2026-08-29T16:57:09,2026-08-29T16:57:09,1
54660343,2026-08-29T16:56:36,2026-08-29T16:56:36,1
54660425,2026-08-29T16:44:29,2026-08-29T16:44:29,1
54660428,2026-08-29T16:31:51,2026-08-29T16:31:51,1
54660470,2026-08-29T16:53:25,2026-08-29T16:53:25,1
54660485,2026-08-29T16:29:28,2026-08-29T16:29:28,1
54660486,2026-08-29T16:56:32,2026-08-29T16:56:32,1
54660498,2026-08-29T16:32:22,2026-08-29T16:32:22,1
54660506,2026-08-29T16:56:52,2026-08-29T16:56:52,1
54660509,2026-08-29T16:56:32,2026-08-29T16:56:32,1
54660522,2026-08-29T16:32:26,2026-08-29T16:32:26,1
54660570,2026-08-29T16:57:09,2026-08-29T16:57:09,1
54660571,2026-08-29T16:57:09,2026-08-29T16:57:09,1
54660572,2026-08-29T16:57:03,2026-08-29T16:57:03,1
54660573,2026-08-29T16:56:32,2026-08-29T16:56:32,1
54660574,2026-08-29T16:56:32,2026-08-29T16:56:32,1
54660575,2026-08-29T17:08:20,2026-08-29T17:08:20,1
54660576,2026-08-29T17:08:20,2026-08-29T17:08:20,1
54660577,2026-08-29T17:08:24,2026-08-29T17:08:24,1
54660578,2026-08-29T17:08:20,2026-08-29T17:08:20,1
54660579,2026-08-29T17:08:24,2026-08-29T17:08:24,1
54660580,2026-08-29T16:57:21,2026-08-29T16:57:21,1
54660581,2026-08-29T16:57:09,2026-08-29T16:57:09,1
54660582,2026-08-29T16:57:18,2026-08-29T16:57:18,1
54660583,2026-08-29T16:57:18,2026-08-29T16:57:18,1
54660585,2026-08-29T16:57:09,2026-08-29T16:57:09,1
54660586,2026-08-29T16:57:18,2026-08-29T16:57:18,1
54660587,2026-08-29T16:57:18,2026-08-29T16:57:18,1
54660588,2026-08-29T16:57:18,2026-08-29T16:57:18,1
54660589,2026-08-29T16:57:15,2026-08-29T16:57:15,1
54660590,2026-08-29T16:57:15,2026-08-29T16:57:15,1
54660591,2026-08-29T16:57:15,2026-08-29T16:57:15,1
54660592,2026-08-29T17:08:24,2026-08-29T17:08:24,1
54660593,2026-08-29T17:08:28,2026-08-29T17:08:28,1
54660594,2026-08-29T17:08:28,2026-08-29T17:08:28,1
54660596,2026-08-29T17:08:28,2026-08-29T17:08:28,1
54660597,2026-08-29T17:08:28,2026-08-29T17:08:28,1
54660599,2026-08-29T16:57:21,2026-08-29T16:57:21,1
54660600,2026-08-29T16:57:21,2026-08-29T16:57:21,1
54660601,2026-08-29T16:57:21,2026-08-29T16:57:21,1
54660602,2026-08-29T16:57:21,2026-08-29T16:57:21,1
54660603,2026-08-29T16:57:21,2026-08-29T16:57:21,1
54660605,2026-08-29T16:57:21,2026-08-29T16:57:21,1
54660606,2026-08-29T16:43:39,2026-08-29T16:43:39,1
54660649,2026-08-29T16:36:42,2026-08-29T16:36:42,1
54660666,2026-08-29T16:56:29,2026-08-29T16:56:29,1
54660671,2026-08-29T16:39:26,2026-08-29T16:39:26,1
54660711,2026-08-29T16:44:19,2026-08-29T16:44:19,1
54660729,2026-08-29T16:56:29,2026-08-29T16:56:29,1
54660732,2026-08-29T16:56:29,2026-08-29T16:56:29,1
54660735,2026-08-29T16:44:19,2026-08-29T16:44:19,1
54660758,2026-08-29T16:57:09,2026-08-29T16:57:09,1
54660770,2026-08-29T17:07:32,2026-08-29T17:07:32,1
54660771,2026-08-29T17:07:42,2026-08-29T17:07:42,1
54660787,2026-08-29T16:29:39,2026-08-29T16:29:39,1
54660801,2026-08-29T17:08:28,2026-08-29T17:08:28,1
54660802,2026-08-29T17:08:28,2026-08-29T17:08:28,1
54660804,2026-08-29T17:08:28,2026-08-29T17:08:28,1
54660831,2026-08-29T16:44:29,2026-08-29T16:44:29,1
54660865,2026-08-29T16:33:39,2026-08-29T16:33:39,1
54660900,2026-08-29T16:44:16,2026-08-29T16:44:16,1
54660903,2026-08-29T16:49:14,2026-08-29T16:49:14,1
54660916,2026-08-29T16:53:12,2026-08-29T16:53:12,1
54660917,2026-08-29T16:56:23,2026-08-29T16:56:23,1
54660934,2026-08-29T16:37:02,2026-08-29T16:37:02,1
54660959,2026-08-29T16:49:14,2026-08-29T16:49:14,1
54660991,2026-08-29T16:56:23,2026-08-29T16:56:23,1
54660993,2026-08-29T17:08:24,2026-08-29T17:08:24,1
54660994,2026-08-29T17:08:20,2026-08-29T17:08:20,1
54660996,2026-08-29T17:08:20,2026-08-29T17:08:20,1
54661120,2026-08-29T16:31:13,2026-08-29T16:31:13,1
54661126,2026-08-29T16:31:51,2026-08-29T16:31:51,1
54661142,2026-08-29T16:33:05,2026-08-29T16:33:05,1
54661144,2026-08-29T16:56:20,2026-08-29T16:56:20,1
54661149,2026-08-29T16:29:20,2026-08-29T16:29:20,1
54661170,2026-08-29T16:56:20,2026-08-29T16:56:20,1
54661247,2026-08-29T16:37:58,2026-08-29T16:37:58,1
54661252,2026-08-29T16:56:20,2026-08-29T16:56:20,1
54661266,2026-08-29T16:29:14,2026-08-29T16:29:14,1
54661276,2026-08-29T16:44:13,2026-08-29T16:44:13,1
54661277,2026-08-29T16:30:30,2026-08-29T16:30:30,1
54661301,2026-08-29T16:31:57,2026-08-29T16:31:57,1
54661337,2026-08-29T16:44:35,2026-08-29T16:44:35,1
54661463,2026-08-29T16:44:35,2026-08-29T16:44:35,1
54661537,2026-08-29T16:56:14,2026-08-29T16:56:14,1
54661589,2026-08-29T16:53:02,2026-08-29T16:53:02,1
54661624,2026-08-29T16:57:06,2026-08-29T16:57:06,1
54661625,2026-08-29T16:32:00,2026-08-29T16:32:00,1
54661645,2026-08-29T17:05:33,2026-08-29T17:05:33,1
54661655,2026-08-29T16:37:58,2026-08-29T16:37:58,1
54661656,2026-08-29T16:56:55,2026-08-29T16:56:55,1
54661674,2026-08-29T16:56:11,2026-08-29T16:56:11,1
54661712,2026-08-29T16:43:42,2026-08-29T16:43:42,1
54661713,2026-08-29T16:56:11,2026-08-29T16:56:11,1
54661727,2026-08-29T17:05:28,2026-08-29T17:05:28,1
54661728,2026-08-29T16:28:53,2026-08-29T16:28:53,1
54661762,2026-08-29T16:57:18,2026-08-29T16:57:18,1
54661763,2026-08-29T16:37:36,2026-08-29T16:37:36,1
54661808,2026-08-29T16:31:27,2026-08-29T16:31:27,1
54661809,2026-08-29T16:57:15,2026-08-29T16:57:15,1
54661810,2026-08-29T16:53:09,2026-08-29T16:53:09,1
54661875,2026-08-29T16:57:25,2026-08-29T16:57:25,1
54661900,2026-08-29T16:53:41,2026-08-29T16:53:41,1
54661901,2026-08-29T16:32:22,2026-08-29T16:32:22,1
54661917,2026-08-29T16:56:02,2026-08-29T16:56:02,1
54661925,2026-08-29T16:56:02,2026-08-29T16:56:02,1
54661940,2026-08-29T16:56:02,2026-08-29T16:56:02,1
54661944,2026-08-29T16:53:41,2026-08-29T16:53:41,1
54661968,2026-08-29T16:57:15,2026-08-29T16:57:15,1
54661984,2026-08-29T16:57:15,2026-08-29T16:57:15,1
54661986,2026-08-29T16:30:55,2026-08-29T16:30:55,1
54662008,2026-08-29T16:51:13,2026-08-29T16:51:13,1
54662015,2026-08-29T16:51:49,2026-08-29T16:51:49,1
54662032,2026-08-29T16:53:44,2026-08-29T16:53:44,1
54662034,2026-08-29T16:57:09,2026-08-29T16:57:09,1
54662076,2026-08-29T16:29:04,2026-08-29T16:29:04,1
54662077,2026-08-29T16:57:03,2026-08-29T16:57:03,1
54662078,2026-08-29T16:39:06,2026-08-29T16:39:06,1
54662095,2026-08-29T16:41:48,2026-08-29T16:41:48,1
54662144,2026-08-29T16:29:04,2026-08-29T16:29:04,1
54662146,2026-08-29T17:06:09,2026-08-29T17:06:09,1
54662160,2026-08-29T17:07:07,2026-08-29T17:07:07,1
54662162,2026-08-29T16:39:18,2026-08-29T16:39:18,1
54662166,2026-08-29T16:57:09,2026-08-29T16:57:09,1
54662172,2026-08-29T16:57:00,2026-08-29T16:57:00,1
54662179,2026-08-29T16:53:41,2026-08-29T16:53:41,1
54662185,2026-08-29T16:40:48,2026-08-29T16:40:48,1
54662186,2026-08-29T17:06:40,2026-08-29T17:06:40,1
54662187,2026-08-29T16:44:32,2026-08-29T16:44:32,1
54662221,2026-08-29T16:55:56,2026-08-29T16:55:56,1
54662228,2026-08-29T16:55:56,2026-08-29T16:55:56,1
54662231,2026-08-29T16:57:09,2026-08-29T16:57:09,1
54662302,2026-08-29T16:31:47,2026-08-29T16:31:47,1
54662304,2026-08-29T16:55:52,2026-08-29T16:55:52,1
54662309,2026-08-29T16:31:47,2026-08-29T16:31:47,1
54662310,2026-08-29T16:44:29,2026-08-29T16:44:29,1
54662311,2026-08-29T16:34:05,2026-08-29T16:34:05,1
54662322,2026-08-29T16:57:06,2026-08-29T16:57:06,1
54662324,2026-08-29T16:57:03,2026-08-29T16:57:03,1
54662329,2026-08-29T16:55:49,2026-08-29T16:55:49,1
54662334,2026-08-29T16:43:39,2026-08-29T16:43:39,1
54662351,2026-08-29T16:43:39,2026-08-29T16:43:39,1
54662367,2026-08-29T16:37:58,2026-08-29T16:37:58,1
54662380,2026-08-29T16:52:58,2026-08-29T16:52:58,1
54662407,2026-08-29T16:55:46,2026-08-29T16:55:46,1
54662450,2026-08-29T16:34:56,2026-08-29T16:34:56,1
54662462,2026-08-29T16:55:46,2026-08-29T16:55:46,1
54662482,2026-08-29T16:31:47,2026-08-29T16:31:47,1
54662494,2026-08-29T16:55:43,2026-08-29T16:55:43,1
54662502,2026-08-29T16:55:43,2026-08-29T16:55:43,1
54662512,2026-08-29T16:33:36,2026-08-29T16:33:36,1
54662514,2026-08-29T16:55:40,2026-08-29T16:55:40,1
54662537,2026-08-29T16:55:40,2026-08-29T16:55:40,1
54662543,2026-08-29T16:55:40,2026-08-29T16:55:40,1
54662546,2026-08-29T16:56:55,2026-08-29T16:56:55,1
54662565,2026-08-29T16:30:55,2026-08-29T16:30:55,1
54662569,2026-08-29T16:37:58,2026-08-29T16:37:58,1
54662572,2026-08-29T16:44:29,2026-08-29T16:44:29,1
54662575,2026-08-29T16:55:40,2026-08-29T16:55:40,1
54662583,2026-08-29T16:57:00,2026-08-29T16:57:00,1
54662597,2026-08-29T16:42:20,2026-08-29T16:42:20,1
54662604,2026-08-29T16:55:40,2026-08-29T16:55:40,1
54662612,2026-08-29T16:42:42,2026-08-29T16:42:42,1
54662613,2026-08-29T16:33:05,2026-08-29T16:33:05,1
54662616,2026-08-29T17:05:33,2026-08-29T17:05:33,1
54662640,2026-08-29T16:55:37,2026-08-29T16:55:37,1
54662654,2026-08-29T16:39:55,2026-08-29T16:39:55,1
54662659,2026-08-29T16:43:10,2026-08-29T16:43:10,1
54662712,2026-08-29T16:39:34,2026-08-29T16:39:34,1
54662732,2026-08-29T16:50:15,2026-08-29T16:50:15,1
54662749,2026-08-29T16:33:46,2026-08-29T16:33:46,1
54662798,2026-08-29T16:50:18,2026-08-29T16:50:18,1
54662819,2026-08-29T16:43:42,2026-08-29T16:43:42,1
54662822,2026-08-29T16:29:39,2026-08-29T16:29:39,1
54662831,2026-08-29T17:08:06,2026-08-29T17:08:06,1
54662832,2026-08-29T17:08:06,2026-08-29T17:08:06,1
54662833,2026-08-29T17:08:06,2026-08-29T17:08:06,1
54662834,2026-08-29T17:08:06,2026-08-29T17:08:06,1
54662835,2026-08-29T17:08:06,2026-08-29T17:08:06,1
54662836,2026-08-29T17:08:06,2026-08-29T17:08:06,1
54662837,2026-08-29T17:08:06,2026-08-29T17:08:06,1
54662838,2026-08-29T17:08:06,2026-08-29T17:08:06,1
54662840,2026-08-29T17:08:06,2026-08-29T17:08:06,1
54662841,2026-08-29T17:08:06,2026-08-29T17:08:06,1
54662842,2026-08-29T17:08:06,2026-08-29T17:08:06,1
54662851,2026-08-29T16:55:37,2026-08-29T16:55:37,1
54662852,2026-08-29T16:55:37,2026-08-29T16:55:37,1
54662867,2026-08-29T16:56:55,2026-08-29T16:56:55,1
54662869,2026-08-29T16:55:37,2026-08-29T16:55:37,1
54662878,2026-08-29T16:30:30,2026-08-29T16:30:30,1
54662885,2026-08-29T16:55:37,2026-08-29T16:55:37,1
54662886,2026-08-29T16:55:37,2026-08-29T16:55:37,1
54662887,2026-08-29T16:55:37,2026-08-29T16:55:37,1
54662891,2026-08-29T16:55:37,2026-08-29T16:55:37,1
54662899,2026-08-29T16:55:37,2026-08-29T16:55:37,1
54662900,2026-08-29T16:55:37,2026-08-29T16:55:37,1
54662901,2026-08-29T16:55:37,2026-08-29T16:55:37,1
54662906,2026-08-29T16:55:37,2026-08-29T16:55:37,1
54662909,2026-08-29T16:55:37,2026-08-29T16:55:37,1
54662910,2026-08-29T16:55:37,2026-08-29T16:55:37,1
54662911,2026-08-29T16:55:34,2026-08-29T16:55:34,1
54662919,2026-08-29T16:55:34,2026-08-29T16:55:34,1
54662920,2026-08-29T16:55:34,2026-08-29T16:55:34,1
54662922,2026-08-29T16:55:34,2026-08-29T16:55:34,1
54662923,2026-08-29T16:55:34,2026-08-29T16:55:34,1
54662924,2026-08-29T16:55:34,2026-08-29T16:55:34,1
54662926,2026-08-29T16:55:34,2026-08-29T16:55:34,1
54662928,2026-08-29T16:55:34,2026-08-29T16:55:34,1
54662929,2026-08-29T16:55:34,2026-08-29T16:55:34,1
54662930,2026-08-29T17:05:39,2026-08-29T17:05:39,1
54662931,2026-08-29T17:05:39,2026-08-29T17:05:39,1
54662933,2026-08-29T17:05:39,2026-08-29T17:05:39,1
54662934,2026-08-29T17:05:39,2026-08-29T17:05:39,1
54662935,2026-08-29T17:05:42,2026-08-29T17:05:42,1
54662937,2026-08-29T17:05:13,2026-08-29T17:05:13,1
54662955,2026-08-29T16:42:09,2026-08-29T16:42:09,1
54662957,2026-08-29T16:56:55,2026-08-29T16:56:55,1
54662971,2026-08-29T16:31:21,2026-08-29T16:31:21,1
54662985,2026-08-29T16:38:02,2026-08-29T16:38:02,1
54662999,2026-08-29T16:42:09,2026-08-29T16:42:09,1
54663008,2026-08-29T16:33:36,2026-08-29T16:33:36,1
54663059,2026-08-29T16:55:31,2026-08-29T16:55:31,1
54663062,2026-08-29T16:55:31,2026-08-29T16:55:31,1
54663068,2026-08-29T16:32:19,2026-08-29T16:32:19,1
54663080,2026-08-29T16:43:10,2026-08-29T16:43:10,1
54663113,2026-08-29T16:55:31,2026-08-29T16:55:31,1
54663114,2026-08-29T16:55:31,2026-08-29T16:55:31,1
54663115,2026-08-29T16:55:31,2026-08-29T16:55:31,1
54663116,2026-08-29T16:55:31,2026-08-29T16:55:31,1
54663117,2026-08-29T17:08:06,2026-08-29T17:08:06,1
54663120,2026-08-29T17:08:06,2026-08-29T17:08:06,1
54663122,2026-08-29T17:08:06,2026-08-29T17:08:06,1
54663123,2026-08-29T17:08:06,2026-08-29T17:08:06,1
54663124,2026-08-29T17:08:06,2026-08-29T17:08:06,1
54663126,2026-08-29T17:08:06,2026-08-29T17:08:06,1
54663127,2026-08-29T17:08:06,2026-08-29T17:08:06,1
54663130,2026-08-29T17:08:06,2026-08-29T17:08:06,1
54663132,2026-08-29T17:08:02,2026-08-29T17:08:02,1
54663133,2026-08-29T17:08:02,2026-08-29T17:08:02,1
54663134,2026-08-29T17:08:02,2026-08-29T17:08:02,1
54663135,2026-08-29T17:08:02,2026-08-29T17:08:02,1
54663136,2026-08-29T17:08:02,2026-08-29T17:08:02,1
54663137,2026-08-29T17:08:02,2026-08-29T17:08:02,1
54663139,2026-08-29T17:08:02,2026-08-29T17:08:02,1
54663140,2026-08-29T17:08:02,2026-08-29T17:08:02,1
54663145,2026-08-29T17:08:02,2026-08-29T17:08:02,1
54663146,2026-08-29T17:08:02,2026-08-29T17:08:02,1
54663149,2026-08-29T17:08:02,2026-08-29T17:08:02,1
54663152,2026-08-29T16:55:31,2026-08-29T16:55:31,1
54663154,2026-08-29T16:55:31,2026-08-29T16:55:31,1
54663155,2026-08-29T17:08:02,2026-08-29T17:08:02,1
54663156,2026-08-29T17:08:02,2026-08-29T17:08:02,1
54663157,2026-08-29T16:55:31,2026-08-29T16:55:31,1
54663159,2026-08-29T16:55:31,2026-08-29T16:55:31,1
54663192,2026-08-29T16:30:55,2026-08-29T16:30:55,1
54663202,2026-08-29T16:57:09,2026-08-29T16:57:09,1
54663203,2026-08-29T16:57:03,2026-08-29T16:57:03,1
54663213,2026-08-29T16:55:31,2026-08-29T16:55:31,1
54663229,2026-08-29T16:33:27,2026-08-29T16:33:27,1
54663237,2026-08-29T16:55:31,2026-08-29T16:55:31,1
54663238,2026-08-29T16:31:44,2026-08-29T16:31:44,1
54663240,2026-08-29T16:56:55,2026-08-29T16:56:55,1
54663247,2026-08-29T17:08:02,2026-08-29T17:08:02,1
54663250,2026-08-29T16:55:31,2026-08-29T16:55:31,1
54663312,2026-08-29T16:42:42,2026-08-29T16:42:42,1
54663324,2026-08-29T16:55:28,2026-08-29T16:55:28,1
54663335,2026-08-29T16:55:28,2026-08-29T16:55:28,1
54663365,2026-08-29T17:08:02,2026-08-29T17:08:02,1
54663409,2026-08-29T17:06:32,2026-08-29T17:06:32,1
54663423,2026-08-29T16:55:28,2026-08-29T16:55:28,1
54663428,2026-08-29T16:55:28,2026-08-29T16:55:28,1
54663434,2026-08-29T16:57:21,2026-08-29T16:57:21,1
54663437,2026-08-29T16:55:28,2026-08-29T16:55:28,1
54663440,2026-08-29T16:57:21,2026-08-29T16:57:21,1
54663443,2026-08-29T16:57:00,2026-08-29T16:57:00,1
54663446,2026-08-29T16:55:25,2026-08-29T16:55:25,1
54663475,2026-08-29T17:06:32,2026-08-29T17:06:32,1
54663605,2026-08-29T16:38:24,2026-08-29T16:38:24,1
54663607,2026-08-29T16:52:48,2026-08-29T16:52:48,1
54663621,2026-08-29T16:29:11,2026-08-29T16:29:11,1
54663635,2026-08-29T16:55:25,2026-08-29T16:55:25,1
54663662,2026-08-29T17:06:18,2026-08-29T17:06:18,1
54663725,2026-08-29T16:42:53,2026-08-29T16:42:53,1
54663729,2026-08-29T16:56:55,2026-08-29T16:56:55,1
54663744,2026-08-29T16:56:55,2026-08-29T16:56:55,1
54663754,2026-08-29T16:56:55,2026-08-29T16:56:55,1
54663762,2026-08-29T16:56:55,2026-08-29T16:56:55,1
54663837,2026-08-29T16:55:22,2026-08-29T16:55:22,1
54663868,2026-08-29T16:55:22,2026-08-29T16:55:22,1
54663872,2026-08-29T16:42:49,2026-08-29T16:42:49,1
54663873,2026-08-29T16:39:10,2026-08-29T16:39:10,1
54663976,2026-08-29T16:29:14,2026-08-29T16:29:14,1
54663983,2026-08-29T16:29:14,2026-08-29T16:29:14,1
54664010,2026-08-29T17:08:02,2026-08-29T17:08:02,1
54664023,2026-08-29T17:07:35,2026-08-29T17:07:35,1
54664046,2026-08-29T16:57:00,2026-08-29T16:57:00,1
54664049,2026-08-29T16:55:15,2026-08-29T16:55:15,1
54664052,2026-08-29T16:55:15,2026-08-29T16:55:15,1
54664055,2026-08-29T16:55:15,2026-08-29T16:55:15,1
54664058,2026-08-29T16:55:15,2026-08-29T16:55:15,1
54664061,2026-08-29T16:55:15,2026-08-29T16:55:15,1
54664064,2026-08-29T16:55:15,2026-08-29T16:55:15,1
54664067,2026-08-29T16:55:15,2026-08-29T16:55:15,1
54664072,2026-08-29T16:55:15,2026-08-29T16:55:15,1
54664075,2026-08-29T16:55:15,2026-08-29T16:55:15,1
54664078,2026-08-29T16:55:15,2026-08-29T16:55:15,1
54664081,2026-08-29T16:55:15,2026-08-29T16:55:15,1
54664098,2026-08-29T16:55:15,2026-08-29T16:55:15,1
54664153,2026-08-29T16:57:25,2026-08-29T16:57:25,1
54664203,2026-08-29T16:37:36,2026-08-29T16:37:36,1
54664212,2026-08-29T16:55:15,2026-08-29T16:55:15,1
54664298,2026-08-29T16:56:52,2026-08-29T16:56:52,1
54664299,2026-08-29T16:47:03,2026-08-29T16:47:03,1
54664412,2026-08-29T16:55:09,2026-08-29T16:55:09,1
54664504,2026-08-29T16:55:09,2026-08-29T16:55:09,1
54664513,2026-08-29T16:31:27,2026-08-29T16:31:27,1
54664515,2026-08-29T16:55:06,2026-08-29T16:55:06,1
54664525,2026-08-29T16:56:52,2026-08-29T16:56:52,1
54664542,2026-08-29T16:53:09,2026-08-29T16:53:09,1
54664557,2026-08-29T16:56:52,2026-08-29T16:56:52,1
54664565,2026-08-29T17:07:59,2026-08-29T17:07:59,1
54664568,2026-08-29T16:56:52,2026-08-29T16:56:52,1
54664599,2026-08-29T16:57:18,2026-08-29T16:57:18,1
54664603,2026-08-29T16:57:00,2026-08-29T16:57:00,1
54664638,2026-08-29T16:57:25,2026-08-29T16:57:25,1
54664655,2026-08-29T16:31:17,2026-08-29T16:31:17,1
54664704,2026-08-29T16:29:48,2026-08-29T16:29:48,1
54664794,2026-08-29T16:31:30,2026-08-29T16:31:30,1
54664796,2026-08-29T16:42:24,2026-08-29T16:42:24,1
54664800,2026-08-29T16:54:55,2026-08-29T16:54:55,1
54664805,2026-08-29T16:31:27,2026-08-29T16:31:27,1
54664851,2026-08-29T16:54:55,2026-08-29T16:54:55,1
54664852,2026-08-29T16:54:55,2026-08-29T16:54:55,1
54664855,2026-08-29T16:54:55,2026-08-29T16:54:55,1
54664856,2026-08-29T16:54:55,2026-08-29T16:54:55,1
54664858,2026-08-29T16:54:55,2026-08-29T16:54:55,1
54664870,2026-08-29T16:54:51,2026-08-29T16:54:51,1
54664880,2026-08-29T16:54:51,2026-08-29T16:54:51,1
54664918,2026-08-29T16:54:51,2026-08-29T16:54:51,1
54664940,2026-08-29T16:54:51,2026-08-29T16:54:51,1
54664954,2026-08-29T16:54:51,2026-08-29T16:54:51,1
54664959,2026-08-29T16:54:51,2026-08-29T16:54:51,1
54664960,2026-08-29T16:54:51,2026-08-29T16:54:51,1
54664969,2026-08-29T16:56:52,2026-08-29T16:56:52,1
54664996,2026-08-29T16:54:51,2026-08-29T16:54:51,1
54664997,2026-08-29T16:54:51,2026-08-29T16:54:51,1
54664998,2026-08-29T16:54:51,2026-08-29T16:54:51,1
54664999,2026-08-29T16:54:51,2026-08-29T16:54:51,1
54665001,2026-08-29T16:54:51,2026-08-29T16:54:51,1
54665004,2026-08-29T16:54:51,2026-08-29T16:54:51,1
54665008,2026-08-29T16:54:51,2026-08-29T16:54:51,1
54665041,2026-08-29T16:54:51,2026-08-29T16:54:51,1
54665042,2026-08-29T16:54:51,2026-08-29T16:54:51,1
54665079,2026-08-29T16:56:52,2026-08-29T16:56:52,1
54665233,2026-08-29T16:34:19,2026-08-29T16:34:19,1
54665253,2026-08-29T16:56:52,2026-08-29T16:56:52,1
54665290,2026-08-29T16:56:52,2026-08-29T16:56:52,1
54665313,2026-08-29T16:54:48,2026-08-29T16:54:48,1
54665315,2026-08-29T16:54:48,2026-08-29T16:54:48,1
54665455,2026-08-29T16:54:48,2026-08-29T16:54:48,1
54665607,2026-08-29T16:54:45,2026-08-29T16:54:45,1
54665701,2026-08-29T16:57:09,2026-08-29T16:57:09,1
54665876,2026-08-29T16:54:45,2026-08-29T16:54:45,1
54665889,2026-08-29T17:05:25,2026-08-29T17:05:25,1
54665917,2026-08-29T17:05:57,2026-08-29T17:05:57,1
54665951,2026-08-29T16:53:28,2026-08-29T16:53:28,1
54665974,2026-08-29T17:05:25,2026-08-29T17:05:25,1
54666004,2026-08-29T16:38:10,2026-08-29T16:38:10,1
54666014,2026-08-29T16:40:54,2026-08-29T16:40:54,1
54666023,2026-08-29T16:48:34,2026-08-29T16:48:34,1
54666036,2026-08-29T16:33:43,2026-08-29T16:33:43,1
54666069,2026-08-29T16:43:10,2026-08-29T16:43:10,1
54666079,2026-08-29T16:43:10,2026-08-29T16:43:10,1
54666160,2026-08-29T16:45:09,2026-08-29T16:45:09,1
54666212,2026-08-29T16:52:48,2026-08-29T16:52:48,1
54666228,2026-08-29T16:54:14,2026-08-29T16:54:14,1
54666254,2026-08-29T16:38:28,2026-08-29T16:38:28,1
54666305,2026-08-29T16:52:16,2026-08-29T16:52:16,1
54666311,2026-08-29T16:41:43,2026-08-29T16:41:43,1
54666314,2026-08-29T16:52:16,2026-08-29T16:52:16,1
54666315,2026-08-29T16:52:16,2026-08-29T16:52:16,1
54666316,2026-08-29T16:52:16,2026-08-29T16:52:16,1
54666317,2026-08-29T16:52:16,2026-08-29T16:52:16,1
54666318,2026-08-29T16:52:16,2026-08-29T16:52:16,1
54666319,2026-08-29T16:52:16,2026-08-29T16:52:16,1
54666320,2026-08-29T16:52:16,2026-08-29T16:52:16,1
54666331,2026-08-29T16:41:48,2026-08-29T16:41:48,1
54666332,2026-08-29T16:41:43,2026-08-29T16:41:43,1
54666333,2026-08-29T16:41:48,2026-08-29T16:41:48,1
54666335,2026-08-29T16:41:48,2026-08-29T16:41:48,1
54666436,2026-08-29T16:52:13,2026-08-29T16:52:13,1
54666462,2026-08-29T16:40:48,2026-08-29T16:40:48,1
54666501,2026-08-29T16:52:13,2026-08-29T16:52:13,1
54666507,2026-08-29T16:54:11,2026-08-29T16:54:11,1
54666536,2026-08-29T16:52:13,2026-08-29T16:52:13,1
54666707,2026-08-29T16:54:14,2026-08-29T16:54:14,1
54666790,2026-08-29T16:54:38,2026-08-29T16:54:38,1
54666791,2026-08-29T16:54:38,2026-08-29T16:54:38,1
54666792,2026-08-29T16:54:38,2026-08-29T16:54:38,1
54666793,2026-08-29T16:54:38,2026-08-29T16:54:38,1
54666794,2026-08-29T16:54:38,2026-08-29T16:54:38,1
54666801,2026-08-29T16:41:52,2026-08-29T16:41:52,1
54666838,2026-08-29T16:41:18,2026-08-29T16:41:18,1
54666843,2026-08-29T16:54:38,2026-08-29T16:54:38,1
54666846,2026-08-29T16:41:18,2026-08-29T16:41:18,1
54666848,2026-08-29T16:41:18,2026-08-29T16:41:18,1
54666855,2026-08-29T16:41:35,2026-08-29T16:41:35,1
54666857,2026-08-29T16:41:18,2026-08-29T16:41:18,1
54666859,2026-08-29T16:41:22,2026-08-29T16:41:22,1
54666897,2026-08-29T17:06:12,2026-08-29T17:06:12,1
54666919,2026-08-29T16:54:08,2026-08-29T16:54:08,1
54666945,2026-08-29T16:30:41,2026-08-29T16:30:41,1
54667062,2026-08-29T16:54:38,2026-08-29T16:54:38,1
54667064,2026-08-29T16:54:38,2026-08-29T16:54:38,1
54667068,2026-08-29T16:54:38,2026-08-29T16:54:38,1
54667070,2026-08-29T16:54:38,2026-08-29T16:54:38,1
54667078,2026-08-29T16:41:52,2026-08-29T16:41:52,1
54667155,2026-08-29T16:39:06,2026-08-29T16:39:06,1
54667183,2026-08-29T16:54:14,2026-08-29T16:54:14,1
54667199,2026-08-29T16:33:05,2026-08-29T16:33:05,1
54667200,2026-08-29T16:38:59,2026-08-29T16:38:59,1
54667212,2026-08-29T16:42:09,2026-08-29T16:42:09,1
54667215,2026-08-29T16:52:05,2026-08-29T16:52:05,1
54667216,2026-08-29T16:53:09,2026-08-29T16:53:09,1
54667221,2026-08-29T16:40:54,2026-08-29T16:40:54,1
54667258,2026-08-29T16:41:27,2026-08-29T16:41:27,1
54667274,2026-08-29T16:39:26,2026-08-29T16:39:26,1
54667276,2026-08-29T16:41:30,2026-08-29T16:41:30,1
54667306,2026-08-29T16:41:27,2026-08-29T16:41:27,1
54667317,2026-08-29T16:35:31,2026-08-29T16:35:31,1
54667323,2026-08-29T17:05:16,2026-08-29T17:05:16,1
54667353,2026-08-29T16:40:54,2026-08-29T16:40:54,1
54667372,2026-08-29T16:40:54,2026-08-29T16:40:54,1
54667379,2026-08-29T17:07:32,2026-08-29T17:07:32,1
54667384,2026-08-29T16:40:54,2026-08-29T16:40:54,1
54667417,2026-08-29T17:06:26,2026-08-29T17:06:26,1
54667437,2026-08-29T17:06:26,2026-08-29T17:06:26,1
54667469,2026-08-29T16:52:05,2026-08-29T16:52:05,1
54667593,2026-08-29T16:52:52,2026-08-29T16:52:52,1
54667601,2026-08-29T16:37:02,2026-08-29T16:37:02,1
54667650,2026-08-29T16:30:52,2026-08-29T16:30:52,1
54667652,2026-08-29T17:07:49,2026-08-29T17:07:49,1
54667670,2026-08-29T16:52:02,2026-08-29T16:52:02,1
54667671,2026-08-29T16:52:02,2026-08-29T16:52:02,1
54667683,2026-08-29T16:38:02,2026-08-29T16:38:02,1
54667689,2026-08-29T17:07:25,2026-08-29T17:07:25,1
54667690,2026-08-29T16:42:29,2026-08-29T16:42:29,1
54667691,2026-08-29T16:52:36,2026-08-29T16:52:36,1
54667692,2026-08-29T16:42:29,2026-08-29T16:42:29,1
54667694,2026-08-29T16:42:24,2026-08-29T16:42:24,1
54667711,2026-08-29T16:30:52,2026-08-29T16:30:52,1
54667717,2026-08-29T16:52:02,2026-08-29T16:52:02,1
54667725,2026-08-29T16:42:24,2026-08-29T16:42:24,1
54667730,2026-08-29T16:40:40,2026-08-29T16:40:40,1
54667742,2026-08-29T16:40:16,2026-08-29T16:40:16,1
54667746,2026-08-29T16:40:48,2026-08-29T16:40:48,1
54667812,2026-08-29T16:51:58,2026-08-29T16:51:58,1
54667890,2026-08-29T16:51:58,2026-08-29T16:51:58,1
54667895,2026-08-29T16:54:08,2026-08-29T16:54:08,1
54667896,2026-08-29T16:54:08,2026-08-29T16:54:08,1
54667897,2026-08-29T16:52:52,2026-08-29T16:52:52,1
54667903,2026-08-29T16:38:44,2026-08-29T16:38:44,1
54667927,2026-08-29T16:39:03,2026-08-29T16:39:03,1
54667967,2026-08-29T16:38:44,2026-08-29T16:38:44,1
54667982,2026-08-29T16:31:09,2026-08-29T16:31:09,1
54667987,2026-08-29T17:05:54,2026-08-29T17:05:54,1
54667990,2026-08-29T16:52:58,2026-08-29T16:52:58,1
54667991,2026-08-29T16:51:55,2026-08-29T16:51:55,1
54667997,2026-08-29T16:37:43,2026-08-29T16:37:43,1
54668037,2026-08-29T17:07:25,2026-08-29T17:07:25,1
54668038,2026-08-29T17:05:51,2026-08-29T17:05:51,1
54668040,2026-08-29T17:07:25,2026-08-29T17:07:25,1
54668048,2026-08-29T16:37:39,2026-08-29T16:37:39,1
54668052,2026-08-29T16:52:48,2026-08-29T16:52:48,1
54668098,2026-08-29T16:37:36,2026-08-29T16:37:36,1
54668101,2026-08-29T16:39:26,2026-08-29T16:39:26,1
54668112,2026-08-29T16:53:28,2026-08-29T16:53:28,1
54668114,2026-08-29T16:35:47,2026-08-29T16:35:47,1
54668116,2026-08-29T16:53:28,2026-08-29T16:53:28,1
54668117,2026-08-29T16:51:55,2026-08-29T16:51:55,1
54668121,2026-08-29T16:51:55,2026-08-29T16:51:55,1
54668127,2026-08-29T17:05:16,2026-08-29T17:05:16,1
54668129,2026-08-29T16:38:44,2026-08-29T16:38:44,1
54668156,2026-08-29T16:51:55,2026-08-29T16:51:55,1
54668170,2026-08-29T16:37:51,2026-08-29T16:37:51,1
54668172,2026-08-29T16:37:36,2026-08-29T16:37:36,1
54668201,2026-08-29T16:38:55,2026-08-29T16:38:55,1
54668202,2026-08-29T16:37:47,2026-08-29T16:37:47,1
54668226,2026-08-29T16:38:14,2026-08-29T16:38:14,1
54668233,2026-08-29T16:52:48,2026-08-29T16:52:48,1
54668264,2026-08-29T16:53:25,2026-08-29T16:53:25,1
54668270,2026-08-29T16:38:20,2026-08-29T16:38:20,1
54668282,2026-08-29T16:31:09,2026-08-29T16:31:09,1
54668295,2026-08-29T16:37:36,2026-08-29T16:37:36,1
54668296,2026-08-29T16:32:38,2026-08-29T16:32:38,1
54668302,2026-08-29T16:51:52,2026-08-29T16:51:52,1
54668344,2026-08-29T17:05:54,2026-08-29T17:05:54,1
54668352,2026-08-29T17:07:32,2026-08-29T17:07:32,1
54668413,2026-08-29T16:37:47,2026-08-29T16:37:47,1
54668416,2026-08-29T16:35:35,2026-08-29T16:35:35,1
54668478,2026-08-29T17:05:54,2026-08-29T17:05:54,1
54668488,2026-08-29T16:53:05,2026-08-29T16:53:05,1
54668537,2026-08-29T16:35:35,2026-08-29T16:35:35,1
54668544,2026-08-29T16:52:48,2026-08-29T16:52:48,1
54668545,2026-08-29T16:31:09,2026-08-29T16:31:09,1
54668563,2026-08-29T17:07:25,2026-08-29T17:07:25,1
54668572,2026-08-29T17:07:25,2026-08-29T17:07:25,1
54668597,2026-08-29T16:41:30,2026-08-29T16:41:30,1
54668601,2026-08-29T16:54:02,2026-08-29T16:54:02,1
54668634,2026-08-29T16:51:49,2026-08-29T16:51:49,1
54668652,2026-08-29T16:51:49,2026-08-29T16:51:49,1
54668655,2026-08-29T16:51:46,2026-08-29T16:51:46,1
54668656,2026-08-29T16:52:55,2026-08-29T16:52:55,1
54668672,2026-08-29T16:37:32,2026-08-29T16:37:32,1
54668691,2026-08-29T16:51:49,2026-08-29T16:51:49,1
54668705,2026-08-29T17:05:54,2026-08-29T17:05:54,1
54668801,2026-08-29T16:51:46,2026-08-29T16:51:46,1
54668880,2026-08-29T16:52:45,2026-08-29T16:52:45,1
54668891,2026-08-29T17:06:12,2026-08-29T17:06:12,1
54668905,2026-08-29T16:51:39,2026-08-29T16:51:39,1
54668953,2026-08-29T16:51:39,2026-08-29T16:51:39,1
54668966,2026-08-29T16:51:39,2026-08-29T16:51:39,1
54669045,2026-08-29T16:51:35,2026-08-29T16:51:35,1
54669060,2026-08-29T16:51:35,2026-08-29T16:51:35,1
54669126,2026-08-29T17:05:57,2026-08-29T17:05:57,1
54669128,2026-08-29T16:52:52,2026-08-29T16:52:52,1
54669140,2026-08-29T16:52:25,2026-08-29T16:52:25,1
54669199,2026-08-29T17:07:49,2026-08-29T17:07:49,1
54669249,2026-08-29T16:53:25,2026-08-29T16:53:25,1
54669267,2026-08-29T16:52:45,2026-08-29T16:52:45,1
54669448,2026-08-29T16:41:52,2026-08-29T16:41:52,1
54669485,2026-08-29T16:51:20,2026-08-29T16:51:20,1
54669502,2026-08-29T16:37:02,2026-08-29T16:37:02,1
54669503,2026-08-29T16:37:02,2026-08-29T16:37:02,1
54669512,2026-08-29T16:41:35,2026-08-29T16:41:35,1
54669520,2026-08-29T16:30:52,2026-08-29T16:30:52,1
54669527,2026-08-29T16:51:20,2026-08-29T16:51:20,1
54669528,2026-08-29T16:51:20,2026-08-29T16:51:20,1
54669531,2026-08-29T16:41:57,2026-08-29T16:41:57,1
54669557,2026-08-29T16:53:28,2026-08-29T16:53:28,1
54669562,2026-08-29T17:07:22,2026-08-29T17:07:22,1
54669594,2026-08-29T16:52:42,2026-08-29T16:52:42,1
54669605,2026-08-29T16:54:42,2026-08-29T16:54:42,1
54669641,2026-08-29T17:06:00,2026-08-29T17:06:00,1
54669651,2026-08-29T16:53:56,2026-08-29T16:53:56,1
54669652,2026-08-29T16:51:16,2026-08-29T16:51:16,1
54669658,2026-08-29T16:53:25,2026-08-29T16:53:25,1
54669666,2026-08-29T16:53:56,2026-08-29T16:53:56,1
54669692,2026-08-29T16:52:42,2026-08-29T16:52:42,1
54669695,2026-08-29T17:07:56,2026-08-29T17:07:56,1
54669711,2026-08-29T16:51:13,2026-08-29T16:51:13,1
54669714,2026-08-29T16:51:13,2026-08-29T16:51:13,1
54669738,2026-08-29T17:05:16,2026-08-29T17:05:16,1
54669767,2026-08-29T16:30:49,2026-08-29T16:30:49,1
54669775,2026-08-29T16:31:05,2026-08-29T16:31:05,1
54669791,2026-08-29T16:43:23,2026-08-29T16:43:23,1
54669792,2026-08-29T16:51:06,2026-08-29T16:51:06,1
54669795,2026-08-29T16:54:14,2026-08-29T16:54:14,1
54669799,2026-08-29T16:38:10,2026-08-29T16:38:10,1
54669800,2026-08-29T16:39:18,2026-08-29T16:39:18,1
54669802,2026-08-29T16:51:06,2026-08-29T16:51:06,1
54669814,2026-08-29T16:41:43,2026-08-29T16:41:43,1
54669833,2026-08-29T16:51:03,2026-08-29T16:51:03,1
54669834,2026-08-29T16:54:14,2026-08-29T16:54:14,1
54669853,2026-08-29T16:51:03,2026-08-29T16:51:03,1
54669870,2026-08-29T16:53:05,2026-08-29T16:53:05,1
54669873,2026-08-29T16:51:03,2026-08-29T16:51:03,1
54669875,2026-08-29T16:51:03,2026-08-29T16:51:03,1
54669881,2026-08-29T16:51:00,2026-08-29T16:51:00,1
54669892,2026-08-29T16:32:47,2026-08-29T16:32:47,1
54669898,2026-08-29T16:36:14,2026-08-29T16:36:14,1
54669901,2026-08-29T16:51:00,2026-08-29T16:51:00,1
54669920,2026-08-29T16:51:00,2026-08-29T16:51:00,1
54669929,2026-08-29T16:41:18,2026-08-29T16:41:18,1
54669932,2026-08-29T16:50:57,2026-08-29T16:50:57,1
54669963,2026-08-29T16:31:17,2026-08-29T16:31:17,1
54669978,2026-08-29T16:53:56,2026-08-29T16:53:56,1
54670009,2026-08-29T16:39:46,2026-08-29T16:39:46,1
54670022,2026-08-29T16:42:35,2026-08-29T16:42:35,1
54670023,2026-08-29T16:36:47,2026-08-29T16:36:47,1
54670040,2026-08-29T16:50:54,2026-08-29T16:50:54,1
54670041,2026-08-29T16:39:46,2026-08-29T16:39:46,1
54670075,2026-08-29T16:50:54,2026-08-29T16:50:54,1
54670076,2026-08-29T17:07:07,2026-08-29T17:07:07,1
54670077,2026-08-29T16:38:44,2026-08-29T16:38:44,1
54670080,2026-08-29T16:52:42,2026-08-29T16:52:42,1
54670087,2026-08-29T16:50:51,2026-08-29T16:50:51,1
54670092,2026-08-29T16:50:51,2026-08-29T16:50:51,1
54670100,2026-08-29T16:50:51,2026-08-29T16:50:51,1
54670113,2026-08-29T16:39:42,2026-08-29T16:39:42,1
54670114,2026-08-29T16:34:50,2026-08-29T16:34:50,1
54670119,2026-08-29T16:50:47,2026-08-29T16:50:47,1
54670134,2026-08-29T16:39:10,2026-08-29T16:39:10,1
54670162,2026-08-29T16:50:44,2026-08-29T16:50:44,1
54670170,2026-08-29T16:52:42,2026-08-29T16:52:42,1
54670175,2026-08-29T16:50:44,2026-08-29T16:50:44,1
54670176,2026-08-29T16:50:44,2026-08-29T16:50:44,1
54670182,2026-08-29T16:50:44,2026-08-29T16:50:44,1
54670190,2026-08-29T16:50:44,2026-08-29T16:50:44,1
54670195,2026-08-29T16:52:58,2026-08-29T16:52:58,1
54670196,2026-08-29T16:50:44,2026-08-29T16:50:44,1
54670201,2026-08-29T16:50:44,2026-08-29T16:50:44,1
54670217,2026-08-29T16:39:10,2026-08-29T16:39:10,1
54670219,2026-08-29T17:07:39,2026-08-29T17:07:39,1
54670221,2026-08-29T16:39:18,2026-08-29T16:39:18,1
54670258,2026-08-29T16:50:41,2026-08-29T16:50:41,1
54670261,2026-08-29T16:30:15,2026-08-29T16:30:15,1
54670265,2026-08-29T16:39:14,2026-08-29T16:39:14,1
54670278,2026-08-29T16:52:42,2026-08-29T16:52:42,1
54670287,2026-08-29T16:41:06,2026-08-29T16:41:06,1
54670293,2026-08-29T16:38:44,2026-08-29T16:38:44,1
54670320,2026-08-29T16:38:40,2026-08-29T16:38:40,1
54670323,2026-08-29T16:34:22,2026-08-29T16:34:22,1
54670330,2026-08-29T16:50:38,2026-08-29T16:50:38,1
54670343,2026-08-29T16:37:10,2026-08-29T16:37:10,1
54670357,2026-08-29T16:50:38,2026-08-29T16:50:38,1
54670358,2026-08-29T16:37:10,2026-08-29T16:37:10,1
54670366,2026-08-29T16:38:40,2026-08-29T16:38:40,1
54670376,2026-08-29T16:37:10,2026-08-29T16:37:10,1
54670389,2026-08-29T16:30:15,2026-08-29T16:30:15,1
54670406,2026-08-29T16:36:51,2026-08-29T16:36:51,1
54670408,2026-08-29T16:52:42,2026-08-29T16:52:42,1
54670412,2026-08-29T16:50:35,2026-08-29T16:50:35,1
54670417,2026-08-29T16:50:35,2026-08-29T16:50:35,1
54670418,2026-08-29T16:50:35,2026-08-29T16:50:35,1
54670423,2026-08-29T16:50:35,2026-08-29T16:50:35,1
54670425,2026-08-29T16:50:35,2026-08-29T16:50:35,1
54670427,2026-08-29T16:50:35,2026-08-29T16:50:35,1
54670433,2026-08-29T16:50:35,2026-08-29T16:50:35,1
54670440,2026-08-29T16:50:35,2026-08-29T16:50:35,1
54670444,2026-08-29T16:50:35,2026-08-29T16:50:35,1
54670446,2026-08-29T16:50:35,2026-08-29T16:50:35,1
54670448,2026-08-29T16:50:35,2026-08-29T16:50:35,1
54670451,2026-08-29T16:50:35,2026-08-29T16:50:35,1
54670454,2026-08-29T16:50:35,2026-08-29T16:50:35,1
54670457,2026-08-29T17:07:04,2026-08-29T17:07:04,1
54670459,2026-08-29T16:50:35,2026-08-29T16:50:35,1
54670460,2026-08-29T16:52:42,2026-08-29T16:52:42,1
54670463,2026-08-29T16:50:35,2026-08-29T16:50:35,1
54670465,2026-08-29T16:50:35,2026-08-29T16:50:35,1
54670468,2026-08-29T16:50:35,2026-08-29T16:50:35,1
54670470,2026-08-29T16:50:35,2026-08-29T16:50:35,1
54670471,2026-08-29T16:50:35,2026-08-29T16:50:35,1
54670473,2026-08-29T16:50:35,2026-08-29T16:50:35,1
54670476,2026-08-29T16:50:35,2026-08-29T16:50:35,1
54670479,2026-08-29T16:50:31,2026-08-29T16:50:31,1
54670484,2026-08-29T16:50:31,2026-08-29T16:50:31,1
54670485,2026-08-29T16:50:31,2026-08-29T16:50:31,1
54670487,2026-08-29T16:50:31,2026-08-29T16:50:31,1
54670490,2026-08-29T16:50:31,2026-08-29T16:50:31,1
54670491,2026-08-29T16:50:31,2026-08-29T16:50:31,1
54670494,2026-08-29T16:54:42,2026-08-29T16:54:42,1
54670495,2026-08-29T16:50:31,2026-08-29T16:50:31,1
54670496,2026-08-29T16:50:31,2026-08-29T16:50:31,1
54670499,2026-08-29T16:50:31,2026-08-29T16:50:31,1
54670509,2026-08-29T16:50:31,2026-08-29T16:50:31,1
54670511,2026-08-29T16:50:31,2026-08-29T16:50:31,1
54670512,2026-08-29T16:53:09,2026-08-29T16:53:09,1
54670513,2026-08-29T16:50:31,2026-08-29T16:50:31,1
54670516,2026-08-29T16:50:31,2026-08-29T16:50:31,1
54670517,2026-08-29T16:50:31,2026-08-29T16:50:31,1
54670518,2026-08-29T16:50:31,2026-08-29T16:50:31,1
54670521,2026-08-29T16:50:31,2026-08-29T16:50:31,1
54670522,2026-08-29T16:50:31,2026-08-29T16:50:31,1
54670527,2026-08-29T16:50:31,2026-08-29T16:50:31,1
54670531,2026-08-29T16:50:31,2026-08-29T16:50:31,1
54670532,2026-08-29T16:50:31,2026-08-29T16:50:31,1
54670533,2026-08-29T16:50:31,2026-08-29T16:50:31,1
54670534,2026-08-29T16:50:31,2026-08-29T16:50:31,1
54670536,2026-08-29T16:30:15,2026-08-29T16:30:15,1
54670537,2026-08-29T16:50:28,2026-08-29T16:50:28,1
54670539,2026-08-29T16:50:28,2026-08-29T16:50:28,1
54670542,2026-08-29T16:50:28,2026-08-29T16:50:28,1
54670544,2026-08-29T16:50:28,2026-08-29T16:50:28,1
54670545,2026-08-29T16:50:28,2026-08-29T16:50:28,1
54670546,2026-08-29T16:50:28,2026-08-29T16:50:28,1
54670553,2026-08-29T16:53:28,2026-08-29T16:53:28,1
54670559,2026-08-29T16:52:42,2026-08-29T16:52:42,1
54670656,2026-08-29T17:05:42,2026-08-29T17:05:42,1
54670657,2026-08-29T17:06:12,2026-08-29T17:06:12,1
54670728,2026-08-29T17:06:03,2026-08-29T17:06:03,1
54670750,2026-08-29T17:07:39,2026-08-29T17:07:39,1
54670807,2026-08-29T16:37:02,2026-08-29T16:37:02,1
54670812,2026-08-29T16:52:42,2026-08-29T16:52:42,1
54670909,2026-08-29T16:49:44,2026-08-29T16:49:44,1
54670915,2026-08-29T16:54:14,2026-08-29T16:54:14,1
54671127,2026-08-29T16:49:36,2026-08-29T16:49:36,1
54671129,2026-08-29T17:06:03,2026-08-29T17:06:03,1
54671143,2026-08-29T16:41:14,2026-08-29T16:41:14,1
54671203,2026-08-29T16:37:43,2026-08-29T16:37:43,1
54671213,2026-08-29T17:07:32,2026-08-29T17:07:32,1
54671217,2026-08-29T17:07:32,2026-08-29T17:07:32,1
54671222,2026-08-29T17:06:12,2026-08-29T17:06:12,1
54671224,2026-08-29T17:06:29,2026-08-29T17:06:29,1
54671228,2026-08-29T16:49:33,2026-08-29T16:49:33,1
54671233,2026-08-29T17:07:49,2026-08-29T17:07:49,1
54671243,2026-08-29T17:07:39,2026-08-29T17:07:39,1
54671249,2026-08-29T17:07:49,2026-08-29T17:07:49,1
54671278,2026-08-29T16:52:42,2026-08-29T16:52:42,1
54671284,2026-08-29T16:30:52,2026-08-29T16:30:52,1
54671290,2026-08-29T16:52:55,2026-08-29T16:52:55,1
54671332,2026-08-29T16:29:35,2026-08-29T16:29:35,1
54671403,2026-08-29T17:06:58,2026-08-29T17:06:58,1
54671409,2026-08-29T16:35:43,2026-08-29T16:35:43,1
54671417,2026-08-29T16:35:39,2026-08-29T16:35:39,1
54671422,2026-08-29T16:35:35,2026-08-29T16:35:35,1
54671536,2026-08-29T16:54:35,2026-08-29T16:54:35,1
54671539,2026-08-29T16:30:04,2026-08-29T16:30:04,1
54671540,2026-08-29T16:35:13,2026-08-29T16:35:13,1
54671569,2026-08-29T16:29:04,2026-08-29T16:29:04,1
54671570,2026-08-29T16:29:24,2026-08-29T16:29:24,1
54671575,2026-08-29T16:48:34,2026-08-29T16:48:34,1
54671631,2026-08-29T16:52:39,2026-08-29T16:52:39,1
54671632,2026-08-29T16:48:24,2026-08-29T16:48:24,1
54671633,2026-08-29T16:48:20,2026-08-29T16:48:20,1
54671640,2026-08-29T16:48:20,2026-08-29T16:48:20,1
54671649,2026-08-29T16:48:14,2026-08-29T16:48:14,1
54671686,2026-08-29T16:53:53,2026-08-29T16:53:53,1
54671696,2026-08-29T16:53:53,2026-08-29T16:53:53,1
54671713,2026-08-29T16:53:53,2026-08-29T16:53:53,1
54671724,2026-08-29T16:53:50,2026-08-29T16:53:50,1
54671725,2026-08-29T16:53:50,2026-08-29T16:53:50,1
54671727,2026-08-29T16:53:53,2026-08-29T16:53:53,1
54671730,2026-08-29T16:48:04,2026-08-29T16:48:04,1
54671735,2026-08-29T16:29:52,2026-08-29T16:29:52,1
54671739,2026-08-29T17:07:46,2026-08-29T17:07:46,1
54671749,2026-08-29T16:48:02,2026-08-29T16:48:02,1
54671751,2026-08-29T16:48:02,2026-08-29T16:48:02,1
54671754,2026-08-29T17:05:10,2026-08-29T17:05:10,1
54671762,2026-08-29T16:48:02,2026-08-29T16:48:02,1
54671764,2026-08-29T16:48:02,2026-08-29T16:48:02,1
54671765,2026-08-29T16:47:59,2026-08-29T16:47:59,1
54671773,2026-08-29T16:47:59,2026-08-29T16:47:59,1
54671798,2026-08-29T16:47:59,2026-08-29T16:47:59,1
54671811,2026-08-29T16:47:55,2026-08-29T16:47:55,1
54671823,2026-08-29T16:47:55,2026-08-29T16:47:55,1
54671868,2026-08-29T17:05:28,2026-08-29T17:05:28,1
54671964,2026-08-29T16:40:28,2026-08-29T16:40:28,1
54671971,2026-08-29T16:53:50,2026-08-29T16:53:50,1
54671972,2026-08-29T16:53:50,2026-08-29T16:53:50,1
54671988,2026-08-29T16:54:14,2026-08-29T16:54:14,1
54672009,2026-08-29T17:06:52,2026-08-29T17:06:52,1
54672010,2026-08-29T16:53:50,2026-08-29T16:53:50,1
54672011,2026-08-29T16:54:32,2026-08-29T16:54:32,1
54672013,2026-08-29T17:06:52,2026-08-29T17:06:52,1
54672016,2026-08-29T16:47:46,2026-08-29T16:47:46,1
54672066,2026-08-29T16:54:32,2026-08-29T16:54:32,1
54672107,2026-08-29T16:41:14,2026-08-29T16:41:14,1
54672121,2026-08-29T16:52:39,2026-08-29T16:52:39,1
54672146,2026-08-29T16:29:55,2026-08-29T16:29:55,1
54672164,2026-08-29T16:54:32,2026-08-29T16:54:32,1
54672165,2026-08-29T16:54:32,2026-08-29T16:54:32,1
54672166,2026-08-29T16:54:32,2026-08-29T16:54:32,1
54672167,2026-08-29T16:54:32,2026-08-29T16:54:32,1
54672168,2026-08-29T16:54:32,2026-08-29T16:54:32,1
54672169,2026-08-29T16:54:32,2026-08-29T16:54:32,1
54672170,2026-08-29T16:54:30,2026-08-29T16:54:30,1
54672172,2026-08-29T16:54:30,2026-08-29T16:54:30,1
54672173,2026-08-29T16:54:30,2026-08-29T16:54:30,1
54672174,2026-08-29T16:54:30,2026-08-29T16:54:30,1
54672175,2026-08-29T16:54:30,2026-08-29T16:54:30,1
54672177,2026-08-29T16:54:30,2026-08-29T16:54:30,1
54672179,2026-08-29T16:54:30,2026-08-29T16:54:30,1
54672180,2026-08-29T16:54:30,2026-08-29T16:54:30,1
54672181,2026-08-29T16:54:30,2026-08-29T16:54:30,1
54672182,2026-08-29T16:54:30,2026-08-29T16:54:30,1
54672183,2026-08-29T16:54:30,2026-08-29T16:54:30,1
54672185,2026-08-29T16:54:30,2026-08-29T16:54:30,1
54672186,2026-08-29T16:54:30,2026-08-29T16:54:30,1
54672188,2026-08-29T16:54:30,2026-08-29T16:54:30,1
54672189,2026-08-29T16:54:30,2026-08-29T16:54:30,1
54672190,2026-08-29T16:54:30,2026-08-29T16:54:30,1
54672192,2026-08-29T16:54:30,2026-08-29T16:54:30,1
54672193,2026-08-29T16:54:30,2026-08-29T16:54:30,1
54672194,2026-08-29T16:54:30,2026-08-29T16:54:30,1
54672195,2026-08-29T16:54:30,2026-08-29T16:54:30,1
54672197,2026-08-29T16:54:30,2026-08-29T16:54:30,1
54672199,2026-08-29T16:54:30,2026-08-29T16:54:30,1
54672200,2026-08-29T16:54:30,2026-08-29T16:54:30,1
54672201,2026-08-29T16:54:30,2026-08-29T16:54:30,1
54672216,2026-08-29T16:29:52,2026-08-29T16:29:52,1
54672217,2026-08-29T16:47:28,2026-08-29T16:47:28,1
54672219,2026-08-29T16:53:05,2026-08-29T16:53:05,1
54672232,2026-08-29T16:53:50,2026-08-29T16:53:50,1
54672233,2026-08-29T16:53:50,2026-08-29T16:53:50,1
54672234,2026-08-29T16:53:47,2026-08-29T16:53:47,1
54672235,2026-08-29T16:47:28,2026-08-29T16:47:28,1
54672236,2026-08-29T16:47:28,2026-08-29T16:47:28,1
54672237,2026-08-29T16:47:28,2026-08-29T16:47:28,1
54672238,2026-08-29T16:53:22,2026-08-29T16:53:22,1
54672239,2026-08-29T16:47:25,2026-08-29T16:47:25,1
54672240,2026-08-29T16:47:28,2026-08-29T16:47:28,1
54672241,2026-08-29T16:47:25,2026-08-29T16:47:25,1
54672242,2026-08-29T16:47:25,2026-08-29T16:47:25,1
54672243,2026-08-29T16:47:25,2026-08-29T16:47:25,1
54672244,2026-08-29T16:47:25,2026-08-29T16:47:25,1
54672245,2026-08-29T16:47:25,2026-08-29T16:47:25,1
54672246,2026-08-29T16:47:22,2026-08-29T16:47:22,1
54672247,2026-08-29T16:47:25,2026-08-29T16:47:25,1
54672248,2026-08-29T16:47:25,2026-08-29T16:47:25,1
54672249,2026-08-29T16:47:22,2026-08-29T16:47:22,1
54672250,2026-08-29T16:52:52,2026-08-29T16:52:52,1
54672251,2026-08-29T16:53:05,2026-08-29T16:53:05,1
54672252,2026-08-29T16:47:22,2026-08-29T16:47:22,1
54672253,2026-08-29T16:47:22,2026-08-29T16:47:22,1
54672254,2026-08-29T16:47:22,2026-08-29T16:47:22,1
54672255,2026-08-29T16:47:22,2026-08-29T16:47:22,1
54672269,2026-08-29T16:29:52,2026-08-29T16:29:52,1
54672276,2026-08-29T16:54:25,2026-08-29T16:54:25,1
54672278,2026-08-29T16:47:19,2026-08-29T16:47:19,1
54672279,2026-08-29T16:54:25,2026-08-29T16:54:25,1
54672280,2026-08-29T16:54:25,2026-08-29T16:54:25,1
54672283,2026-08-29T16:54:25,2026-08-29T16:54:25,1
54672284,2026-08-29T16:54:25,2026-08-29T16:54:25,1
54672286,2026-08-29T16:54:25,2026-08-29T16:54:25,1
54672292,2026-08-29T16:32:56,2026-08-29T16:32:56,1
54672301,2026-08-29T16:29:52,2026-08-29T16:29:52,1
54672304,2026-08-29T16:32:56,2026-08-29T16:32:56,1
54672366,2026-08-29T16:47:16,2026-08-29T16:47:16,1
54672367,2026-08-29T16:47:13,2026-08-29T16:47:13,1
54672368,2026-08-29T16:47:13,2026-08-29T16:47:13,1
54672369,2026-08-29T17:06:36,2026-08-29T17:06:36,1
54672376,2026-08-29T16:47:13,2026-08-29T16:47:13,1
54672378,2026-08-29T16:29:55,2026-08-29T16:29:55,1
54672383,2026-08-29T16:53:28,2026-08-29T16:53:28,1
54672387,2026-08-29T17:06:36,2026-08-29T17:06:36,1
54672401,2026-08-29T16:41:14,2026-08-29T16:41:14,1
54672530,2026-08-29T16:47:10,2026-08-29T16:47:10,1
54672588,2026-08-29T16:38:06,2026-08-29T16:38:06,1
54672680,2026-08-29T16:47:03,2026-08-29T16:47:03,1
54672704,2026-08-29T17:06:06,2026-08-29T17:06:06,1
54672710,2026-08-29T16:46:41,2026-08-29T16:46:41,1
54672774,2026-08-29T16:46:31,2026-08-29T16:46:31,1
54672778,2026-08-29T17:06:32,2026-08-29T17:06:32,1
54672787,2026-08-29T16:46:31,2026-08-29T16:46:31,1
54672812,2026-08-29T16:46:29,2026-08-29T16:46:29,1
54672865,2026-08-29T16:46:29,2026-08-29T16:46:29,1
54672883,2026-08-29T16:29:35,2026-08-29T16:29:35,1
54673014,2026-08-29T16:46:22,2026-08-29T16:46:22,1
54673037,2026-08-29T16:46:22,2026-08-29T16:46:22,1
54673057,2026-08-29T16:46:22,2026-08-29T16:46:22,1
54673117,2026-08-29T16:34:05,2026-08-29T16:34:05,1
54673120,2026-08-29T16:46:16,2026-08-29T16:46:16,1
54673131,2026-08-29T16:34:50,2026-08-29T16:34:50,1
54673137,2026-08-29T16:46:10,2026-08-29T16:46:10,1
54673149,2026-08-29T16:46:07,2026-08-29T16:46:07,1
54673159,2026-08-29T16:29:43,2026-08-29T16:29:43,1
54673160,2026-08-29T16:29:43,2026-08-29T16:29:43,1
54673165,2026-08-29T16:29:59,2026-08-29T16:29:59,1
54673183,2026-08-29T16:53:15,2026-08-29T16:53:15,1
54673193,2026-08-29T16:33:59,2026-08-29T16:33:59,1
54673195,2026-08-29T16:45:58,2026-08-29T16:45:58,1
54673202,2026-08-29T16:52:22,2026-08-29T16:52:22,1
54673204,2026-08-29T16:45:58,2026-08-29T16:45:58,1
54673207,2026-08-29T16:33:55,2026-08-29T16:33:55,1
54673217,2026-08-29T16:45:55,2026-08-29T16:45:55,1
54673220,2026-08-29T16:45:49,2026-08-29T16:45:49,1
54673222,2026-08-29T16:45:55,2026-08-29T16:45:55,1
54673224,2026-08-29T16:39:14,2026-08-29T16:39:14,1
54673231,2026-08-29T16:34:22,2026-08-29T16:34:22,1
54673232,2026-08-29T16:52:22,2026-08-29T16:52:22,1
54673302,2026-08-29T16:34:26,2026-08-29T16:34:26,1
54673323,2026-08-29T16:45:28,2026-08-29T16:45:28,1
54673326,2026-08-29T16:45:28,2026-08-29T16:45:28,1
54673335,2026-08-29T16:34:16,2026-08-29T16:34:16,1
54673338,2026-08-29T16:53:15,2026-08-29T16:53:15,1
54673345,2026-08-29T16:45:19,2026-08-29T16:45:19,1
54673349,2026-08-29T16:45:15,2026-08-29T16:45:15,1
54673350,2026-08-29T16:45:15,2026-08-29T16:45:15,1
54673351,2026-08-29T16:45:15,2026-08-29T16:45:15,1
54673352,2026-08-29T16:45:15,2026-08-29T16:45:15,1
54673415,2026-08-29T16:45:02,2026-08-29T16:45:02,1
54673425,2026-08-29T16:45:02,2026-08-29T16:45:02,1
54673435,2026-08-29T16:44:56,2026-08-29T16:44:56,1
54673437,2026-08-29T16:44:56,2026-08-29T16:44:56,1
54673461,2026-08-29T16:44:53,2026-08-29T16:44:53,1
54673469,2026-08-29T16:44:53,2026-08-29T16:44:53,1
54673499,2026-08-29T16:41:57,2026-08-29T16:41:57,1
54673502,2026-08-29T16:44:40,2026-08-29T16:44:40,1
54673509,2026-08-29T16:44:47,2026-08-29T16:44:47,1
54673523,2026-08-29T16:31:09,2026-08-29T16:31:09,1
54673526,2026-08-29T16:44:37,2026-08-29T16:44:37,1
54673549,2026-08-29T16:44:16,2026-08-29T16:44:16,1
54673553,2026-08-29T16:44:37,2026-08-29T16:44:37,1
54673571,2026-08-29T16:44:26,2026-08-29T16:44:26,1
54673584,2026-08-29T16:44:29,2026-08-29T16:44:29,1
54673592,2026-08-29T16:44:26,2026-08-29T16:44:26,1
54673593,2026-08-29T16:44:26,2026-08-29T16:44:26,1
54673618,2026-08-29T17:05:22,2026-08-29T17:05:22,1
54673656,2026-08-29T17:05:10,2026-08-29T17:05:10,1
54673680,2026-08-29T16:44:05,2026-08-29T16:44:05,1
54673686,2026-08-29T16:44:05,2026-08-29T16:44:05,1
54673688,2026-08-29T16:30:52,2026-08-29T16:30:52,1
54673732,2026-08-29T16:43:59,2026-08-29T16:43:59,1
54673769,2026-08-29T16:43:55,2026-08-29T16:43:55,1
54673777,2026-08-29T16:43:55,2026-08-29T16:43:55,1
54673783,2026-08-29T16:43:55,2026-08-29T16:43:55,1
54673815,2026-08-29T16:33:52,2026-08-29T16:33:52,1
54673817,2026-08-29T17:06:15,2026-08-29T17:06:15,1
54673821,2026-08-29T16:29:39,2026-08-29T16:29:39,1
54673832,2026-08-29T16:53:15,2026-08-29T16:53:15,1
54673834,2026-08-29T16:43:49,2026-08-29T16:43:49,1
54673838,2026-08-29T17:06:15,2026-08-29T17:06:15,1
54673840,2026-08-29T16:53:15,2026-08-29T16:53:15,1
54673857,2026-08-29T16:53:15,2026-08-29T16:53:15,1
54673862,2026-08-29T16:43:49,2026-08-29T16:43:49,1
54673872,2026-08-29T16:43:49,2026-08-29T16:43:49,1
54673875,2026-08-29T16:53:05,2026-08-29T16:53:05,1
54673914,2026-08-29T16:33:43,2026-08-29T16:33:43,1
54673917,2026-08-29T16:43:39,2026-08-29T16:43:39,1
54673920,2026-08-29T16:43:39,2026-08-29T16:43:39,1
54673945,2026-08-29T16:43:33,2026-08-29T16:43:33,1
54673949,2026-08-29T16:43:30,2026-08-29T16:43:30,1
54673961,2026-08-29T16:30:49,2026-08-29T16:30:49,1
54673966,2026-08-29T16:52:39,2026-08-29T16:52:39,1
54673978,2026-08-29T16:52:39,2026-08-29T16:52:39,1
54674044,2026-08-29T16:43:10,2026-08-29T16:43:10,1
54674045,2026-08-29T16:43:07,2026-08-29T16:43:07,1
54674052,2026-08-29T16:40:02,2026-08-29T16:40:02,1
54674054,2026-08-29T16:43:07,2026-08-29T16:43:07,1
54674061,2026-08-29T16:43:07,2026-08-29T16:43:07,1
54674062,2026-08-29T16:43:04,2026-08-29T16:43:04,1
54674070,2026-08-29T16:36:10,2026-08-29T16:36:10,1
54674075,2026-08-29T16:43:04,2026-08-29T16:43:04,1
54674076,2026-08-29T16:36:07,2026-08-29T16:36:07,1
54674080,2026-08-29T17:06:06,2026-08-29T17:06:06,1
54674081,2026-08-29T16:42:32,2026-08-29T16:42:32,1
54674083,2026-08-29T16:41:57,2026-08-29T16:41:57,1
54674089,2026-08-29T16:42:39,2026-08-29T16:42:39,1
54674098,2026-08-29T16:52:36,2026-08-29T16:52:36,1
54674195,2026-08-29T16:53:15,2026-08-29T16:53:15,1
54674200,2026-08-29T16:42:12,2026-08-29T16:42:12,1
54674262,2026-08-29T16:41:57,2026-08-29T16:41:57,1
54674263,2026-08-29T17:06:06,2026-08-29T17:06:06,1
54674275,2026-08-29T16:41:48,2026-08-29T16:41:48,1
54674286,2026-08-29T16:41:43,2026-08-29T16:41:43,1
54674352,2026-08-29T16:41:35,2026-08-29T16:41:35,1
54674360,2026-08-29T16:41:35,2026-08-29T16:41:35,1
54674401,2026-08-29T16:41:09,2026-08-29T16:41:09,1
54674468,2026-08-29T16:28:42,2026-08-29T16:28:42,1
54674489,2026-08-29T16:41:22,2026-08-29T16:41:22,1
54674575,2026-08-29T16:52:36,2026-08-29T16:52:36,1
54674592,2026-08-29T16:41:09,2026-08-29T16:41:09,1
54674665,2026-08-29T16:30:49,2026-08-29T16:30:49,1
54674747,2026-08-29T16:29:35,2026-08-29T16:29:35,1
54674756,2026-08-29T16:33:02,2026-08-29T16:33:02,1
54674760,2026-08-29T16:40:40,2026-08-29T16:40:40,1
54674813,2026-08-29T16:40:36,2026-08-29T16:40:36,1
54674831,2026-08-29T16:52:36,2026-08-29T16:52:36,1
54674848,2026-08-29T16:32:56,2026-08-29T16:32:56,1
54674854,2026-08-29T16:40:23,2026-08-29T16:40:23,1
54674865,2026-08-29T16:53:41,2026-08-29T16:53:41,1
54674878,2026-08-29T16:40:32,2026-08-29T16:40:32,1
54674895,2026-08-29T16:40:32,2026-08-29T16:40:32,1
54674897,2026-08-29T16:40:32,2026-08-29T16:40:32,1
54674925,2026-08-29T16:53:41,2026-08-29T16:53:41,1
54674955,2026-08-29T16:41:09,2026-08-29T16:41:09,1
54674966,2026-08-29T16:53:41,2026-08-29T16:53:41,1
54674978,2026-08-29T16:53:41,2026-08-29T16:53:41,1
54674980,2026-08-29T16:40:10,2026-08-29T16:40:10,1
54674990,2026-08-29T16:40:07,2026-08-29T16:40:07,1
54675067,2026-08-29T16:54:42,2026-08-29T16:54:42,1
54675095,2026-08-29T16:34:33,2026-08-29T16:34:33,1
54675110,2026-08-29T16:39:38,2026-08-29T16:39:38,1
54675121,2026-08-29T16:39:38,2026-08-29T16:39:38,1
54675152,2026-08-29T16:39:26,2026-08-29T16:39:26,1
54675183,2026-08-29T17:07:56,2026-08-29T17:07:56,1
54675216,2026-08-29T16:29:17,2026-08-29T16:29:17,1
54675244,2026-08-29T16:38:32,2026-08-29T16:38:32,1
54675300,2026-08-29T16:29:14,2026-08-29T16:29:14,1
54675316,2026-08-29T16:53:15,2026-08-29T16:53:15,1
54675368,2026-08-29T16:52:31,2026-08-29T16:52:31,1
54675402,2026-08-29T16:41:39,2026-08-29T16:41:39,1
54675403,2026-08-29T17:06:12,2026-08-29T17:06:12,1
54675415,2026-08-29T17:07:56,2026-08-29T17:07:56,1
54675435,2026-08-29T16:53:28,2026-08-29T16:53:28,1
54675471,2026-08-29T16:37:43,2026-08-29T16:37:43,1
54675472,2026-08-29T16:54:22,2026-08-29T16:54:22,1
54675475,2026-08-29T16:54:22,2026-08-29T16:54:22,1
54675544,2026-08-29T16:30:04,2026-08-29T16:30:04,1
54675552,2026-08-29T16:36:22,2026-08-29T16:36:22,1
54675566,2026-08-29T16:53:38,2026-08-29T16:53:38,1
54675570,2026-08-29T16:53:38,2026-08-29T16:53:38,1
54675576,2026-08-29T16:53:38,2026-08-29T16:53:38,1
54675587,2026-08-29T16:53:38,2026-08-29T16:53:38,1
54675604,2026-08-29T16:42:01,2026-08-29T16:42:01,1
54675608,2026-08-29T16:53:38,2026-08-29T16:53:38,1
54675610,2026-08-29T16:53:38,2026-08-29T16:53:38,1
54675638,2026-08-29T16:31:17,2026-08-29T16:31:17,1
54675642,2026-08-29T16:54:42,2026-08-29T16:54:42,1
54675670,2026-08-29T16:35:59,2026-08-29T16:35:59,1
54675671,2026-08-29T16:35:55,2026-08-29T16:35:55,1
54675676,2026-08-29T16:35:55,2026-08-29T16:35:55,1
54675678,2026-08-29T16:35:51,2026-08-29T16:35:51,1
54675682,2026-08-29T16:35:47,2026-08-29T16:35:47,1
54675683,2026-08-29T16:35:43,2026-08-29T16:35:43,1
54675700,2026-08-29T16:35:39,2026-08-29T16:35:39,1
54675822,2026-08-29T16:40:16,2026-08-29T16:40:16,1
54675823,2026-08-29T16:52:29,2026-08-29T16:52:29,1
54675830,2026-08-29T16:52:29,2026-08-29T16:52:29,1
54675831,2026-08-29T16:54:11,2026-08-29T16:54:11,1
54675835,2026-08-29T16:35:03,2026-08-29T16:35:03,1
54675836,2026-08-29T16:40:48,2026-08-29T16:40:48,1
54675895,2026-08-29T16:34:59,2026-08-29T16:34:59,1
54675897,2026-08-29T16:34:59,2026-08-29T16:34:59,1
54675913,2026-08-29T16:30:45,2026-08-29T16:30:45,1
54675933,2026-08-29T16:28:53,2026-08-29T16:28:53,1
54675934,2026-08-29T16:29:14,2026-08-29T16:29:14,1
54675940,2026-08-29T16:34:50,2026-08-29T16:34:50,1
54675955,2026-08-29T16:34:41,2026-08-29T16:34:41,1
54675958,2026-08-29T16:30:41,2026-08-29T16:30:41,1
54675961,2026-08-29T17:06:00,2026-08-29T17:06:00,1
54675966,2026-08-29T16:52:55,2026-08-29T16:52:55,1
54675969,2026-08-29T16:34:33,2026-08-29T16:34:33,1
54675972,2026-08-29T16:34:33,2026-08-29T16:34:33,1
54675981,2026-08-29T16:34:30,2026-08-29T16:34:30,1
54675982,2026-08-29T16:34:30,2026-08-29T16:34:30,1
54675984,2026-08-29T16:34:30,2026-08-29T16:34:30,1
54675995,2026-08-29T17:05:42,2026-08-29T17:05:42,1
54675997,2026-08-29T16:34:26,2026-08-29T16:34:26,1
54675999,2026-08-29T16:34:22,2026-08-29T16:34:22,1
54676001,2026-08-29T16:34:22,2026-08-29T16:34:22,1
54676002,2026-08-29T16:34:22,2026-08-29T16:34:22,1
54676003,2026-08-29T16:34:19,2026-08-29T16:34:19,1
54676006,2026-08-29T16:29:14,2026-08-29T16:29:14,1
54676008,2026-08-29T16:34:16,2026-08-29T16:34:16,1
54676012,2026-08-29T16:53:12,2026-08-29T16:53:12,1
54676013,2026-08-29T16:29:11,2026-08-29T16:29:11,1
54676014,2026-08-29T16:34:16,2026-08-29T16:34:16,1
54676015,2026-08-29T16:34:13,2026-08-29T16:34:13,1
54676033,2026-08-29T16:34:05,2026-08-29T16:34:05,1
54676043,2026-08-29T17:05:13,2026-08-29T17:05:13,1
54676044,2026-08-29T16:34:02,2026-08-29T16:34:02,1
54676045,2026-08-29T16:34:02,2026-08-29T16:34:02,1
54676049,2026-08-29T16:52:29,2026-08-29T16:52:29,1
54676051,2026-08-29T16:53:12,2026-08-29T16:53:12,1
54676057,2026-08-29T17:05:39,2026-08-29T17:05:39,1
54676067,2026-08-29T16:33:52,2026-08-29T16:33:52,1
54676069,2026-08-29T16:29:11,2026-08-29T16:29:11,1
54676075,2026-08-29T16:38:59,2026-08-29T16:38:59,1
54676078,2026-08-29T16:52:55,2026-08-29T16:52:55,1
54676080,2026-08-29T16:33:52,2026-08-29T16:33:52,1
54676081,2026-08-29T16:38:59,2026-08-29T16:38:59,1
54676096,2026-08-29T16:33:46,2026-08-29T16:33:46,1
54676104,2026-08-29T16:53:31,2026-08-29T16:53:31,1
54676126,2026-08-29T17:05:22,2026-08-29T17:05:22,1
54676138,2026-08-29T16:52:55,2026-08-29T16:52:55,1
54676140,2026-08-29T16:33:27,2026-08-29T16:33:27,1
54676142,2026-08-29T16:33:22,2026-08-29T16:33:22,1
54676149,2026-08-29T16:29:11,2026-08-29T16:29:11,1
54676157,2026-08-29T16:33:15,2026-08-29T16:33:15,1
54676180,2026-08-29T16:33:12,2026-08-29T16:33:12,1
54676185,2026-08-29T16:33:12,2026-08-29T16:33:12,1
54676187,2026-08-29T16:52:29,2026-08-29T16:52:29,1
54676191,2026-08-29T16:53:31,2026-08-29T16:53:31,1
54676216,2026-08-29T16:52:29,2026-08-29T16:52:29,1
54676219,2026-08-29T16:30:04,2026-08-29T16:30:04,1
54676222,2026-08-29T16:33:02,2026-08-29T16:33:02,1
54676233,2026-08-29T16:32:59,2026-08-29T16:32:59,1
54676239,2026-08-29T16:52:29,2026-08-29T16:52:29,1
54676249,2026-08-29T16:30:15,2026-08-29T16:30:15,1
54676256,2026-08-29T16:32:53,2026-08-29T16:32:53,1
54676260,2026-08-29T16:29:31,2026-08-29T16:29:31,1
54676261,2026-08-29T16:29:31,2026-08-29T16:29:31,1
54676262,2026-08-29T16:29:31,2026-08-29T16:29:31,1
54676274,2026-08-29T16:32:47,2026-08-29T16:32:47,1
54676285,2026-08-29T16:32:47,2026-08-29T16:32:47,1
54676289,2026-08-29T16:52:29,2026-08-29T16:52:29,1
54676299,2026-08-29T16:30:30,2026-08-29T16:30:30,1
54676315,2026-08-29T16:32:47,2026-08-29T16:32:47,1
54676318,2026-08-29T16:32:44,2026-08-29T16:32:44,1
54676320,2026-08-29T16:41:35,2026-08-29T16:41:35,1
54676327,2026-08-29T16:32:44,2026-08-29T16:32:44,1
54676331,2026-08-29T16:32:44,2026-08-29T16:32:44,1
54676341,2026-08-29T16:52:25,2026-08-29T16:52:25,1
54676365,2026-08-29T16:32:35,2026-08-29T16:32:35,1
54676383,2026-08-29T16:32:32,2026-08-29T16:32:32,1
54676393,2026-08-29T16:32:28,2026-08-29T16:32:28,1
54676402,2026-08-29T16:32:26,2026-08-29T16:32:26,1
54676406,2026-08-29T16:31:38,2026-08-29T16:31:38,1
54676415,2026-08-29T16:32:22,2026-08-29T16:32:22,1
54676418,2026-08-29T16:32:22,2026-08-29T16:32:22,1
54676428,2026-08-29T16:32:22,2026-08-29T16:32:22,1
54676429,2026-08-29T16:40:43,2026-08-29T16:40:43,1
54676443,2026-08-29T17:05:42,2026-08-29T17:05:42,1
54676447,2026-08-29T17:05:36,2026-08-29T17:05:36,1
54676455,2026-08-29T16:38:59,2026-08-29T16:38:59,1
54676458,2026-08-29T16:32:06,2026-08-29T16:32:06,1
54676479,2026-08-29T17:05:28,2026-08-29T17:05:28,1
54676494,2026-08-29T16:31:54,2026-08-29T16:31:54,1
54676511,2026-08-29T16:31:54,2026-08-29T16:31:54,1
54676518,2026-08-29T16:29:31,2026-08-29T16:29:31,1
54676519,2026-08-29T16:54:38,2026-08-29T16:54:38,1
54676523,2026-08-29T16:30:52,2026-08-29T16:30:52,1
54676527,2026-08-29T16:31:51,2026-08-29T16:31:51,1
54676528,2026-08-29T16:31:51,2026-08-29T16:31:51,1
54676530,2026-08-29T16:31:51,2026-08-29T16:31:51,1
54676538,2026-08-29T16:53:25,2026-08-29T16:53:25,1
54676547,2026-08-29T16:31:44,2026-08-29T16:31:44,1
54676548,2026-08-29T16:31:44,2026-08-29T16:31:44,1
54676550,2026-08-29T16:31:44,2026-08-29T16:31:44,1
54676562,2026-08-29T16:31:41,2026-08-29T16:31:41,1
54676565,2026-08-29T16:31:41,2026-08-29T16:31:41,1
54676567,2026-08-29T16:53:31,2026-08-29T16:53:31,1
54676578,2026-08-29T16:53:31,2026-08-29T16:53:31,1
54676583,2026-08-29T16:31:38,2026-08-29T16:31:38,1
54676585,2026-08-29T16:31:30,2026-08-29T16:31:30,1
54676591,2026-08-29T16:31:27,2026-08-29T16:31:27,1
54676597,2026-08-29T16:31:27,2026-08-29T16:31:27,1
54676600,2026-08-29T16:52:58,2026-08-29T16:52:58,1
54676608,2026-08-29T16:31:21,2026-08-29T16:31:21,1
54676609,2026-08-29T17:05:19,2026-08-29T17:05:19,1
54676620,2026-08-29T16:52:25,2026-08-29T16:52:25,1
54676645,2026-08-29T16:52:25,2026-08-29T16:52:25,1
54676669,2026-08-29T16:31:09,2026-08-29T16:31:09,1
54676681,2026-08-29T16:31:05,2026-08-29T16:31:05,1
54676682,2026-08-29T16:31:05,2026-08-29T16:31:05,1
54676684,2026-08-29T16:31:00,2026-08-29T16:31:00,1
54676701,2026-08-29T16:30:07,2026-08-29T16:30:07,1
54676716,2026-08-29T16:30:52,2026-08-29T16:30:52,1
54676727,2026-08-29T16:38:14,2026-08-29T16:38:14,1
54676739,2026-08-29T16:52:25,2026-08-29T16:52:25,1
54676780,2026-08-29T16:30:34,2026-08-29T16:30:34,1
54676783,2026-08-29T16:30:34,2026-08-29T16:30:34,1
54676815,2026-08-29T16:28:49,2026-08-29T16:28:49,1
54676830,2026-08-29T16:52:25,2026-08-29T16:52:25,1
54676832,2026-08-29T17:05:10,2026-08-29T17:05:10,1
54676833,2026-08-29T16:30:19,2026-08-29T16:30:19,1
54676840,2026-08-29T16:30:15,2026-08-29T16:30:15,1
54676841,2026-08-29T16:54:19,2026-08-29T16:54:19,1
54676843,2026-08-29T16:30:15,2026-08-29T16:30:15,1
54676846,2026-08-29T17:06:03,2026-08-29T17:06:03,1
54676870,2026-08-29T16:30:07,2026-08-29T16:30:07,1
54676875,2026-08-29T16:54:11,2026-08-29T16:54:11,1
54676885,2026-08-29T16:30:04,2026-08-29T16:30:04,1
54676888,2026-08-29T16:30:04,2026-08-29T16:30:04,1
54676893,2026-08-29T16:52:25,2026-08-29T16:52:25,1
54676900,2026-08-29T16:29:59,2026-08-29T16:29:59,1
54676906,2026-08-29T16:29:04,2026-08-29T16:29:04,1
54676914,2026-08-29T16:53:09,2026-08-29T16:53:09,1
54676919,2026-08-29T16:29:55,2026-08-29T16:29:55,1
54676925,2026-08-29T16:52:25,2026-08-29T16:52:25,1
54676932,2026-08-29T16:54:38,2026-08-29T16:54:38,1
54676945,2026-08-29T16:29:52,2026-08-29T16:29:52,1
54676951,2026-08-29T17:05:22,2026-08-29T17:05:22,1
54676971,2026-08-29T16:29:39,2026-08-29T16:29:39,1
54676985,2026-08-29T17:05:22,2026-08-29T17:05:22,1
54676988,2026-08-29T17:05:13,2026-08-29T17:05:13,1
54676991,2026-08-29T16:29:43,2026-08-29T16:29:43,1
54676997,2026-08-29T16:29:43,2026-08-29T16:29:43,1
54677003,2026-08-29T16:29:43,2026-08-29T16:29:43,1
54677011,2026-08-29T16:29:39,2026-08-29T16:29:39,1
54677013,2026-08-29T16:29:39,2026-08-29T16:29:39,1
54677020,2026-08-29T16:38:55,2026-08-29T16:38:55,1
54677031,2026-08-29T16:29:35,2026-08-29T16:29:35,1
54677044,2026-08-29T16:53:31,2026-08-29T16:53:31,1
54677047,2026-08-29T16:28:42,2026-08-29T16:28:42,1
54677064,2026-08-29T16:52:48,2026-08-29T16:52:48,1
54677088,2026-08-29T16:52:22,2026-08-29T16:52:22,1
54677090,2026-08-29T16:29:17,2026-08-29T16:29:17,1
54677106,2026-08-29T16:29:20,2026-08-29T16:29:20,1
54677107,2026-08-29T16:29:20,2026-08-29T16:29:20,1
54677111,2026-08-29T16:29:17,2026-08-29T16:29:17,1
54677113,2026-08-29T16:28:42,2026-08-29T16:28:42,1
54677135,2026-08-29T16:52:25,2026-08-29T16:52:25,1
54677151,2026-08-29T16:40:32,2026-08-29T16:40:32,1
54677192,2026-08-29T16:53:09,2026-08-29T16:53:09,1
54677193,2026-08-29T16:54:38,2026-08-29T16:54:38,1
54677202,2026-08-29T16:53:31,2026-08-29T16:53:31,1
54677203,2026-08-29T16:53:02,2026-08-29T16:53:02,1
54677204,2026-08-29T16:53:09,2026-08-29T16:53:09,1
54677217,2026-08-29T16:28:56,2026-08-29T16:28:56,1
54677219,2026-08-29T16:31:09,2026-08-29T16:31:09,1
54677221,2026-08-29T16:31:21,2026-08-29T16:31:21,1
54677228,2026-08-29T16:31:13,2026-08-29T16:31:13,1
54677231,2026-08-29T16:31:13,2026-08-29T16:31:13,1
54677232,2026-08-29T16:28:53,2026-08-29T16:28:53,1
54677242,2026-08-29T16:28:49,2026-08-29T16:28:49,1
54677265,2026-08-29T16:28:45,2026-08-29T16:28:45,1
54677279,2026-08-29T16:52:25,2026-08-29T16:52:25,1
54677286,2026-08-29T17:05:10,2026-08-29T17:05:10,1
54677287,2026-08-29T17:05:10,2026-08-29T17:05:10,1
54677327,2026-08-29T17:05:13,2026-08-29T17:05:13,1
54677367,2026-08-29T17:05:10,2026-08-29T17:05:10,1
54677370,2026-08-29T17:05:10,2026-08-29T17:05:10,1
